Timestamp,Elapsed Time[s],num_data_Avg,Rxy_X[ohms],Rxy_Y[ohms],Ryx_X[ohms],Ryx_Y[ohms],Rxx_X[ohms],Rxx_Y[ohms],Field_Digital[T],Field_Analog[T],T_VTI[K],T_Sample[K],V_LED_R[V]
2024-06-18 17:07:48.168373,0.002018451690673828,1,182.14991130932518,-2.4954741409048657,-199.52484550767835,2.113378412272838,147.2715146336281,-1.87845923088147,0.5001,0.5023,192.999,199.636,-0.00145489857
2024-06-18 17:07:49.189799,1.0234448909759521,1,181.99483760999507,-2.5477925430522546,-199.64010715122828,2.160956269221925,147.27426173705607,-1.7535725390589108,0.5001,0.5023,192.999,199.637,-0.00145292574
2024-06-18 17:07:50.193920,2.0275657176971436,1,182.29967965038352,-2.63956711778007,-199.39839496880458,2.1364335232428235,147.2784662619929,-1.8817084323923623,0.5001,0.5022,192.999,199.636,-0.00145932042
2024-06-18 17:07:51.218216,3.0518617630004883,1,182.14959904133786,-2.4867400836258335,-199.5164328324928,2.0378654601286135,147.3175511365417,-1.8123321733692455,0.5001,0.5023,193.0,199.636,-0.00145006854
2024-06-18 17:07:52.193941,4.027585983276367,1,182.16470721321068,-2.366006084662012,-199.54389392951558,2.143060657111425,147.28076695861975,-1.8784301198335824,0.5001,0.5023,193.0,199.636,-0.001451157
2024-06-18 17:07:53.210101,5.043745994567871,1,182.1723897604934,-2.4974118518704524,-199.45674705537172,2.243321532597231,147.27621709935053,-1.8652447982536497,0.5001,0.5023,193.0,199.635,-0.00145054474
2024-06-18 17:07:54.199835,6.033479928970337,1,182.17778922282636,-2.5294897781946153,-199.5312040033602,2.120401749391256,147.31594406298768,-1.9166632800220123,0.5007,0.5022,192.999,199.636,-0.00146347016
2024-06-18 17:07:55.233442,7.067087411880493,1,182.1966707498852,-2.434813376267943,-199.41082968021254,2.0755148155977343,147.33208633282064,-1.8593176808722824,0.5001,0.5023,193.0,199.635,-0.00145224546
2024-06-18 17:07:56.232191,8.065836668014526,1,182.39046953197177,-2.43403830710628,-199.40849462438058,2.1183806962616503,147.28845003431576,-1.8946551626495791,0.4991,0.5023,193.0,199.637,-0.00145047671
2024-06-18 17:07:57.248569,9.082215070724487,1,181.67105772240964,-2.4931131615006317,-199.88273281337024,2.2576446195443634,147.03395507857542,-1.7906995955910572,0.5001,0.5023,193.0,199.636,-0.00144707515
2024-06-18 17:07:58.215319,10.048964500427246,1,182.27586776413438,-2.6095604881035714,-199.49570674566144,2.0726650902243486,147.25927271339623,-1.878867613510405,0.5001,0.5023,192.999,199.637,-0.00145163306
2024-06-18 17:07:59.217235,11.050880670547485,1,181.8792193250749,-2.52566489900288,-199.7025385836438,2.1770523172120897,147.1488786389947,-1.8345203330298923,0.4991,0.5023,193.0,199.637,-0.00144952426
2024-06-18 17:08:00.221224,12.054869413375854,1,181.91316518028026,-2.517760810800403,-199.69769977213127,2.0929773390446647,147.18234672130507,-1.9919149943716017,0.4996,0.5022,192.999,199.636,-0.00144673514
2024-06-18 17:08:01.225870,13.059515476226807,1,182.06756364084663,-2.5450613696765183,-199.57633362938137,2.202803067541348,147.31150112258476,-1.8037597684017252,0.4991,0.5023,193.0,199.637,-0.00145408223
2024-06-18 17:08:02.252492,14.086137294769287,1,182.09573025161396,-2.504426890750324,-199.58195219776306,2.2171482771770616,147.30502691678973,-1.7947101596679904,0.4991,0.5023,193.0,199.636,-0.00145040868
2024-06-18 17:08:03.233382,15.067027807235718,1,182.22062630693713,-2.259894082149694,-199.51520629558453,2.1337400820725843,147.26442302325796,-1.815858448381682,0.5001,0.5023,193.0,199.637,-0.00145238151
2024-06-18 17:08:04.264703,16.098348379135132,1,182.19138651917547,-2.691139896880078,-199.5541479138385,2.099871508854492,147.24608646496694,-1.871965248948353,0.5001,0.5023,192.999,199.638,-0.001453198
2024-06-18 17:08:05.275323,17.10896873474121,1,181.82784600551085,-2.40910836017258,-199.68592493841757,2.212349820425714,147.16800668323924,-1.9492190210847993,0.5001,0.5022,192.999,199.635,-0.00145013671
2024-06-18 17:08:06.246322,18.079967737197876,1,182.10484940158724,-2.51154885890234,-199.48987852023183,2.015154428962582,147.2521475921969,-1.8762320901948821,0.4996,0.5023,192.999,199.636,-0.00145142911
2024-06-18 17:08:07.251132,19.08477783203125,1,182.0976378641797,-2.3921118376457224,-199.56277039418478,2.0330637475800244,147.25272819102804,-1.9284970125927396,0.5001,0.5023,192.999,199.637,-0.00144795966
2024-06-18 17:08:08.253936,20.087581157684326,1,182.591603389608,-2.3428139209557517,-199.40987155261573,2.0670935651031463,147.2630634144925,-1.8823222381102902,0.4996,0.5023,192.999,199.637,-0.00145115714
2024-06-18 17:08:09.259266,21.0929114818573,1,182.27614924187824,-2.2162053381920765,-199.5392144655364,2.110883006214616,147.24085315567982,-1.8880136052370935,0.4996,0.5023,193.0,199.637,-0.00145333405
2024-06-18 17:08:10.260608,22.094253540039062,1,182.21483865675228,-2.242880817273448,-199.5613505364919,2.109398645426448,147.23264822803654,-1.883290304135951,0.5001,0.5023,193.0,199.636,-0.00145299391
2024-06-18 17:08:11.289340,23.12298607826233,1,182.2716770161339,-2.4677299056398687,-199.3627970680463,2.196195409493929,147.2780996742192,-1.8683547301723884,0.4996,0.5022,193.0,199.637,-0.00144782374
2024-06-18 17:08:12.268112,24.101757049560547,1,182.14391031428931,-2.4678024210038165,-199.48370934566447,2.1170131321290957,147.36294635639578,-1.8972144110556226,0.4991,0.5022,193.0,199.637,-0.00144959248
2024-06-18 17:08:13.294334,25.12797975540161,1,182.0086035474646,-2.4369935115129904,-199.58667689347885,2.1048494792105235,147.35854581969534,-1.9696840146394141,0.5007,0.5022,192.999,199.637,-0.001450817
2024-06-18 17:08:14.271878,26.105523586273193,1,182.11872274318483,-2.5517207925912575,-199.5232958982871,2.1459119910326643,147.30304665860524,-1.9205179932234973,0.4991,0.5023,193.0,199.636,-0.00145285785
2024-06-18 17:08:15.302849,27.136494636535645,1,182.17503485200527,-2.4980666863992504,-199.4181099270329,1.848093701174273,147.24086653247718,-1.8497319471050868,0.4996,0.5023,192.999,199.636,-0.00144476232
2024-06-18 17:08:16.277257,28.110902309417725,1,182.27937157273894,-2.398886303767359,-199.4346292206803,2.0491842423153597,147.2903821731818,-1.8877827007497314,0.5001,0.5023,193.0,199.635,-0.00144435415
2024-06-18 17:08:17.301828,29.135473489761353,1,182.10642706988958,-2.3444421429981688,-199.56951888846726,2.1877524444488983,147.24423833742247,-1.9180303768539868,0.4991,0.5022,192.999,199.636,-0.00144802769
2024-06-18 17:08:18.301898,30.13554334640503,1,182.00717042326605,-2.360733480118789,-199.60943301449478,2.2777327488863284,147.19100119082208,-1.8524126898889164,0.4991,0.5023,193.0,199.638,-0.00144585077
2024-06-18 17:08:19.287544,31.12118935585022,1,182.15978243556083,-2.559990065824027,-199.4393123409215,2.0564665415674535,147.2835202445499,-1.9027733275497734,0.5001,0.5022,193.0,199.636,-0.00145142911
2024-06-18 17:08:20.293023,32.126667976379395,1,182.1474214792319,-2.501333881188532,-199.58339345017086,2.149048066554858,147.35623292202092,-1.8911012119317463,0.4996,0.5023,193.0,199.636,-0.00143932003
2024-06-18 17:08:21.296360,33.13000535964966,1,182.167831371157,-2.5068731669800144,-199.53146327471836,2.165601725050609,147.3705247758297,-1.8501963237310906,0.4996,0.5023,193.001,199.636,-0.00143870778
2024-06-18 17:08:22.319829,34.15347504615784,1,182.15613474192713,-2.4836684207581388,-199.50642163788692,2.15166400479619,147.3059180341782,-1.8899004378174526,0.5001,0.5022,193.0,199.637,-0.00144789163
2024-06-18 17:08:23.302933,35.13657832145691,1,182.16231047519784,-2.6183301667477714,-199.3940380418542,2.059753290354116,147.3155378130849,-1.89264631594412,0.5001,0.5022,192.999,199.635,-0.00144945629
2024-06-18 17:08:24.307866,36.14151167869568,1,182.1682008956689,-2.499317216536147,-199.43222962585702,2.2252641074575106,147.3006396261753,-1.8986171262225757,0.5001,0.5022,193.0,199.636,-0.001446395
2024-06-18 17:08:25.309008,37.142653703689575,1,182.1336211453531,-2.6197671123726027,-199.49358325930626,2.1043576751306063,147.3384950679061,-1.8236150729135707,0.4991,0.5022,193.0,199.636,-0.00145183728
2024-06-18 17:08:26.317939,38.15158462524414,1,182.12661699513532,-2.5585775442104643,-199.5461003557084,2.146761459281121,147.30295757119538,-1.9278583619090075,0.5001,0.5022,193.0,199.637,-0.00143986426
2024-06-18 17:08:27.318063,39.15170907974243,1,181.97320240146342,-2.5261173131710093,-199.54897240290637,1.9177976686422569,147.21624194102208,-1.9196822118846886,0.5001,0.5022,193.0,199.636,-0.00144408203
2024-06-18 17:08:28.319248,40.15289330482483,1,182.33245746857312,-2.583882280208277,-199.48080575496815,2.052979057412131,147.28429255747955,-1.884635565722503,0.5001,0.5023,193.0,199.637,-0.0014481636
2024-06-18 17:08:29.325941,41.159586668014526,1,182.2882823279993,-2.4222131526519095,-199.42504520074888,2.062267008102286,147.2958774876568,-1.8598731351232098,0.5007,0.5022,193.001,199.636,-0.00144346963
2024-06-18 17:08:30.341201,42.1748468875885,1,182.13041934683548,-2.516977714309003,-199.55876607679986,2.07077749541573,147.36194472485806,-1.8526307749043929,0.4996,0.5023,193.001,199.635,-0.00144619078
2024-06-18 17:08:31.331362,43.1650071144104,1,182.02651398224236,-2.486458151208399,-199.5771691498524,2.0327978405145717,147.31899541565596,-1.7914003285108973,0.4991,0.5022,193.001,199.636,-0.00144496626
2024-06-18 17:08:32.335729,44.169374227523804,1,182.03160743334337,-2.3390470582919938,-199.60341679819757,2.20548653057952,147.235350005634,-1.9384029942637007,0.4996,0.5022,193.001,199.637,-0.00145312969
2024-06-18 17:08:33.336555,45.17020082473755,1,182.16193261288026,-2.541545001487057,-199.4944398308181,2.100261734585847,147.28656057066945,-1.9083875068122034,0.4996,0.5022,193.002,199.637,-0.00145163306
2024-06-18 17:08:34.338112,46.1717574596405,1,182.17868296933753,-2.6027994652265285,-199.43332890516598,2.0991005178758746,147.30993170701137,-1.8460116611084394,0.5001,0.5022,193.001,199.637,-0.00145068066
2024-06-18 17:08:35.340545,47.174190282821655,1,182.2319290611407,-2.57262504020243,-199.43494460518696,2.125180781853264,147.2887874192387,-1.851930039088497,0.5001,0.5022,193.0,199.636,-0.00145034052
2024-06-18 17:08:36.342417,48.17606282234192,1,182.319299171332,-2.5323089001707877,-199.4526962774456,2.169122112008109,147.28906573473645,-1.9101432334614108,0.4996,0.5022,193.0,199.637,-0.00144585063
2024-06-18 17:08:37.368864,49.20250916481018,1,182.17689085951307,-2.4235060082112043,-199.51880948291253,2.1421799078182566,147.2853393309514,-1.8858829582451706,0.5001,0.5022,193.0,199.637,-0.00144639472
2024-06-18 17:08:38.350596,50.184241771698,1,182.25022420895533,-2.524940974852265,-199.3497705574635,2.1017993472452874,147.28104025114314,-1.8835716996209693,0.5001,0.5022,193.001,199.638,-0.00144272118
2024-06-18 17:08:39.350073,51.18371868133545,1,182.09642822351782,-2.5623285199946606,-199.54551434903112,1.92838928446922,147.21052265210957,-1.84376496590394,0.4991,0.5023,193.001,199.637,-0.00145020432
2024-06-18 17:08:40.352453,52.18609833717346,1,182.01336313122712,-2.4789692419782474,-199.5845858026074,1.9202768676702184,147.20656450259182,-1.845036916319879,0.4996,0.5023,193.0,199.637,-0.00144823149
2024-06-18 17:08:41.352972,53.186617612838745,1,182.16564265616816,-2.597649134501294,-199.44738903681593,2.117491449455543,147.3119065331952,-1.8383721570978515,0.4996,0.5022,193.001,199.636,-0.00144564641
2024-06-18 17:08:42.370173,54.20381808280945,1,182.09951397566613,-2.439924468166127,-199.52447941205128,2.1142306512165168,147.37843289411435,-1.8578723245403892,0.5007,0.5023,193.0,199.635,-0.00144836755
2024-06-18 17:08:43.360331,55.193976640701294,1,182.15535807976957,-2.4302454927726944,-199.51760366923065,2.1310432638444126,147.28161827008114,-1.9196949098140583,0.4996,0.5022,193.001,199.637,-0.00145000016
2024-06-18 17:08:44.365571,56.19921612739563,1,182.03075987462293,-2.5425672497505944,-199.58162066034023,1.9180177410986148,147.20982089930098,-1.8457426655578297,0.4991,0.5023,193.001,199.638,-0.00144319724
2024-06-18 17:08:45.366726,57.200371503829956,1,182.09890489289955,-2.4511036081216475,-199.53363064554213,2.109442624475826,147.3800595823522,-1.844450447375484,0.5007,0.5022,193.001,199.637,-0.00144557824
2024-06-18 17:08:46.369351,58.202996015548706,1,182.0031146773299,-2.283196441503018,-199.62898525586476,2.0978605699916866,147.35337962383716,-1.6864968565916956,0.5007,0.5022,193.001,199.636,-0.00145081643
2024-06-18 17:08:47.408722,59.2423677444458,1,182.1519692927097,-2.7127164746881114,-199.55951486467976,2.0938931328140034,147.22851734809845,-1.891633007981672,0.5001,0.5022,193.001,199.636,-0.00145435392
2024-06-18 17:08:48.379048,60.212693214416504,1,181.71912387521303,-2.378759383132282,-199.80394777366524,1.7854106604386977,147.08286750481133,-1.7380112831351806,0.5007,0.5022,193.001,199.636,-0.00145578251
2024-06-18 17:08:49.399529,61.23317503929138,1,182.22696794272403,-2.478967361479528,-199.4510569129203,2.0902628646690626,147.2697140608386,-1.8739450952918795,0.5001,0.5023,193.001,199.637,-0.00144639458
2024-06-18 17:08:50.386148,62.21979379653931,1,182.26919842172006,-2.29653559503358,-199.5072325535696,2.097301551781061,147.2497820215939,-1.9063472774246257,0.5001,0.5023,193.0,199.635,-0.00146176931
2024-06-18 17:08:51.389020,63.22266507148743,1,182.22307011005842,-2.455224291901307,-199.32035943578532,2.18510052975128,147.2910248114218,-1.869135454105809,0.4991,0.5023,193.0,199.636,-0.00144680303
2024-06-18 17:08:52.391198,64.22484374046326,1,182.37522650908875,-2.4773020931320255,-199.47865505166456,2.0919458452291324,147.30060086615015,-1.8711066468430935,0.5001,0.5022,193.0,199.636,-0.00145612294
2024-06-18 17:08:53.394766,65.22841119766235,1,182.33421327319292,-2.5518191403819785,-199.40229354304367,2.071005143037775,147.28541946002477,-1.8794222337949864,0.4991,0.5022,193.001,199.636,-0.00144904797
2024-06-18 17:08:54.400043,66.23368835449219,1,182.094910760421,-2.551486717864186,-199.52107318629854,2.1537090603626323,147.2870561638299,-1.9091111697886196,0.4991,0.5022,193.001,199.637,-0.00145224531
2024-06-18 17:08:55.404115,67.23776078224182,1,182.05278284811013,-2.3369770687688165,-199.60662169349402,2.039715450716243,147.2181720628675,-1.9390409730275848,0.4991,0.5022,193.001,199.636,-0.00145115686
2024-06-18 17:08:56.406665,68.24031114578247,1,182.26889622295292,-2.2860854773446957,-199.51468429672022,2.1148408203609677,147.24385240339475,-1.898048072303077,0.4991,0.5022,193.001,199.637,-0.00144700712
2024-06-18 17:08:57.411166,69.24481153488159,1,182.18362000671945,-2.4939587537032186,-199.4500819931567,2.0063910414578143,147.27943509160434,-1.8908693385483626,0.4985,0.5022,193.0,199.636,-0.00144231301
2024-06-18 17:08:58.445066,70.2787115573883,1,182.04645268619987,-2.498467477112445,-199.56585469075628,2.1231983037655917,147.41426161730323,-1.860305745381869,0.4991,0.5022,193.001,199.636,-0.00144421781
2024-06-18 17:08:59.424669,71.25831460952759,1,182.08878945138304,-2.5256451275100513,-199.54425360485317,2.0328826552455235,147.280077050789,-1.8182255006466324,0.4996,0.5022,193.001,199.638,-0.00144591852
2024-06-18 17:09:00.422321,72.25596642494202,1,182.09396407395155,-2.361000287438408,-199.5570313467439,2.1130409513358916,147.29393618887957,-1.7995001833196995,0.4996,0.5023,193.001,199.636,-0.00144244907
2024-06-18 17:09:01.428352,73.26199722290039,1,182.04669958822873,-2.606470223184147,-199.5583082621017,2.0946616433357574,147.35994882599795,-1.8275263045604415,0.4996,0.5022,193.001,199.635,-0.00144795966
2024-06-18 17:09:02.431182,74.26482725143433,1,182.01973403094036,-2.567218032839139,-199.57851536435868,2.094002505658935,147.3672919495736,-1.9663851297761605,0.4996,0.5022,193.002,199.635,-0.00144068061
2024-06-18 17:09:03.433609,75.26725506782532,1,182.08062324838556,-2.462207358707775,-199.56020358679982,2.1188315671015245,147.4050736480044,-1.8745415783153574,0.5001,0.5022,193.002,199.636,-0.0014497284
2024-06-18 17:09:04.445632,76.27927708625793,1,182.25746029257436,-2.511207340757653,-199.30104535030364,2.079813818290045,147.28589900097862,-1.8839569046544038,0.5001,0.5022,193.001,199.636,-0.00145319785
2024-06-18 17:09:05.479596,77.31324172019958,1,182.1182408766009,-2.4887068389432137,-199.55224934218535,2.1044347799790417,147.37129765383006,-1.937251177483037,0.5001,0.5022,193.0,199.637,-0.0014516332
2024-06-18 17:09:06.445831,78.27947688102722,1,182.1479732756629,-2.42987089106296,-199.54129202578991,2.1259693083334117,147.34129651012537,-1.9684482037390874,0.5007,0.5022,193.0,199.636,-0.00145176926
2024-06-18 17:09:07.450078,79.2837233543396,1,182.1217819668824,-2.5244105010531745,-199.54215638874888,2.1473047951457995,147.3338754090488,-1.8289629762593418,0.4991,0.5022,193.001,199.636,-0.00145469448
2024-06-18 17:09:08.452924,80.2865698337555,1,182.26854911670824,-2.617701528853864,-199.12012027556602,2.1188239072203516,147.28523205239316,-1.8879517069280591,0.4996,0.5022,193.001,199.637,-0.00145136108
2024-06-18 17:09:09.456282,81.2899272441864,1,182.08475560821586,-2.359753582670628,-199.52505429108393,2.1211799701607936,147.28008260835315,-1.8277888795308865,0.4991,0.5022,193.001,199.636,-0.00145517068
2024-06-18 17:09:10.458403,82.29204869270325,1,182.12407616324626,-2.4756317259582334,-199.5568282319671,2.0339773947463775,147.29692439511564,-1.9378826352316,0.4985,0.5023,193.001,199.636,-0.00145047671
2024-06-18 17:09:11.491190,83.32483577728271,1,182.168704935653,-2.5591461922174847,-199.52608658654444,2.1073238690027183,147.29456197377888,-1.88480279430496,0.4991,0.5022,193.002,199.637,-0.00145244954
2024-06-18 17:09:12.471036,84.30468130111694,1,182.27731220176875,-2.6569633808297093,-199.3198513290869,2.0928135714562583,147.28350111161024,-1.8779555943106843,0.4996,0.5022,193.001,199.637,-0.00145217743
2024-06-18 17:09:13.472885,85.3065299987793,1,182.01277485994297,-2.3971017327474144,-199.5910995761059,1.9969801737003456,147.22158068731926,-1.9560023839244052,0.4996,0.5023,193.001,199.636,-0.00144911614
2024-06-18 17:09:14.473487,86.30713272094727,1,182.13142233131296,-2.499461030680474,-199.50780210195947,2.031521284246422,147.28744431373246,-1.9002613570675273,0.5001,0.5022,193.0,199.637,-0.00144884403
2024-06-18 17:09:15.480731,87.31437683105469,1,182.14127854853794,-2.5107031657383674,-199.52667475732787,2.1085015992044776,147.34414929910915,-1.834142639831522,0.5007,0.5023,193.001,199.637,-0.00144517049
2024-06-18 17:09:16.483294,88.31694006919861,1,182.27559560752917,-2.5381299530930312,-199.40090973801196,2.151650253556752,147.28621487686678,-1.8758590547765313,0.5001,0.5022,193.002,199.637,-0.00144925227
2024-06-18 17:09:17.485637,89.3192822933197,1,182.22875685651826,-2.664266304494047,-199.44097925678506,2.2170594947265747,147.30946416862656,-1.928507297710706,0.4996,0.5022,193.003,199.637,-0.00144850403
2024-06-18 17:09:18.487012,90.32065725326538,1,182.4346227286273,-2.6155470805798466,-199.29228901434482,2.20064461779127,147.28236971701872,-1.875640054644799,0.4991,0.5022,193.001,199.637,-0.00144775571
2024-06-18 17:09:19.497151,91.33079719543457,1,182.18586834390612,-2.56811754792213,-199.4931352443166,2.0664173632163116,147.32644500511606,-1.8670027215497025,0.4996,0.5022,193.001,199.637,-0.00145244982
2024-06-18 17:09:20.493147,92.32679271697998,1,182.2072742709259,-2.4809962965791157,-199.32599982967795,2.1528984997464344,147.2933121567747,-1.8812634677700095,0.4996,0.5022,193.002,199.636,-0.00145707576
2024-06-18 17:09:21.492438,93.32608318328857,1,182.15395884732743,-2.523028520153113,-199.51347251072863,2.1713750737802147,147.2920340072369,-1.8626073480147887,0.4996,0.5022,193.002,199.636,-0.001453198
2024-06-18 17:09:22.498301,94.331946849823,1,182.13129761378056,-2.5739127376437336,-199.53600801588098,2.100537495964951,147.3221198704209,-1.8733247651227156,0.5001,0.5022,193.001,199.636,-0.00145639534
2024-06-18 17:09:23.521421,95.35506701469421,1,182.07872258581133,-2.4982519166759465,-199.52686201004497,1.9394831993134185,147.26334030043137,-1.9623848191901794,0.5001,0.5022,193.001,199.636,-0.00145292574
2024-06-18 17:09:24.509507,96.34315228462219,1,182.0944542973359,-2.596210710871765,-199.54640688018165,1.9941568097881328,147.25715836194792,-1.8319078042689905,0.5001,0.5022,193.002,199.637,-0.00144863994
2024-06-18 17:09:25.540603,97.37424874305725,1,182.03696805994826,-2.4373579336791718,-199.60211358808263,2.256077233576951,147.24381809393176,-1.964788967257541,0.4996,0.5022,193.0,199.636,-0.0014502046
2024-06-18 17:09:26.510842,98.34448719024658,1,182.36671775051985,-2.073093390062103,-199.5334570995765,2.1224825416045094,147.2012525817585,-1.9430797407055223,0.5001,0.5022,193.001,199.636,-0.00144863994
2024-06-18 17:09:27.523080,99.35672569274902,1,182.16829357104697,-2.4372188054329613,-199.460504121302,2.0156186042696587,147.270273528198,-1.894940525613331,0.5007,0.5022,193.0,199.636,-0.00145217743
2024-06-18 17:09:28.522053,100.3556981086731,1,182.06711873745905,-2.4548275790719583,-199.56598296103934,2.1121816160091313,147.38592680804308,-1.84021074890309,0.4996,0.5023,193.002,199.637,0.134260673
2024-06-18 17:09:29.528452,101.36209797859192,1,182.35136306666098,-2.5134447214671893,-198.6827950204043,2.162642153771073,146.95912335280644,-1.8720946504850762,0.5012,0.5022,193.001,199.636,0.677523917
2024-06-18 17:09:30.525327,102.3589723110199,1,181.97654458125857,-2.3964365956221987,-197.8624369134536,2.1062250249036514,146.6142605915738,-1.809657651899358,0.4991,0.5022,193.001,199.637,0.677549566
2024-06-18 17:09:31.555553,103.38919854164124,1,181.9842370869818,-2.5227051699892638,-196.77832773092172,2.016918969259232,146.11540064879327,-1.8412794168559454,0.4991,0.5023,193.001,199.637,0.677606302
2024-06-18 17:09:32.532439,104.36608409881592,1,181.76300993859334,-2.44545839074422,-196.08721779723385,1.9293544759151506,145.64335742194896,-1.9332836136973657,0.4996,0.5023,193.001,199.637,0.677521198
2024-06-18 17:09:33.534759,105.36840486526489,1,181.70077737643058,-2.414075368509656,-195.2379359710406,1.9041527671349154,145.22023915277387,-1.9361447211529468,0.5001,0.5022,193.001,199.637,0.677458272
2024-06-18 17:09:34.540404,106.37404990196228,1,181.8593179039309,-2.5031511692057924,-194.22568379735333,1.9703371883511431,144.90302087079195,-1.834610661219459,0.5001,0.5022,193.001,199.635,0.677412761
2024-06-18 17:09:35.545724,107.37936902046204,1,181.64512773648244,-2.444207242715691,-193.36641568081953,1.91570070227741,144.46693103980118,-1.8685588113029359,0.4991,0.5022,193.001,199.636,0.677440993
2024-06-18 17:09:36.545866,108.37951183319092,1,181.2561671068928,-2.52774139082127,-192.73101236168654,1.7933828722856353,143.97248010943176,-1.642004173512805,0.4996,0.5022,193.001,199.636,0.677516302
2024-06-18 17:09:37.545400,109.37904596328735,1,181.45769349505582,-2.463234251918101,-191.55518388585108,1.9292780567490062,143.6557920472616,-1.843748477971731,0.5001,0.5023,193.001,199.636,0.677509635
2024-06-18 17:09:38.551738,110.38538408279419,1,181.30783820178897,-2.4317690692297314,-190.87315207081303,1.8535199663493565,143.2473572884838,-1.8537060296524266,0.5007,0.5022,193.001,199.637,0.67747286
2024-06-18 17:09:39.568214,111.40185904502869,1,181.24009863978188,-2.3784403844721007,-190.13965883747647,1.9537768848246677,142.88602100516832,-1.7933932945781428,0.5001,0.5022,193.001,199.637,0.677476167
2024-06-18 17:09:40.596394,112.43003916740417,1,181.07950025596105,-2.462257198405047,-189.39365900474374,1.967428404276394,142.47840870796608,-1.7889696879068195,0.4991,0.5022,193.001,199.637,0.677516916
2024-06-18 17:09:41.598791,113.43243646621704,1,180.7490932703937,-2.2459136530075146,-188.85669535780798,1.9602658879338553,141.96481520441483,-1.7464528651455076,0.5001,0.5022,193.0,199.637,0.677482902
2024-06-18 17:09:42.566891,114.40053653717041,1,180.60121233693746,-2.525967440866704,-188.17651606478788,1.7820652549244658,141.62874827458592,-1.7828358637767825,0.4991,0.5022,193.0,199.636,0.677515692
2024-06-18 17:09:43.581209,115.41485452651978,1,180.6135281556023,-2.453033480468705,-187.50699748374967,1.945768211455085,141.2731062340405,-1.7715065785188884,0.4991,0.5022,193.0,199.636,0.677491746
2024-06-18 17:09:44.585050,116.41869592666626,1,180.1328334468163,-2.3673462237094975,-187.16814712046184,1.9176771380623165,140.96108970093763,-1.7219733548268696,0.4991,0.5022,193.0,199.637,0.677572495
2024-06-18 17:09:45.585874,117.41951894760132,1,179.7240785502055,-2.3965045620388183,-186.48861817580865,1.915963977892832,140.2991861730493,-1.7656514739050317,0.5007,0.5022,193.0,199.636,0.677595149
2024-06-18 17:09:47.380856,119.21450114250183,1,179.39248552291178,-2.2889276234839757,-186.14744734162096,1.9875551390051194,139.8632915866915,-1.7909800336717463,0.4996,0.5022,193.001,199.637,0.677549434
2024-06-18 17:09:48.396342,120.2299873828888,1,179.12469944887775,-2.344922902247114,-185.82215639034237,1.9190942946171812,139.58678982165475,-1.8194172198629357,0.5001,0.5022,193.0,199.637,0.677586237
2024-06-18 17:09:49.391216,121.22486209869385,1,178.90856007444222,-2.397708008474819,-185.4513561194562,1.7458111622457262,139.20886453061863,-1.7794221287870884,0.4996,0.5022,193.0,199.637,0.677578958
2024-06-18 17:09:50.387400,122.22104525566101,1,178.48572296006634,-2.250588597959743,-185.31044518642372,1.7850368746593033,138.80250183412193,-1.6806967602966634,0.5001,0.5022,193.001,199.637,0.677585627
2024-06-18 17:09:51.406018,123.23966336250305,1,178.31361345467627,-2.2438392699565224,-184.97228805007623,1.8692841810896272,138.64897515526113,-1.6252919451165218,0.4996,0.5023,193.001,199.637,0.677591681
2024-06-18 17:09:52.395466,124.2291111946106,1,178.1341114717597,-2.41226950388809,-184.6779414840313,1.9420176228024832,138.3629562358971,-1.6655125863691256,0.4991,0.5022,193.002,199.636,0.677567055
2024-06-18 17:09:53.405948,125.23959398269653,1,177.85454494033505,-2.1867101754142078,-184.4013663693719,1.869340600780205,137.98992571925,-1.679847295887894,0.4996,0.5022,193.002,199.636,0.677610321
2024-06-18 17:09:54.423743,126.25738859176636,1,177.90467326238775,-2.4434999682724685,-183.945719956582,1.8787731928810574,137.78100565958243,-1.7336651312751965,0.5001,0.5023,193.002,199.637,0.677605969
2024-06-18 17:09:55.427334,127.26097965240479,1,177.52681721561532,-2.3808527763012988,-183.79625051210505,1.823954739999559,137.5344529874394,-1.7438749696710376,0.5001,0.5023,193.001,199.638,0.67759835
2024-06-18 17:09:56.445128,128.27877378463745,1,177.31598179200577,-2.325158805246152,-183.5574902185774,1.8001701722829528,137.28394367968932,-1.7642254895057783,0.5001,0.5023,193.002,199.637,0.677512292
2024-06-18 17:09:57.416136,129.24978160858154,1,177.07616800532136,-2.442081329372398,-183.36291463727198,1.9718011842076795,136.97033830371623,-1.6318997462136071,0.5001,0.5023,193.002,199.638,0.677518823
2024-06-18 17:09:58.418080,130.25172567367554,1,176.99082513177433,-2.524939925429445,-183.03716919133905,1.8710531205615206,136.74686254617032,-1.6837668264429728,0.5001,0.5023,193.001,199.636,0.67748787
2024-06-18 17:09:59.459125,131.29277062416077,1,176.84556438280939,-2.5557612246307384,-182.73366069937515,1.8433930912664542,136.53435808813848,-1.6768842694683523,0.4991,0.5022,193.0,199.637,0.677488891
2024-06-18 17:10:00.441615,132.27526092529297,1,176.77530860651135,-2.30253288894137,-182.39502898377322,1.936866207961497,136.3592886152753,-1.707622286182375,0.4996,0.5022,193.001,199.635,0.677533381
2024-06-18 17:10:01.425309,133.25895500183105,1,176.37156719090348,-2.2579778993556303,-182.3112549242138,1.747363685093057,136.07366600259468,-1.7685947966599163,0.5001,0.5023,193.002,199.635,0.677569164
2024-06-18 17:10:02.431686,134.26533198356628,1,176.37961396926744,-2.258423830571972,-181.9219334172219,1.881133835721962,135.97089783245613,-1.7092015023198655,0.5007,0.5022,193.001,199.637,0.677547191
2024-06-18 17:10:03.470910,135.30455613136292,1,176.05958076489253,-2.3293935487714514,-181.7282136719485,1.822919694491803,135.81380997799786,-1.6159796705063443,0.5007,0.5022,193.001,199.637,0.677554132
2024-06-18 17:10:04.444896,136.27854132652283,1,175.9797070076353,-2.2832445074955885,-181.45315136892572,1.806612315180102,135.56951677252124,-1.7499749940443452,0.5007,0.5022,193.001,199.635,0.677586717
2024-06-18 17:10:05.449402,137.28304719924927,1,175.77954904632014,-2.3407785720476393,-181.21740095313717,1.6564294725755315,135.27606584235522,-1.7554048838541478,0.5001,0.5022,193.001,199.637,0.67756835
2024-06-18 17:10:06.473696,138.30734157562256,1,175.6760043378735,-2.2668130561002973,-180.93053500460832,1.8586407502608713,135.20482861630168,-1.7601217332602173,0.4991,0.5022,193.001,199.637,0.677556309
2024-06-18 17:10:07.453972,139.28761792182922,1,175.5160080504535,-2.2605024600336954,-180.7038943344665,1.9184264244915614,134.97351990653925,-1.7865526537350052,0.5001,0.5023,193.001,199.637,0.677610187
2024-06-18 17:10:08.453140,140.28678607940674,1,175.3596147203446,-2.16465183252135,-180.47586639946653,1.7328542943239362,134.7133994162369,-1.7494414291143607,0.4996,0.5022,193.0,199.638,0.677581411
2024-06-18 17:10:09.471084,141.30472946166992,1,175.39754102180683,-2.3561462291249824,-179.88929159102366,1.6760445498905778,134.57716862306367,-1.6860077067680146,0.5007,0.5023,193.0,199.637,0.677564132
2024-06-18 17:10:10.493236,142.32688164710999,1,175.1617680874503,-2.3434857860387677,-179.9060144410065,1.8139112508792081,134.54302944225023,-1.699826874077796,0.4991,0.5023,193.001,199.636,0.677563996
2024-06-18 17:10:11.482241,143.31588649749756,1,175.20679396181077,-2.1911845309268494,-179.55397727736667,1.8010349719332461,134.24161564216058,-1.6964072587918673,0.4996,0.5022,193.001,199.637,0.677588486
2024-06-18 17:10:12.483803,144.31744813919067,1,174.9397965491224,-2.2458851626804033,-179.4002163063157,1.7723963630060808,134.09432016461173,-1.7333695266669151,0.4996,0.5023,193.001,199.637,0.677561615
2024-06-18 17:10:13.465301,145.29894709587097,1,174.74172698789494,-2.253855459885548,-179.24385428624979,1.8171525430268998,133.96874900383273,-1.5771466977006765,0.4996,0.5022,193.001,199.636,0.6775842
2024-06-18 17:10:14.468675,146.301353931427,1,174.63056728135726,-2.0982740549211716,-178.99165172038528,1.7414994304806055,133.67186451998325,-1.7177427770378824,0.4996,0.5022,193.002,199.637,0.677497666
2024-06-18 17:10:15.504997,147.33864212036133,1,174.47532234918026,-2.4659989156019146,-178.8063989764115,1.8489915602518538,133.5003337442461,-1.5986834106449401,0.4991,0.5023,193.002,199.637,0.677482292
2024-06-18 17:10:16.476052,148.30969738960266,1,174.51443990565096,-2.353516386266827,-178.3882314850996,1.705136466332509,133.40090943616707,-1.655421790442884,0.4996,0.5022,193.002,199.637,0.677511002
2024-06-18 17:10:17.477613,149.31125855445862,1,174.40758969351467,-2.2472914077555353,-178.17804799847647,1.8378479804678507,133.2497421975563,-1.6727329523430776,0.5001,0.5022,193.001,199.637,0.677535696
2024-06-18 17:10:18.505845,150.33949065208435,1,174.23400307740042,-2.3296500550293593,-178.0762073070694,1.7208524794731541,133.0912586944687,-1.6325020098215586,0.4991,0.5022,193.001,199.637,0.677567601
2024-06-18 17:10:19.483689,151.31733441352844,1,173.97440449912102,-2.373946942721435,-177.94320596905322,1.6072447321978296,132.86072811487105,-1.6644684405817813,0.4996,0.5022,193.002,199.638,0.677639235
2024-06-18 17:10:20.518237,152.35188221931458,1,173.80480315191878,-2.401893955149978,-177.82933134955923,1.656129384423539,132.71787564546906,-1.5588952265233775,0.4996,0.5022,193.002,199.638,0.677612886
2024-06-18 17:10:21.515307,153.34895205497742,1,,,,,,,0.5001,0.5023,193.001,199.636,0.677553449
2024-06-18 17:10:22.694019,154.52766466140747,1,173.58995935157003,-2.291376150585349,-177.41588499898555,1.65604879131677,133.54773176627393,-1.102599177063529,0.4991,0.5022,193.0,199.637,0.677517599
2024-06-18 17:10:23.696054,155.5296995639801,1,173.26846920685287,-2.1252740607086147,-177.39390126068088,1.7429088037735823,132.23426158569472,-1.6280251997150554,0.5001,0.5022,193.001,199.637,0.677485285
2024-06-18 17:10:24.697213,156.5308587551117,1,173.2114343637376,-2.1673311374891737,-177.21838497830362,1.726017142479086,132.05714573618562,-1.7321182775281592,0.5001,0.5022,193.001,199.638,0.677523857
2024-06-18 17:10:25.698436,157.5320816040039,1,173.2695157753927,-2.285258414739378,-176.8466273855234,1.878466382467829,131.95796534148542,-1.6362300480263317,0.4996,0.5022,193.002,199.636,0.677511408
2024-06-18 17:10:26.703263,158.53690814971924,1,173.03595817913998,-2.3603490210804505,-176.84382032212028,1.7422905438852514,131.83889538146036,-1.563214638140786,0.4996,0.5023,193.002,199.637,0.677458142
2024-06-18 17:10:27.703724,159.5373694896698,1,172.93085848097292,-2.3031740749412433,-176.71738219961628,1.8240675223661142,131.68268690310768,-1.6694607048255463,0.5001,0.5022,193.001,199.637,0.677394671
2024-06-18 17:10:28.708791,160.54243636131287,1,172.76100123929052,-2.358319060078037,-176.634598508335,1.6610628969444365,131.51015872558736,-1.6545677826213805,0.4996,0.5022,193.0,199.637,0.677481203
2024-06-18 17:10:29.708987,161.54263257980347,1,172.382043442322,-2.3056014721650255,-176.66438446107247,1.7134932127428546,131.32272381666317,-1.5438607343650244,0.4996,0.5022,193.002,199.636,0.677439774
2024-06-18 17:10:30.713539,162.54718470573425,1,172.42606546671433,-2.3341782104758133,-176.43867495603487,1.655995332014682,131.2496049712317,-1.6413361812558327,0.4996,0.5022,193.001,199.636,0.677534402
2024-06-18 17:10:31.719135,163.55278086662292,1,172.24383319216236,-2.3997246529378367,-176.38954546922875,1.658047225980514,131.07278361718255,-1.5995430436125448,0.5001,0.5022,193.001,199.637,0.677569776
2024-06-18 17:10:32.744907,164.5785527229309,1,172.1690384429266,-2.1823939413880966,-176.24581468222394,1.8323178233860913,130.97706941437102,-1.592249347132999,0.4996,0.5022,193.0,199.636,0.677503381
2024-06-18 17:10:33.734851,165.56849670410156,1,171.92965393518358,-2.083059498488038,-176.22379590505776,1.7945933432380874,130.83955370094407,-1.5635141446621812,0.5007,0.5023,193.0,199.637,0.677491612
2024-06-18 17:10:34.725978,166.55962347984314,1,171.83669756924033,-2.232850891098341,-176.02934763965683,1.8825628948760464,130.69147003271306,-1.599011664501405,0.5001,0.5022,193.0,199.636,0.677445012
2024-06-18 17:10:35.731552,167.5651979446411,1,171.71903407351755,-2.390437132945529,-176.03501762773118,1.7414120092709038,130.57502839509235,-1.5890706251936795,0.4991,0.5023,193.001,199.637,0.677440046
2024-06-18 17:10:36.736769,168.5704140663147,1,171.53528751648923,-2.2669256795749555,-175.98421097575576,1.7269415481640873,130.50434672741918,-1.5989595417492393,0.4991,0.5023,193.002,199.637,0.677483378
2024-06-18 17:10:37.736178,169.56982326507568,1,171.29517382063733,-2.215890046204059,-175.99927645499037,1.7936601958066907,130.40297497461722,-1.5238624325319423,0.4991,0.5023,193.001,199.637,0.677508549
2024-06-18 17:10:38.750678,170.58432388305664,1,171.3831055043699,-2.3521989159110785,-175.79951457691396,1.7537343947275834,130.20648573661973,-1.62908158395604,0.5001,0.5023,193.001,199.636,0.677456711
2024-06-18 17:10:39.747015,171.5806601047516,1,171.21647100133572,-2.081133030932097,-175.77202977901823,1.746755296139969,130.06719729219475,-1.6050634448524783,0.4996,0.5023,193.002,199.637,0.677453378
2024-06-18 17:10:40.749549,172.58319449424744,1,171.00343641188854,-2.1903562597521034,-175.68190462933026,1.8367999263573425,129.96295324977524,-1.5830370695757916,0.5001,0.5022,193.002,199.637,0.677543649
2024-06-18 17:10:41.755915,173.58956098556519,1,170.93577006488124,-2.2236576535291,-175.6370526078357,1.8249237039816273,129.85601789540405,-1.5999508355676595,0.4996,0.5022,193.002,199.636,0.677567731
2024-06-18 17:10:42.755360,174.58900499343872,1,170.71975793113373,-2.2662424517455975,-175.56033516472178,1.777262742430172,129.77585381534902,-1.590278510203969,0.4996,0.5022,193.002,199.637,0.677580657
2024-06-18 17:10:43.760921,175.59456610679626,1,170.54684925999948,-2.240950124755675,-175.60398217026716,1.828884153444648,129.64815622155118,-1.6692348823083223,0.5001,0.5022,193.001,199.636,0.677555622
2024-06-18 17:10:44.764432,176.59807753562927,1,170.38787689598368,-2.220799736529239,-175.45884399219565,1.6575694465252626,129.50525538500332,-1.6025326372771738,0.5001,0.5022,193.0,199.636,0.677563514
2024-06-18 17:10:45.768914,177.60255980491638,1,170.37485435515995,-2.1494069601605608,-175.31939641478303,1.7098173770377985,129.43839698911438,-1.6187002392132552,0.4991,0.5023,193.001,199.636,0.677592562
2024-06-18 17:10:46.768353,178.6019983291626,1,170.1471600375615,-2.3313584966259393,-175.46741148436917,1.6867628259206304,129.27602065335313,-1.6003000167681187,0.5001,0.5023,193.001,199.636,0.677495894
2024-06-18 17:10:47.774692,179.60833764076233,1,169.97263162949267,-2.4148453472420854,-175.48973751589045,1.7845405566131274,129.12634600829267,-1.6115606964890545,0.5007,0.5023,193.002,199.637,0.677504329
2024-06-18 17:10:48.778473,180.61211800575256,1,169.9684585499754,-2.096804091791132,-175.36238253274934,1.7513895888304973,129.07300362325574,-1.5886601396074813,0.4996,0.5023,193.001,199.638,0.677515078
2024-06-18 17:10:49.781186,181.61483192443848,1,169.69272608700925,-2.124256036129615,-175.3657472668416,1.6266038387200872,128.94591573702792,-1.6065523425555641,0.4991,0.5023,193.002,199.637,0.677473374
2024-06-18 17:10:50.784705,182.61835026741028,1,169.56320317424198,-2.038206144421234,-175.35035849948562,1.7186589788643907,128.87105126941012,-1.6842599625077161,0.4991,0.5023,193.001,199.637,0.677469497
2024-06-18 17:10:51.796703,183.63034868240356,1,169.4632364744285,-2.1210495743408546,-175.3035098794171,1.663144705435306,128.78931976488454,-1.557748279230492,0.5007,0.5022,193.002,199.636,0.677595009
2024-06-18 17:10:52.790677,184.62432217597961,1,169.38772368886995,-2.238346784867814,-175.24847772729044,1.7482864007272043,128.7527221885606,-1.5550625533110716,0.5001,0.5023,193.002,199.636,0.677524055
2024-06-18 17:10:53.804573,185.63821840286255,1,169.2989437384478,-2.1233849383734222,-175.20016508071942,1.7483751328103228,128.60931582536867,-1.5888567972315342,0.4996,0.5022,193.001,199.638,0.677575009
2024-06-18 17:10:54.798627,186.6322729587555,1,169.15183772852805,-2.083692326337577,-175.1683528228183,1.7448655982630565,128.50575283796834,-1.565676542597244,0.4996,0.5023,193.002,199.637,0.677558478
2024-06-18 17:10:55.807232,187.640878200531,1,168.9424326649286,-2.3212052333603843,-175.1908446217369,1.7994808217507663,128.3682324759739,-1.6648190536214378,0.4985,0.5023,193.002,199.637,0.677586709
2024-06-18 17:10:56.843238,188.6768832206726,1,168.81454532584084,-2.2599114346333433,-175.18854783209272,1.7466388483666688,128.3689728582374,-1.4924697808749852,0.5001,0.5022,193.003,199.638,0.677577458
2024-06-18 17:10:57.812256,189.64590120315552,1,168.76671869567565,-2.1192582900969175,-175.08213453865457,1.6915584563393018,128.325783928102,-1.5361163984059596,0.5001,0.5022,193.002,199.638,0.677546369
2024-06-18 17:10:58.814379,190.648024559021,1,168.66697958434762,-2.1642805899788597,-175.05532190090898,1.7549264915057712,128.22099887007,-1.5345752427484514,0.4996,0.5023,193.002,199.636,0.677514463
2024-06-18 17:10:59.815502,191.64914798736572,1,168.36554730315555,-2.080967016394104,-175.16149302091054,1.714982528047863,127.9670177907925,-1.6412651839289847,0.5007,0.5023,193.001,199.637,0.677507048
2024-06-18 17:11:00.822904,192.65654969215393,1,168.46333393760244,-2.329102758144003,-175.01631866859375,1.70382948472478,128.00249252893494,-1.525673975843859,0.5007,0.5022,193.002,199.637,0.677543101
2024-06-18 17:11:01.826283,193.65992879867554,1,168.56647451842136,-2.1705523597497622,-174.88075333297843,1.7529803138860196,127.93081387536905,-1.607714678902624,0.5001,0.5023,193.001,199.635,0.677520788
2024-06-18 17:11:02.856500,194.6901454925537,1,168.2880458647859,-2.1672690786036157,-174.87098620448154,1.8166777654369577,127.83607975505502,-1.5575698314125164,0.5001,0.5023,193.002,199.636,0.677515686
2024-06-18 17:11:03.840296,195.67394137382507,1,167.91494096659287,-2.1642994984911397,-175.039419223651,1.7634388193069592,127.68792543051032,-1.4876153560569694,0.4991,0.5023,193.003,199.637,0.677545754
2024-06-18 17:11:04.837079,196.6707248687744,1,167.9988741350632,-2.229790354295657,-174.85113874225004,1.8187322605472551,127.68131742831844,-1.5586481983795744,0.4996,0.5022,193.003,199.638,0.677515212
2024-06-18 17:11:05.841389,197.67503476142883,1,167.88102026346118,-2.2694460896762294,-174.8218536845454,1.8453372312387717,127.56159932610177,-1.5951480737059909,0.4996,0.5022,193.001,199.638,0.677464326
2024-06-18 17:11:06.878528,198.71217393875122,1,167.88297588842158,-2.1890243649159866,-174.7979487470282,1.643903474552266,127.57681524550055,-1.5575027876769503,0.4996,0.5022,193.002,199.638,0.677547593
2024-06-18 17:11:07.846924,199.6805694103241,1,167.7413972228746,-2.2018863033536453,-174.70852675614097,1.5333387863067254,127.44482409947616,-1.5393716283249552,0.5001,0.5022,193.002,199.636,0.677583308
2024-06-18 17:11:08.852736,200.686381816864,1,167.64518432917475,-2.1579404366567676,-174.65617887389197,1.6835756795555046,127.4431084111815,-1.6125138195547548,0.5001,0.5023,193.003,199.637,0.677523851
2024-06-18 17:11:09.886625,201.7202706336975,1,167.44242065654456,-2.290595444932736,-174.77092348153468,1.6851782287166763,127.2739277916615,-1.543147435930154,0.4996,0.5023,193.002,199.637,0.677462898
2024-06-18 17:11:10.854196,202.68784165382385,1,167.21795351425806,-2.082639353989651,-174.83640422104924,1.7413797839151006,127.13699322576822,-1.635567843123438,0.5001,0.5023,193.002,199.638,0.677495688
2024-06-18 17:11:11.859026,203.6926715373993,1,167.26955242363624,-2.3199373237828005,-174.73042366735038,1.7113543790611052,127.19057457072323,-1.4910297510089283,0.5007,0.5023,193.002,199.637,0.677513441
2024-06-18 17:11:12.865141,204.6987864971161,1,167.180497230721,-2.107396576010991,-174.6449870948251,1.6760590905312434,127.20915481220452,-1.5252103293340753,0.5007,0.5022,193.001,199.636,0.677560721
2024-06-18 17:11:13.900010,205.73365545272827,1,167.1400492717302,-2.236749021169174,-174.6204106832555,1.6961792921521461,127.10620083793206,-1.4853547007698136,0.5001,0.5022,193.001,199.637,0.677592422
2024-06-18 17:11:14.870889,206.70453429222107,1,167.15995825931566,-2.3172858677199124,-174.5212431236297,1.7067467368549993,127.01806118463696,-1.6172144362713152,0.5001,0.5023,193.002,199.637,0.677583986
2024-06-18 17:11:15.875667,207.70931220054626,1,166.85651388806934,-2.1456750738968697,-174.66470456207753,1.7561960479799663,126.86621997659137,-1.5019838522872306,0.4996,0.5022,193.002,199.637,0.677548409
2024-06-18 17:11:16.879378,208.71302390098572,1,167.01925566251978,-2.1837868916544068,-174.39033644241655,1.7339224447718637,126.88636324183383,-1.5824024415537123,0.5001,0.5022,193.001,199.636,0.677595145
2024-06-18 17:11:17.884342,209.7179877758026,1,166.9221093480018,-2.1628814370048506,-174.43273252807768,1.6211346160770193,126.84527504685461,-1.627808425790887,0.5001,0.5022,193.001,199.637,0.677624817
2024-06-18 17:11:18.920162,210.75380730628967,1,166.8066496465678,-2.151070096433617,-174.48117891959356,1.660236114785584,126.86761631932602,-1.5915965440510662,0.5001,0.5022,193.002,199.636,0.677583372
2024-06-18 17:11:19.901513,211.73515820503235,1,166.7247009112706,-2.2442605398960325,-174.40013490145526,1.7034379893395313,126.79058667735929,-1.634404911773801,0.4991,0.5022,193.002,199.636,0.677613645
2024-06-18 17:11:20.890472,212.72411727905273,1,166.46935625047968,-2.302157347884656,-174.53697894416428,1.6833072508772275,126.56931181243401,-1.5450338288259553,0.4991,0.5022,193.003,199.636,0.677569086
2024-06-18 17:11:21.893171,213.72681641578674,1,166.55451636777218,-2.3207633151788083,-174.39517377370728,1.7183183668029074,126.62097727605868,-1.5296804903450916,0.5001,0.5022,193.002,199.637,0.67754548
2024-06-18 17:11:22.919786,214.753431558609,1,166.44286900192708,-2.103760516116944,-174.36967141309287,1.7031463499515878,126.61308951015613,-1.5122284478505277,0.4996,0.5022,193.002,199.636,0.677639836
2024-06-18 17:11:23.899782,215.73342728614807,1,166.36363199674955,-2.0118098359474597,-174.3635626702684,1.5986585684157988,126.45083182029684,-1.5803371819946026,0.5001,0.5022,193.002,199.637,0.677565004
2024-06-18 17:11:24.907896,216.7415416240692,1,166.2946435255777,-2.1220666524475096,-174.20127253600796,2.0148046239888937,126.37652317929654,-1.6460826898326313,0.5001,0.5023,193.002,199.636,0.677626572
2024-06-18 17:11:25.915293,217.74893832206726,1,166.26414216879945,-2.1438942898929083,-174.14333458419708,1.8695079837856459,126.35767015278586,-1.5795590233054662,0.5001,0.5022,193.003,199.637,0.677528611
2024-06-18 17:11:26.949272,218.7829179763794,1,166.1751689987315,-2.1731356614404063,-174.1901190031686,1.8668535357569194,126.31787652577063,-1.6260817010430817,0.5007,0.5023,193.002,199.637,0.677588136
2024-06-18 17:11:27.912183,219.74582862854004,1,166.13289154642925,-2.155557208100585,-174.23866303781486,1.6462617842893572,126.36041924030542,-1.5042202284060293,0.5001,0.5022,193.002,199.637,0.677620654
2024-06-18 17:11:28.918511,220.75215673446655,1,166.06525024039624,-2.2172788487381063,-174.14974852426658,1.703587529611938,126.32014291697058,-1.6095495129491815,0.4996,0.5022,193.002,199.637,0.677628341
2024-06-18 17:11:29.949502,221.78314757347107,1,165.96389764829408,-2.2047740206134674,-174.15462661422836,1.7138797621429085,126.24712790895238,-1.6143508209475195,0.4996,0.5022,193.003,199.637,0.677619565
2024-06-18 17:11:30.930115,222.76376104354858,1,165.98953493627536,-2.1812258341221265,-174.0564000559729,1.5830683753723576,126.16152214374002,-1.610507921361125,0.5007,0.5023,193.002,199.636,0.677647933
2024-06-18 17:11:31.926731,223.76037669181824,1,165.8201352121305,-2.1725449555619694,-174.03165333501855,1.8545294810239212,126.08347993555186,-1.6134112653980628,0.5001,0.5022,193.003,199.637,0.677519155
2024-06-18 17:11:32.928153,224.76179885864258,1,165.72556514811492,-2.1776237792276754,-174.09303330642385,1.7103088337783887,126.12933303503817,-1.6148219973332925,0.4996,0.5022,193.003,199.638,0.67756453
2024-06-18 17:11:33.929836,225.76348161697388,1,165.67041797980505,-2.0041076855574382,-174.10027972431203,1.590346468395073,125.95894706078037,-1.5786343141277481,0.4996,0.5022,193.002,199.638,0.677539702
2024-06-18 17:11:34.933553,226.76719903945923,1,165.56843538029662,-2.2076691120144556,-173.9987991703363,1.9763870407092268,125.9306976680932,-1.677616167361141,0.5001,0.5022,193.002,199.637,0.677565008
2024-06-18 17:11:35.960432,227.79407739639282,1,165.65765530381876,-2.0356147497533343,-173.99178149312223,1.7688526431315,125.91400247507617,-1.5938768844668385,0.5001,0.5022,193.001,199.637,0.677547049
2024-06-18 17:11:36.951142,228.7847876548767,1,165.53056178313633,-2.0711508735898096,-173.92668920423387,1.6922869677000396,125.95758041438981,-1.6068412511454346,0.4996,0.5022,193.002,199.637,0.677565076
2024-06-18 17:11:37.939526,229.77317142486572,1,165.48311560514858,-2.160359432884252,-173.81709041595252,1.8230024767415973,125.82236143909284,-1.5733579790288659,0.4996,0.5022,193.003,199.637,0.677604123
2024-06-18 17:11:38.940903,230.7745487689972,1,165.44903929037005,-1.9992014928643644,-173.92959473741809,1.6555983289646403,125.794231068667,-1.5988085867821589,0.4996,0.5022,193.002,199.637,0.677521876
2024-06-18 17:11:39.944077,231.77772212028503,1,165.17813894501444,-1.9539486818964233,-174.04103766364204,1.7145629655621586,125.78422649017473,-1.7830717368480835,0.5001,0.5022,193.001,199.637,0.677582286
2024-06-18 17:11:40.949515,232.78216361999512,1,165.3730323007598,-2.2426409795578333,-173.87633051700257,1.716332293442415,125.74241833208136,-1.5782988214888192,0.4991,0.5022,193.001,199.637,0.677567115
2024-06-18 17:11:41.969864,233.80350995063782,1,165.1309729787627,-2.1350984757098703,-173.8878509547239,1.6452291355849993,125.72906159290613,-1.5014077431304829,0.4996,0.5023,193.001,199.637,0.677565415
2024-06-18 17:11:43.004468,234.8381130695343,1,165.20055547621547,-2.1908329494521146,-173.761461265668,1.723561422877232,125.66437392837508,-1.552743269716735,0.4996,0.5022,193.001,199.638,0.67755868
2024-06-18 17:11:43.965014,235.79865956306458,1,165.34982295745618,-1.988659973080351,-173.735603399176,1.7033964297484665,125.58781681880394,-1.55341400494502,0.4991,0.5022,193.001,199.635,0.677575143
2024-06-18 17:11:44.965862,236.79950785636902,1,164.83002910745319,-2.1759218036263035,-173.94951922795738,1.7300521439599155,125.44759953452994,-1.5314997910626549,0.4985,0.5022,193.002,199.637,0.677621948
2024-06-18 17:11:45.973497,237.807142496109,1,164.99256690041304,-2.2026783712386853,-173.7375780644674,1.6705539312747886,125.53103945492042,-1.6027221025405944,0.5001,0.5022,193.001,199.638,0.677609023
2024-06-18 17:11:46.970531,238.80417680740356,1,165.01629520382178,-2.1217269763503213,-173.54967237495504,1.7899652567859963,125.50142101864026,-1.5623004357893693,0.5001,0.5023,193.002,199.636,0.677578206
2024-06-18 17:11:47.986989,239.8206341266632,1,164.88292279949346,-2.1781964590132166,-173.6908707675612,1.7191317792892251,125.55372459231867,-1.5326573991773396,0.5001,0.5023,193.002,199.636,0.677529838
2024-06-18 17:11:48.981807,240.8154525756836,1,164.70074465822702,-1.9945323765515435,-173.798124919519,1.7502426933928603,125.34776328164713,-1.6308907632797383,0.5001,0.5022,193.002,199.637,0.677567798
2024-06-18 17:11:50.003302,241.83694744110107,1,164.76197518082063,-2.188848701180201,-173.6682023257261,1.720143490544376,125.44038422909384,-1.6050830992785265,0.4996,0.5022,193.004,199.637,0.677478
2024-06-18 17:11:51.024416,242.85806155204773,1,164.74439335008466,-2.241692671381478,-173.64252491216226,1.7034630501437402,125.3584522082459,-1.5751032936249225,0.4991,0.5022,193.003,199.639,0.677549022
2024-06-18 17:11:52.021624,243.85526990890503,1,164.7990418333401,-2.2040845578131862,-173.4534547225353,1.6936832081741326,125.3227298148416,-1.5746448934407078,0.5001,0.5023,193.002,199.637,0.677564124
2024-06-18 17:11:52.994638,244.82828307151794,1,164.66758870907742,-2.0570656168637718,-173.50396250812662,1.6674540234557087,125.30575628171798,-1.549020390227058,0.4991,0.5022,193.001,199.637,0.677552491
2024-06-18 17:11:54.030640,245.86428594589233,1,164.4439223355921,-2.0965160065205293,-173.68346133734485,1.793890236101158,125.14945957659646,-1.5275898336155462,0.5001,0.5022,193.002,199.637,0.677480925
2024-06-18 17:11:55.001656,246.83530139923096,1,164.4589515368691,-2.1398592849465228,-173.64119865855614,1.61885271714035,125.2347906705064,-1.4752310983409582,0.5001,0.5022,193.002,199.636,0.677509293
2024-06-18 17:11:56.001529,247.83517456054688,1,164.51895869227093,-1.936956493548534,-173.52650586624003,1.6913641236766146,125.15529418371548,-1.517248755142342,0.5001,0.5022,193.002,199.637,0.677466709
2024-06-18 17:11:57.033027,248.86667227745056,1,164.58840268867718,-2.179258986638127,-173.5149709517254,1.8470133330695782,125.23396187910998,-1.650210701286531,0.4996,0.5022,193.002,199.638,0.677476982
2024-06-18 17:11:58.016369,249.85001492500305,1,164.44946503671576,-2.079263539102296,-173.44079216131158,1.630458812906106,125.1317421175085,-1.5532274668459853,0.4996,0.5022,193.002,199.638,0.677535824
2024-06-18 17:11:59.024951,250.85859632492065,1,164.3546019514994,-2.1315673321759716,-173.3247748700932,1.8405571461009305,125.05860804439386,-1.5625288442227971,0.4991,0.5022,193.002,199.638,0.677512967
2024-06-18 17:12:00.016897,251.85054278373718,1,164.27241078076,-2.0584307786089777,-173.41554535571237,1.7071722435564023,125.1178103912602,-1.5769927962993384,0.4996,0.5022,193.001,199.637,0.677539838
2024-06-18 17:12:01.020519,252.8541648387909,1,164.35652346420005,-2.223041772257025,-173.40665020702085,1.675156074818118,125.02893107367744,-1.5657820543015524,0.5001,0.5022,193.002,199.637,0.677610859
2024-06-18 17:12:02.023739,253.85738444328308,1,164.06059483633254,-2.199980673043254,-173.47654677927454,1.728978357860574,124.96738370486551,-1.4625639708105973,0.5001,0.5022,193.002,199.637,0.677529089
2024-06-18 17:12:03.042918,254.87656378746033,1,164.12606436042284,-2.1494439745309424,-173.30879735184956,1.5630531630672495,124.93342759098785,-1.5404805273615816,0.5001,0.5023,193.002,199.637,0.677507524
2024-06-18 17:12:04.064788,255.89843368530273,1,164.0607127033986,-2.110722783797004,-173.37516702416337,1.6695483190637601,125.03184457554053,-1.5556931758595112,0.4996,0.5022,193.002,199.637,0.677521334
2024-06-18 17:12:05.034960,256.86860513687134,1,163.8965710053743,-2.368379389324359,-173.43879456323162,1.6697373936151985,124.81237932244406,-1.5465811098713171,0.4996,0.5022,193.002,199.637,0.677619909
2024-06-18 17:12:06.039664,257.8733093738556,1,164.210470613544,-2.1304207170162734,-173.2310854964758,1.7081706276279944,124.87646681332353,-1.570959658301493,0.5007,0.5022,193.002,199.637,0.677597256
2024-06-18 17:12:07.040091,258.87373638153076,1,164.0248662889071,-2.054157160695596,-173.19010047638113,1.6482632515707063,124.86397302897177,-1.5569796364550679,0.5001,0.5022,193.001,199.637,0.677493785
2024-06-18 17:12:08.056563,259.8902084827423,1,163.88625702434493,-2.334906961538779,-173.33266444019483,1.66345687388834,124.74021883237943,-1.5731367721102871,0.4996,0.5022,193.002,199.636,0.677517799
2024-06-18 17:12:09.079098,260.91274333000183,1,163.95457826421895,-2.2248982924367464,-173.1793553472534,1.6362106413985376,124.7934352075234,-1.5825747251544138,0.4996,0.5022,193.002,199.636,0.677495213
2024-06-18 17:12:10.059651,261.893296957016,1,163.9127195040522,-2.189435465813434,-173.07297036029146,1.6543977055314167,124.80376208111328,-1.5608836529249301,0.5001,0.5023,193.002,199.638,0.6775212
2024-06-18 17:12:11.081614,262.91525959968567,1,163.78513925697496,-2.0340178782205443,-173.18816415324414,1.6884178306596564,124.75556990962973,-1.6193891191718353,0.4996,0.5022,193.0,199.637,0.677522971
2024-06-18 17:12:12.097931,263.9315767288208,1,163.89151890721584,-2.0378463383988006,-173.17734942675924,1.8351465992475537,124.8042956470567,-1.6137681391428316,0.5001,0.5022,193.0,199.636,0.677447868
2024-06-18 17:12:13.074296,264.90794110298157,1,163.80959744462353,-2.1196783653518003,-173.10939282429825,1.6033353850567813,124.69022603748498,-1.5872633828110834,0.4996,0.5022,193.001,199.637,0.677491134
2024-06-18 17:12:14.063019,265.89666414260864,1,163.67731044720625,-2.137734806452063,-173.12446852398142,1.6875511093362145,124.72487271253696,-1.5773488926996682,0.5001,0.5022,193.001,199.637,0.677503447
2024-06-18 17:12:15.069169,266.902813911438,1,163.5744970359138,-2.0930969993889326,-173.16183766684912,1.682433403191125,124.74361879036395,-1.539324117797929,0.5001,0.5022,193.0,199.637,0.677566237
2024-06-18 17:12:16.070753,267.9043982028961,1,163.6004279302355,-2.242737934871065,-173.05754781603895,1.6419253535868166,124.6145894450866,-1.5780076233602651,0.5001,0.5022,193.0,199.638,0.677550522
2024-06-18 17:12:17.099187,268.93283224105835,1,163.6131937262835,-2.0428692819035463,-173.02687425140132,1.7180689898250363,124.56694356002474,-1.5711312969395572,0.4985,0.5022,193.001,199.638,0.677595693
2024-06-18 17:12:18.074948,269.90859389305115,1,163.46621599597776,-1.924971749648113,-173.12473884968585,1.6370108304198467,124.4951132624804,-1.5783532070201083,0.5012,0.5022,193.001,199.637,0.677558614
2024-06-18 17:12:19.077809,270.91145396232605,1,163.43960240628766,-2.139534262961278,-173.02704571489062,1.816205681024725,124.50468028475427,-1.5814198267196327,0.4991,0.5022,193.001,199.637,0.67759256
2024-06-18 17:12:20.080544,271.91418981552124,1,163.46211561609576,-2.1700513988336465,-172.97274383934845,1.8248736615849475,124.48131052365514,-1.5751831402872558,0.4996,0.5022,193.002,199.636,0.677526642
2024-06-18 17:12:21.084621,272.9182665348053,1,163.26597759921418,-1.9685929591859954,-173.0399219490734,1.8580821033114896,124.40637680014949,-1.5417714997960315,0.4991,0.5022,193.002,199.636,0.677567663
2024-06-18 17:12:22.120110,273.95375537872314,1,163.37351831184827,-2.0625133247957788,-172.97509740255583,1.7091176654731952,124.47892887414866,-1.5292116154431417,0.5001,0.5022,193.001,199.637,0.677590591
2024-06-18 17:12:23.093200,274.92684531211853,1,163.4308688895482,-2.141223503765462,-172.84540849368392,1.7620442544870838,124.42884959538253,-1.5738782828862767,0.5001,0.5022,193.001,199.637,0.677616782
2024-06-18 17:12:24.104390,275.93803548812866,1,163.36627093734091,-2.317012171174034,-172.8615942482737,1.6811029386553427,124.42812154347556,-1.5205602367387052,0.5007,0.5022,193.001,199.636,0.6776127
2024-06-18 17:12:25.098163,276.93180799484253,1,163.128237771199,-2.015314975700668,-173.0049097011231,1.7742787610193322,124.36145487334129,-1.6295683898073965,0.4991,0.5022,193.001,199.637,0.677581951
2024-06-18 17:12:26.109844,277.9434893131256,1,163.2073968823563,-1.983307684141054,-172.87789138787176,1.692251665034332,124.3864031503351,-1.5061356378417405,0.4996,0.5022,193.001,199.637,0.677590387
2024-06-18 17:12:27.106810,278.94045519828796,1,163.04963995046472,-2.0943344656493443,-172.94582261322535,1.81798561098251,124.31350143279583,-1.4580180443314994,0.4991,0.5022,193.0,199.636,0.67753093
2024-06-18 17:12:28.108924,279.94256925582886,1,162.99721584641892,-2.2067823569245917,-172.94351033794464,1.6570130333486552,124.29643666628837,-1.641917452870075,0.4996,0.5022,193.0,199.637,0.67758855
2024-06-18 17:12:29.112928,280.9465730190277,1,162.97345728074234,-2.001260774251783,-172.8994113591626,1.5636689295942334,124.22557673330897,-1.582837625511819,0.5001,0.5022,193.002,199.636,0.677643583
2024-06-18 17:12:30.116324,281.949969291687,1,162.95214725696812,-1.9759819801533225,-172.90254080136947,1.7725413078737897,124.22219584506936,-1.6147907924089533,0.5007,0.5022,193.0,199.637,0.677550316
2024-06-18 17:12:31.158531,282.9921762943268,1,163.02797846042697,-2.10837857809582,-172.81569608653447,1.691454548381911,124.290609973132,-1.5677567557013476,0.4996,0.5022,193.0,199.636,0.67754957
2024-06-18 17:12:32.160977,283.99462270736694,1,163.03844427862424,-2.0906052301669122,-172.76762280332167,1.6462911727211007,124.28027322329157,-1.557809879303698,0.5001,0.5022,193.0,199.64,0.677577666
2024-06-18 17:12:33.130920,284.9645655155182,1,162.8329077329814,-2.064452922971429,-172.8520081925497,1.7095896909181312,124.31498260367201,-1.6196914180102073,0.4991,0.5022,193.001,199.638,0.67763576
2024-06-18 17:12:34.134503,285.9681484699249,1,162.92300031124034,-2.147826469715562,-172.73676186391532,1.6592556581802054,124.20675022330174,-1.569002737451523,0.4996,0.5022,193.001,199.638,0.677526778
2024-06-18 17:12:35.182750,287.0163950920105,1,162.99269379849403,-2.1770251181097535,-172.68967024295458,1.6327184991422028,124.16780414427771,-1.5151371455097364,0.5001,0.5022,193.001,199.637,0.677572017
2024-06-18 17:12:36.145191,287.9788362979889,1,162.98020454560637,-2.1352633455141863,-172.61236739416216,1.7770691323499617,124.14664357601588,-1.5701869188959718,0.4996,0.5022,193.001,199.638,0.677600521
2024-06-18 17:12:37.175972,289.0096175670624,1,162.95672289874886,-2.1652819698252825,-172.67396514839336,1.7168163316490748,124.13078440241785,-1.5632422577116312,0.4991,0.5022,193.002,199.638,0.677536915
2024-06-18 17:12:38.156039,289.98968482017517,1,162.8065313543669,-2.0978575336033227,-172.605740266534,1.7770276155865257,124.11376062273379,-1.5664763057849924,0.4991,0.5022,193.002,199.637,0.677564466
2024-06-18 17:12:39.160355,290.9940004348755,1,162.58155796365875,-2.0393645943662917,-172.77974577099695,1.767795450874845,124.03037676026229,-1.6715463607343888,0.4991,0.5022,193.001,199.637,0.677626304
2024-06-18 17:12:40.157687,291.99133229255676,1,162.85636354216845,-2.2232294921902325,-172.62882990829078,1.7336403355377723,124.05069532670022,-1.5598933832710913,0.4996,0.5022,193.001,199.638,0.677567459
2024-06-18 17:12:41.160008,292.99365305900574,1,162.73317742530367,-2.0714397017307955,-172.6141474247035,1.6962221052956177,124.08564726189113,-1.5717649735212673,0.5001,0.5022,193.001,199.638,0.677481404
2024-06-18 17:12:42.167313,294.00095891952515,1,162.74871120633142,-2.1429915343268204,-172.5812723479368,1.7466713114676231,124.04561482278078,-1.5209641650090606,0.5001,0.5023,193.001,199.638,0.677535282
2024-06-18 17:12:43.168637,295.0022830963135,1,162.7025584151787,-2.186821248386164,-172.50229861521285,1.7111058837583597,124.01686631454601,-1.539384705740863,0.5001,0.5022,193.001,199.637,0.677498275
2024-06-18 17:12:44.173301,296.0069463253021,1,162.57447396829082,-2.044776804679632,-172.48968651293538,1.7672402641127292,123.9966824379749,-1.5556894963573629,0.4996,0.5022,193.0,199.637,0.677506368
2024-06-18 17:12:45.179294,297.0129392147064,1,162.58948918674974,-2.1055845607158172,-172.41385584338,1.682348447446192,123.96501749018461,-1.541279216090391,0.5007,0.5022,193.001,199.637,0.677541539
2024-06-18 17:12:46.177680,298.01132559776306,1,162.57079245646545,-2.12972907543736,-172.43767478585883,1.6166107967498409,123.94909907527077,-1.5511976724290426,0.5001,0.5022,193.002,199.637,0.677467083
2024-06-18 17:12:47.198230,299.03187584877014,1,162.35210870370292,-2.1776177596255257,-172.62833088460573,1.7724587945000099,123.86898273433998,-1.4779545038274995,0.5012,0.5022,193.002,199.637,0.677499907
2024-06-18 17:12:48.192086,300.0257315635681,1,162.55524463926469,-2.0331323327835866,-172.48012835355388,1.6446643599286443,123.90699498262366,-1.5458586801863758,0.5012,0.5022,193.0,199.636,0.677559908
2024-06-18 17:12:49.188604,301.0222496986389,1,162.46123307454707,-2.2505177322265006,-172.49652692329312,1.6990706233533297,123.8747047739228,-1.4970182531008587,0.5001,0.5022,193.002,199.637,0.677487594
2024-06-18 17:12:50.230854,302.06449913978577,1,162.38667462111033,-2.09327631534168,-172.46029560144086,1.7408848741810812,123.90053733892285,-1.542861728897461,0.5007,0.5022,193.001,199.636,0.677561065
2024-06-18 17:12:51.231686,303.0653314590454,1,162.35983227332684,-2.132916929628856,-172.46421821983523,1.7298570726455385,123.88220242866815,-1.5579112429129043,0.4991,0.5022,193.001,199.637,0.6775312
2024-06-18 17:12:52.197057,304.0307025909424,1,162.17797790699692,-1.9216239717252972,-172.52108930822396,1.6814102487212454,123.85943788796943,-1.43826939905615,0.4991,0.5022,193.001,199.636,0.67757916
2024-06-18 17:12:53.200340,305.0339856147766,1,162.13344406414913,-1.9680373319703774,-172.50935556105887,1.5650863460240236,123.73703104136197,-1.5947542120741636,0.4991,0.5022,193.001,199.636,0.677453648
2024-06-18 17:12:54.204773,306.03841853141785,1,162.3245197037655,-2.1471023190695004,-172.42105053456976,1.6952576040799485,123.82407631307903,-1.5565936149151958,0.5007,0.5022,193.001,199.638,0.677557799
2024-06-18 17:12:55.207316,307.0409617424011,1,162.20218683290358,-2.043357214989894,-172.44128537881173,1.7074733212283197,123.87442786773457,-1.6269768680176706,0.5007,0.5022,193.001,199.637,0.677523853
2024-06-18 17:12:56.230874,308.06451964378357,1,162.1802533577632,-1.9325403308146563,-172.42294777698348,1.7780614371843162,123.74173264322793,-1.5912956230266246,0.4996,0.5022,193.001,199.637,0.67757331
2024-06-18 17:12:57.256831,309.09047627449036,1,162.1944190726418,-2.1019021730521166,-172.29621767990673,1.6150026264223496,123.75029738522136,-1.5627756707293512,0.5007,0.5022,193.002,199.637,0.677593718
2024-06-18 17:12:58.260332,310.09397745132446,1,162.19753933849844,-2.068768969373534,-172.28915080057482,1.6110775372759725,123.74397944965166,-1.5554902723499604,0.4996,0.5022,193.002,199.637,0.677630522
2024-06-18 17:12:59.313516,311.14716148376465,1,162.12782995293065,-2.05686230291997,-172.33681440796494,1.7082888724849383,123.75660839560516,-1.5997596901191538,0.4996,0.5022,193.0,199.638,0.677485281
2024-06-18 17:13:00.280439,312.1140847206116,1,161.97127948998533,-2.050875440093829,-172.378254320824,1.6954466416885723,123.80695162728001,-1.4876678843706488,0.5007,0.5022,193.0,199.638,0.677518411
2024-06-18 17:13:01.272785,313.1064307689667,1,162.1844394536506,-2.1741170269878562,-172.18858324578022,1.690380164768062,123.71177306951273,-1.5310185048152287,0.5001,0.5022,192.999,199.637,0.677515894
2024-06-18 17:13:02.276093,314.1097390651703,1,162.0848848070595,-2.317351533034033,-172.30774227302825,1.6711766645452297,123.6400376126783,-1.561766745188837,0.5001,0.5022,193.0,199.637,0.6774629
2024-06-18 17:13:03.282900,315.1165454387665,1,162.33367347485066,-2.2914681092832017,-172.0646256714558,1.7149463363018351,123.665062022664,-1.5298468785363264,0.4996,0.5023,193.001,199.637,0.677528615
2024-06-18 17:13:04.298340,316.1319854259491,1,162.04578645296036,-2.0405731918186594,-172.21167696517418,1.6534555841240708,123.66666224714447,-1.5349301330562357,0.4991,0.5022,193.0,199.638,0.677482288
2024-06-18 17:13:05.296457,317.1301028728485,1,161.9794438217601,-2.0843462857905193,-172.19912375589442,1.579937951477679,123.61383367164738,-1.5685209349206435,0.4996,0.5022,193.0,199.639,0.677507662
2024-06-18 17:13:06.291103,318.1247489452362,1,161.83175433979363,-1.8811459318369756,-172.3317953808954,1.6574119111286103,123.52671109668336,-1.516916343305995,0.5001,0.5022,193.0,199.637,0.677500724
2024-06-18 17:13:07.318149,319.15179467201233,1,161.89852729037617,-2.07534355147845,-172.1481621023719,1.7378610885101395,123.61228528729103,-1.550741339661682,0.4996,0.5022,193.0,199.637,0.677574466
2024-06-18 17:13:08.308627,320.14227318763733,1,161.83807270749188,-2.287934769315446,-172.2464356268561,1.7188974402427715,123.51848294091005,-1.5024844248825335,0.5001,0.5022,192.999,199.638,0.677533548
2024-06-18 17:13:09.318143,321.1517882347107,1,161.79284711509536,-2.061751479116101,-172.24135210976314,1.7261745539429847,123.66094953607717,-1.5902560515438933,0.5001,0.5022,193.0,199.637,0.677545556
2024-06-18 17:13:10.329710,322.1633551120758,1,161.7409469010533,-2.264394788331265,-172.24646165961323,1.7180629752093814,123.49512847002865,-1.4866803368492647,0.5001,0.5022,193.001,199.637,0.677555216
2024-06-18 17:13:11.318381,323.1520268917084,1,161.78207167032858,-2.0594511808367097,-172.16266426293194,1.769659191932448,123.54827063962452,-1.4776157870235465,0.5001,0.5022,193.0,199.638,0.677581475
2024-06-18 17:13:12.315547,324.1491930484772,1,161.69824138358808,-2.044610655115291,-172.1181207253586,1.8110171746921961,123.48979571821062,-1.5311625084392688,0.5001,0.5022,193.001,199.637,0.677494739
2024-06-18 17:13:13.317812,325.1514573097229,1,161.62870753594407,-2.157679349053934,-172.20381812616807,1.708433948864453,123.52842228983152,-1.652124287233878,0.5001,0.5022,193.0,199.637,0.677486848
2024-06-18 17:13:14.339057,326.1727023124695,1,161.87218814875516,-2.077817175572093,-172.01651824744314,1.740205533224522,123.50658480666632,-1.5663395022120916,0.5007,0.5022,192.999,199.637,0.677501678
2024-06-18 17:13:15.324733,327.15837812423706,1,161.7834919177675,-2.134895512837212,-172.05381569016544,1.655584131139647,123.51538627993727,-1.503698162890425,0.5007,0.5022,193.0,199.637,0.677502224
2024-06-18 17:13:16.343583,328.1772291660309,1,161.58745609644822,-2.1423166778301206,-172.13438827064175,1.6059898910775963,123.4440113072856,-1.4520204974165871,0.5001,0.5022,193.0,199.636,0.677440454
2024-06-18 17:13:17.349083,329.18272852897644,1,161.68717602888862,-2.0592945734727373,-171.93467907074054,1.7264394072307934,123.46257423180971,-1.5479450479707233,0.4996,0.5022,192.999,199.636,0.677529638
2024-06-18 17:13:18.352124,330.18577003479004,1,161.5019554123459,-2.021511331991254,-172.12041693912164,1.5810216520364193,123.39175879295495,-1.62876664195036,0.4996,0.5022,193.0,199.637,0.677550726
2024-06-18 17:13:19.370588,331.20423340797424,1,161.56338662938273,-2.0752909799403665,-172.03402338882842,1.5605225178724176,123.39879251834179,-1.5865643465769943,0.4996,0.5022,192.999,199.637,0.677473854
2024-06-18 17:13:20.338673,332.17231822013855,1,161.65460288269134,-2.064258536489534,-171.81835390990372,1.6540885189204584,123.40178868279102,-1.5479834776186323,0.5001,0.5022,193.0,199.637,0.677503175
2024-06-18 17:13:21.344982,333.1786279678345,1,161.4266504975574,-2.1472062510339907,-172.04834443097207,1.5212408285056407,123.31332565372682,-1.555680380849473,0.5001,0.5022,193.0,199.638,0.677552359
2024-06-18 17:13:22.371102,334.20474767684937,1,161.51671548245582,-2.1096747417444592,-171.9900348435822,1.656299162871333,123.40201185226609,-1.5258261312707795,0.5001,0.5022,193.0,199.638,0.677510928
2024-06-18 17:13:23.367874,335.20151925086975,1,161.5108219560889,-2.0876754616722915,-171.94287596295723,1.702846154062103,123.37949610783122,-1.5322775351807312,0.5007,0.5022,192.999,199.636,0.677538411
2024-06-18 17:13:24.354194,336.1878397464752,1,161.41809194318506,-2.272838109493306,-172.0267606172454,1.7130083338541497,123.29983731511363,-1.6113291565105423,0.4991,0.5022,193.0,199.636,0.677522154
2024-06-18 17:13:25.389649,337.2232940196991,1,161.3472211462383,-2.0948823675588453,-172.0198189273844,1.775674659155552,123.32304136065896,-1.6342945483392965,0.5007,0.5022,193.0,199.637,0.677528889
2024-06-18 17:13:26.361060,338.194705247879,1,161.30721845765981,-2.1373724551733555,-172.05623799409594,1.5348110175499041,123.21225177217755,-1.5573820424670406,0.4991,0.5022,192.999,199.637,0.67755855
2024-06-18 17:13:27.367148,339.2007930278778,1,161.27035471633192,-2.0574596256567204,-171.97456049445677,1.825839437532069,123.24251744926441,-1.573725737516456,0.4996,0.5022,193.0,199.637,0.677577325
2024-06-18 17:13:28.367398,340.20104336738586,1,161.5417943732411,-2.119997731993034,-171.80694753223722,1.7102349674594948,123.30776116455095,-1.5376792486011623,0.5007,0.5022,192.999,199.636,0.677525964
2024-06-18 17:13:29.378369,341.2120144367218,1,161.5316567291985,-2.052029074008117,-171.79462289066814,1.8624540152430085,123.33319694720721,-1.4824969360023084,0.5001,0.5022,192.998,199.637,0.677566985
2024-06-18 17:13:30.377238,342.21088337898254,1,161.348704020202,-2.0519903658978116,-171.81770363248214,1.6586893983902868,123.29648849777283,-1.5245984215302923,0.4991,0.5023,192.998,199.637,0.67758076
2024-06-18 17:13:31.385933,343.2195782661438,1,161.43706874043878,-1.9933302919818465,-171.83452942419265,1.7244632720487447,123.27726621289551,-1.5374670289161645,0.4991,0.5022,192.999,199.638,0.677566711
2024-06-18 17:13:32.394589,344.2282340526581,1,161.31089019829915,-2.080075913211292,-171.8350431445421,1.7265195387286836,123.25721937347772,-1.56563673834679,0.4991,0.5022,192.998,199.638,0.677614399
2024-06-18 17:13:33.422107,345.25575256347656,1,161.05998722269675,-2.230648227895948,-171.9808261656581,1.7379281641786024,123.3005130078161,-1.7585961391090035,0.5001,0.5022,192.999,199.638,0.677643991
2024-06-18 17:13:34.394125,346.22777032852173,1,161.24538743252896,-2.0991305582104975,-171.81467564327676,1.7234201193801535,123.24349243475517,-1.545886270445122,0.5001,0.5022,192.999,199.638,0.677663719
2024-06-18 17:13:35.396613,347.2302589416504,1,161.06984695794188,-2.2494630928476664,-171.89438295973267,1.625924261360764,123.3132022413768,-1.3793003590442214,0.4996,0.5022,192.998,199.637,0.677573036
2024-06-18 17:13:36.401615,348.2352602481842,1,161.3200347561422,-1.9597979457667027,-171.77342980362965,1.7299614521990743,123.2360951097724,-1.5222002269737385,0.5001,0.5022,192.998,199.638,0.677585145
2024-06-18 17:13:37.420494,349.25413966178894,1,161.280358310367,-2.0257128788738608,-171.7667768236994,1.6987369855873493,123.22638818257741,-1.5226949815049682,0.4996,0.5022,192.998,199.637,0.677594601
2024-06-18 17:13:38.410001,350.2436466217041,1,161.12803370607375,-2.1500889416467515,-171.79577487812665,1.6553495352619527,123.22235905395053,-1.4640600745664163,0.4996,0.5022,192.999,199.638,0.677625145
2024-06-18 17:13:39.409741,351.2433862686157,1,161.15441096128572,-2.0746811787312676,-171.75777766876124,1.6620350280145066,123.20229042887907,-1.5539359481853834,0.4996,0.5022,192.998,199.638,0.677618681
2024-06-18 17:13:40.415349,352.24899411201477,1,161.07807158579192,-2.07410667839734,-171.7360270062306,1.8171554113620245,123.11855161825827,-1.4915679850005235,0.5007,0.5022,192.998,199.639,0.677588272
2024-06-18 17:13:41.418096,353.2517418861389,1,160.99392442783545,-2.1058919343639118,-171.76882483299553,1.839868173188499,123.09158868669627,-1.4758009808026984,0.4996,0.5022,192.999,199.638,0.6776379
2024-06-18 17:13:42.423834,354.2574796676636,1,161.22448031965445,-2.206933268752839,-171.64593607650255,1.703506198209224,123.13662960361016,-1.541810307051684,0.5007,0.5022,192.999,199.637,0.677537865
2024-06-18 17:13:43.424634,355.25827956199646,1,160.9932326868389,-2.072511513804704,-171.72552994699984,1.7953870414139104,123.11425562209972,-1.607962737747285,0.5007,0.5022,192.999,199.637,0.677505824
2024-06-18 17:13:44.426803,356.26044821739197,1,160.95035197711564,-2.059848828205761,-171.69770576139948,1.823452927239532,123.07249686230854,-1.5882451336954568,0.5007,0.5023,192.997,199.636,0.677495211
2024-06-18 17:13:45.447006,357.2806513309479,1,161.12634203148622,-2.1475278482430626,-171.6061862316427,1.7460889994926814,123.11718032815278,-1.5399006211973973,0.4996,0.5022,192.996,199.636,0.677478544
2024-06-18 17:13:46.464995,358.29864048957825,1,161.1031304873181,-2.0898081148010843,-171.64698334257704,1.612331233760279,123.12669695680525,-1.5174611106835498,0.5001,0.5022,192.998,199.639,0.677558342
2024-06-18 17:13:47.438461,359.27210688591003,1,160.95976152369923,-2.0590127541307437,-171.68678564663898,1.5474088764866156,123.06026594571392,-1.604655466438894,0.4996,0.5022,192.999,199.637,0.677554056
2024-06-18 17:13:48.444684,360.278329372406,1,161.00940477999094,-2.1189240303722707,-171.64310910266727,1.6468811411464954,123.07949832530991,-1.568687330499926,0.5001,0.5022,192.998,199.637,0.677651062
2024-06-18 17:13:49.470083,361.303729057312,1,160.85811092817534,-2.1181922199524594,-171.64403525021538,1.8305986254721016,123.01447961921535,-1.4962758406258745,0.5007,0.5022,192.998,199.635,0.677579428
2024-06-18 17:13:50.452955,362.2866008281708,1,161.01215872405754,-1.9820986069433313,-171.6084130199019,1.6506672006704137,123.04717542610813,-1.5265983173143787,0.4996,0.5022,192.998,199.637,0.677611946
2024-06-18 17:13:51.456855,363.29050040245056,1,160.79953441295712,-2.009798885298512,-171.6228264035906,1.6880230942968992,123.113586950813,-1.495870087684563,0.5001,0.5022,192.998,199.637,0.677571605
2024-06-18 17:13:52.460006,364.29365158081055,1,160.83521673550527,-2.071918730894563,-171.45838938332483,1.541771916703957,122.99187269643774,-1.5209911361261936,0.5001,0.5022,192.997,199.638,0.677549055
2024-06-18 17:13:53.473137,365.30678272247314,1,160.8596984441514,-2.0631954248940017,-171.55587026919557,1.6423607867685264,123.04219731230327,-1.509866600935233,0.4985,0.5022,192.997,199.637,0.67757358
2024-06-18 17:13:54.467782,366.30142736434937,1,160.6804810967801,-2.110521890874656,-171.6463549408535,1.8366042968231586,122.93074361812711,-1.5989330714201548,0.4996,0.5022,192.998,199.637,0.677606302
2024-06-18 17:13:55.493819,367.32746505737305,1,160.81972477631032,-1.9126670274298951,-171.6139969956616,1.6737400064561239,122.95167447383828,-1.6046545890561639,0.4996,0.5022,192.998,199.637,0.677564668
2024-06-18 17:13:56.477390,368.31103587150574,1,160.8215981833598,-2.1112978751852323,-171.43713894213832,1.7872838347636166,122.96912947512749,-1.5323398361840976,0.5001,0.5022,192.998,199.637,0.677576233
2024-06-18 17:13:57.678897,369.5125422477722,1,160.8096484861797,-2.030339413961678,-171.46372616112862,1.7112331342799618,122.97990449584366,-1.5267377266769322,0.4996,0.5022,192.998,199.637,0.677594805
2024-06-18 17:13:58.680225,370.5138702392578,1,160.7462056432748,-1.7611916229420925,-171.50993219658773,1.6860207378232765,122.95418079331455,-1.444448780093274,0.4991,0.5022,192.999,199.636,0.677513579
2024-06-18 17:13:59.683192,371.51683712005615,1,160.48763220758823,-2.1053023087001193,-171.66583482308434,1.694006626827202,122.86101462129689,-1.455708432006439,0.5001,0.5022,192.997,199.636,0.67758739
2024-06-18 17:14:00.687820,372.52146553993225,1,160.67997120433424,-2.0444815248738983,-171.4996933804485,1.6582760897313784,123.01017009733384,-1.4888235969005055,0.4996,0.5022,192.996,199.638,0.677497796
2024-06-18 17:14:01.685182,373.5188271999359,1,160.47019150455512,-2.0516159955546294,-171.6315424714665,1.7068922719642563,122.82432274647113,-1.4763128325456947,0.4996,0.5022,192.997,199.637,0.677507456
2024-06-18 17:14:02.696787,374.5304319858551,1,160.5441229092617,-2.2166656742445343,-171.54362785949255,1.588216756940592,122.86358573067004,-1.5907471479208455,0.5001,0.5022,192.996,199.637,0.677565349
2024-06-18 17:14:03.701215,375.5348608493805,1,160.60366001210465,-2.0524970902643096,-171.50039597292428,1.6640687521802247,122.95699392357045,-1.5112221446102505,0.5001,0.5022,192.997,199.638,0.677615689
2024-06-18 17:14:04.698464,376.5321092605591,1,160.5428294160632,-2.0652646003199733,-171.51407528632862,1.616348679033755,122.9381257865486,-1.633833360969756,0.5007,0.5022,192.997,199.638,0.677536777
2024-06-18 17:14:05.704098,377.537743806839,1,160.50400612023697,-2.1565778257955865,-171.50895530019594,1.9351520156148085,122.84539414861557,-1.6887239314675775,0.4996,0.5022,192.997,199.636,0.677591779
2024-06-18 17:14:06.703206,378.5368514060974,1,160.49699180931148,-1.9277187993122993,-171.40956654371888,1.397393343081755,122.7903110182407,-1.5345556196109151,0.5001,0.5022,192.997,199.636,0.677475689
2024-06-18 17:14:07.724538,379.55818343162537,1,160.354628487975,-2.068953490589201,-171.5464613541347,1.6168064356156142,122.78272196196767,-1.6169094934835546,0.4996,0.5022,192.998,199.638,0.677534874
2024-06-18 17:14:08.711066,380.5447118282318,1,160.64756753424493,-2.079819109561511,-171.32870247581195,1.6318617965543805,122.85813065691866,-1.5455858649110725,0.4996,0.5022,192.997,199.637,0.677556847
2024-06-18 17:14:09.713435,381.54708075523376,1,160.68601669555702,-2.195557181214376,-171.359284372154,1.6155928574750196,122.85360207059988,-1.5319368712707098,0.4991,0.5022,192.997,199.637,0.677480927
2024-06-18 17:14:10.724312,382.55795764923096,1,160.50156216838914,-2.159832488901362,-171.3439259630698,1.65703039743474,122.8891186177792,-1.5695983768471298,0.4996,0.5022,192.996,199.638,0.67751603
2024-06-18 17:14:11.721177,383.5548222064972,1,160.4099298142279,-2.189656343727304,-171.44498109099663,1.5898064908098992,122.78713981220027,-1.593979253311017,0.4996,0.5022,192.997,199.637,0.677580385
2024-06-18 17:14:12.740275,384.5739207267761,1,160.3815366545736,-2.2062248091857084,-171.3809486838353,1.6756049777149475,122.81049363504884,-1.5941227146673866,0.4996,0.5022,192.997,199.636,0.677517733
2024-06-18 17:14:13.730384,385.56402945518494,1,160.38185494380681,-2.051649977993514,-171.2846509283465,1.8338620394671235,122.77792535620983,-1.5345273620590298,0.4996,0.5022,192.996,199.637,0.677579706
2024-06-18 17:14:14.732074,386.56571984291077,1,160.38199184328758,-2.0651454806682823,-171.3337191016037,1.838541791334975,122.77753986137068,-1.5923038151414808,0.4996,0.5022,192.997,199.636,0.677562427
2024-06-18 17:14:15.736638,387.57028341293335,1,160.32003723462648,-2.059947027584149,-171.36732000568404,1.9419618853515668,122.75312378566076,-1.6750256945620348,0.5001,0.5022,192.997,199.637,0.677518685
2024-06-18 17:14:16.739069,388.5727150440216,1,160.39661384027985,-2.1014465175489874,-171.36256745284467,1.5925559585585127,122.83048701364976,-1.6503701163055735,0.4996,0.5022,192.997,199.638,0.677504739
2024-06-18 17:14:17.742129,389.57577443122864,1,160.42929142122003,-1.961869436474176,-171.28710126344484,1.6844616438438695,122.7754467663664,-1.5458340483566941,0.4991,0.5022,192.997,199.638,0.677460453
2024-06-18 17:14:18.746804,390.58044958114624,1,160.30480423108102,-2.013069980091058,-171.38072757456408,1.6003137379559453,122.9039931379417,-1.4467650950963133,0.5007,0.5022,192.998,199.637,0.677429228
2024-06-18 17:14:19.749935,391.5835802555084,1,160.3826362095223,-1.9347147153066975,-171.29548541054442,1.6994923686706132,122.76914552960177,-1.5189682769307642,0.5001,0.5022,192.998,199.637,0.677470181
2024-06-18 17:14:20.758381,392.5920264720917,1,160.3489469005357,-2.04479360385478,-171.20424317875518,1.5537409421231334,122.7477136558004,-1.5170713838177796,0.5001,0.5022,192.997,199.637,0.677467868
2024-06-18 17:14:21.754675,393.5883207321167,1,160.32982652418707,-2.009103252823649,-171.15455942034438,1.5568611751692039,122.74980658010873,-1.5278400605028915,0.5007,0.5022,192.997,199.637,0.677492902
2024-06-18 17:14:22.758690,394.59233593940735,1,160.29206021501534,-1.9176341530897627,-171.19212167662354,1.6657240240919473,122.8079989972763,-1.5681171247324142,0.5001,0.5022,192.997,199.636,0.677487596
2024-06-18 17:14:23.765052,395.59869718551636,1,160.10214775446437,-2.1290894526474897,-171.35155210858062,1.6200518571991978,122.65286858514624,-1.6071880249729835,0.5001,0.5022,192.999,199.637,0.677491202
2024-06-18 17:14:24.762860,396.59650564193726,1,160.2481864518802,-2.260521540633542,-171.2772976134012,1.6017833408617883,122.66856197661298,-1.5410834755097365,0.5001,0.5022,192.998,199.636,0.677604265
2024-06-18 17:14:25.795425,397.6290707588196,1,160.1604347967207,-2.1855077661620887,-171.2031088538975,1.649013526300992,122.76062421356635,-1.498420236432134,0.5007,0.5022,192.997,199.637,0.677589094
2024-06-18 17:14:26.983505,398.8171510696411,1,160.25037956063161,-2.0646577414811285,-171.1870024208907,1.6877743607091455,122.7361273966567,-1.5711292592554176,0.4996,0.5022,192.996,199.637,0.677507664
2024-06-18 17:14:27.975245,399.8088901042938,1,160.14608775012917,-1.9530827797014205,-171.21576745227568,1.8008395597080038,122.64615472401648,-1.524051140737842,0.4996,0.5022,192.995,199.638,0.67758297
2024-06-18 17:14:29.018950,400.85259532928467,1,160.19191119381307,-2.0470329652914083,-171.18911139309657,1.7362980767077025,122.68081565853879,-1.5775657036341186,0.5007,0.5022,192.996,199.636,0.677596371
2024-06-18 17:14:30.011476,401.84512162208557,1,159.89642443397454,-2.2268635461557476,-171.319529382766,1.7090041285144202,122.55855887513636,-1.5225596560547725,0.4996,0.5022,192.996,199.638,0.677572807
2024-06-18 17:14:30.986890,402.82053565979004,1,160.07263127203566,-2.159941847627466,-171.21496529576177,1.6524363346299826,122.79131450484381,-1.6344593651832509,0.5007,0.5022,192.996,199.637,0.67758372
2024-06-18 17:14:32.012710,403.84635496139526,1,160.17028290639323,-1.9291621262981749,-171.14082714119203,1.6738183683147507,122.66375731351947,-1.5724549386513595,0.4991,0.5022,192.995,199.637,0.677667599
2024-06-18 17:14:32.995980,404.82962584495544,1,160.17084834426996,-1.9540905657196286,-171.13704265473774,1.769762086480936,122.62662231417214,-1.5313866675548367,0.5001,0.5022,192.996,199.637,0.677543175
2024-06-18 17:14:34.001819,405.83546471595764,1,160.15848390762915,-1.9911820163114313,-171.0595108511287,1.6297220159098926,122.65820439007703,-1.5206643104539088,0.5007,0.5022,192.997,199.638,0.677533923
2024-06-18 17:14:35.025326,406.85897183418274,1,160.07230677210384,-1.957576646705016,-171.13022482429577,1.689394873245967,122.65598425621621,-1.597328048680543,0.4991,0.5022,192.997,199.637,0.677524401
2024-06-18 17:14:36.028192,407.8618378639221,1,160.0840340821886,-2.161680055449278,-171.06970412307592,1.6519702370110625,122.65175254362643,-1.485176653336707,0.4996,0.5022,192.997,199.638,0.677546238
2024-06-18 17:14:37.009415,408.84306049346924,1,159.9585313123861,-2.173922069065477,-171.06442524380046,1.6541649071389766,122.6453173725778,-1.4797318581526762,0.4991,0.5022,192.996,199.638,0.677551
2024-06-18 17:14:38.016645,409.8502902984619,1,159.92968806115934,-2.067569637162559,-171.15827278789325,1.6626406594394774,122.70885242131192,-1.607841229785567,0.5001,0.5022,192.996,199.638,0.677597396
2024-06-18 17:14:39.018214,410.851859331131,1,160.1565830119787,-2.004634073502302,-171.0117981835398,1.600033082702784,122.61298291893343,-1.546566556894702,0.5001,0.5022,192.996,199.637,0.677602292
2024-06-18 17:14:40.022016,411.85566115379333,1,160.0289863781415,-2.038014814471433,-171.07080675810585,1.6520592794884985,122.63599853301902,-1.5054784859717996,0.4996,0.5022,192.996,199.637,0.677612156
2024-06-18 17:14:41.027482,412.8611271381378,1,159.90139982584174,-2.205799763890457,-171.03122443726463,1.6644781871301966,122.6262704125531,-1.4788103039702247,0.4996,0.5022,192.997,199.636,0.677569943
2024-06-18 17:14:42.066410,413.9000554084778,1,159.9606973664769,-2.021255533816192,-171.03720045189158,1.638278947872179,122.5933850123106,-1.517589000839962,0.4991,0.5022,192.996,199.637,0.677630862
2024-06-18 17:14:43.054295,414.8879404067993,1,160.08599035169493,-2.175838453429625,-171.01542164635092,1.691088229239526,122.57903197701694,-1.530435255111477,0.4991,0.5022,192.996,199.637,0.677586031
2024-06-18 17:14:44.038617,415.8722622394562,1,159.99607118343093,-2.114188106080756,-170.94683253674236,1.585074569186973,122.56971370954267,-1.5360881703428348,0.4991,0.5022,192.996,199.636,0.677623991
2024-06-18 17:14:45.040479,416.87412428855896,1,159.85239909851805,-2.102962804544153,-171.0615668122166,1.6459965046017868,122.64664303533033,-1.5998805385274575,0.4996,0.5022,192.997,199.639,0.677592766
2024-06-18 17:14:46.045207,417.87885212898254,1,159.77938280860724,-2.0340783743398227,-171.05195706158585,1.5109504779944396,122.50119148536565,-1.6029640935771046,0.4996,0.5022,192.997,199.639,0.677648209
2024-06-18 17:14:47.046275,418.8799204826355,1,159.87934677721938,-2.069926234160085,-170.97454643352341,1.7452183482086732,122.54945076685586,-1.5302671070760534,0.4996,0.5022,192.997,199.636,0.677590657
2024-06-18 17:14:48.047888,419.88153290748596,1,159.6593401338339,-2.115486158934036,-171.01449612450008,1.342325919672451,122.4399208144905,-1.6331778622989706,0.4996,0.5022,192.995,199.637,0.677617664
2024-06-18 17:14:49.084641,420.91828632354736,1,159.81523374331414,-2.0912329917236057,-171.01335381703495,1.6405073560888763,122.5992013007015,-1.5148828907481147,0.5001,0.5022,192.996,199.637,0.677606031
2024-06-18 17:14:50.055133,421.8887782096863,1,159.85583633252062,-2.0901496069525716,-170.9734418685718,1.5986764975962138,122.52599377940356,-1.5099696368522297,0.4991,0.5022,192.997,199.637,0.677504669
2024-06-18 17:14:51.105851,422.93949699401855,1,159.75226033869183,-2.095574012766177,-171.02488445736225,1.6503460923661228,122.5768696752968,-1.6108982645693546,0.4996,0.5022,192.997,199.637,0.677636984
2024-06-18 17:14:52.066878,423.9005239009857,1,159.67952804599477,-1.9647124916485108,-171.03466201610073,1.6685531839895527,122.73511491160697,-1.4665872425947568,0.5001,0.5022,192.996,199.638,0.677567527
2024-06-18 17:14:53.091948,424.9255938529968,1,159.78605819046982,-2.078052024243308,-170.92735288402827,1.7642560913455412,122.49312878602805,-1.5399959848946767,0.5001,0.5022,192.997,199.638,0.677546575
2024-06-18 17:14:54.079440,425.91308546066284,1,159.6921756435965,-2.105117300629911,-170.951501099551,1.4964753636087245,122.41829536387803,-1.524295553279196,0.5001,0.5022,192.996,199.637,0.677565282
2024-06-18 17:14:55.104753,426.9383988380432,1,159.49045778903024,-2.1705547358473862,-171.1316107243616,1.7143801438133295,122.4341665636681,-1.7430614992430533,0.4991,0.5022,192.996,199.637,0.677536643
2024-06-18 17:14:56.106944,427.9405891895294,1,159.74228778334134,-2.097238039656931,-170.93094837431713,1.6070854132328831,122.48005426725965,-1.5140730101348834,0.5001,0.5022,192.997,199.636,0.677564806
2024-06-18 17:14:57.120488,428.95413303375244,1,159.72329384508652,-2.0579919383883074,-170.93432738752742,1.5802081063106392,122.48122115842098,-1.5877390153907178,0.4996,0.5022,192.996,199.637,0.677599025
2024-06-18 17:14:58.124069,429.9577143192291,1,159.70000009482797,-2.1018310328994003,-170.9082122376578,1.6594684721768616,122.5270377219297,-1.5081278877983886,0.4996,0.5022,192.998,199.638,0.677537799
2024-06-18 17:14:59.096223,430.9298686981201,1,159.56806326866672,-2.049626161066253,-171.00222558270875,1.7200363663535383,122.43402195732614,-1.6495676072069163,0.5001,0.5022,192.997,199.637,0.677544674
2024-06-18 17:15:00.141665,431.975310087204,1,159.71083104138197,-2.061014840052687,-170.89661796733688,1.5997609722925652,122.47432189719359,-1.566565084038294,0.4985,0.5022,192.997,199.638,0.677530252
2024-06-18 17:15:01.101900,432.9355454444885,1,159.85625683747477,-2.0150959323080335,-170.76910585531,1.6074524374861354,122.45407674628606,-1.52610533843111,0.4996,0.5022,192.997,199.638,0.677549094
2024-06-18 17:15:02.132375,433.96602058410645,1,159.5693424538674,-2.1676195931103246,-170.93153006955106,1.5617719207495309,122.42296373351311,-1.4398034350324054,0.5001,0.5022,192.997,199.638,0.67754474
2024-06-18 17:15:03.110310,434.94395565986633,1,159.65382729992896,-2.084166079664579,-170.80804095198474,1.5443268061838942,122.45630196352569,-1.5371065197185654,0.5001,0.5022,192.997,199.639,0.677564332
2024-06-18 17:15:04.121201,435.95484709739685,1,159.65872655746432,-2.079005596621129,-170.73960603767048,1.6124290703795738,122.43058367703146,-1.5267434994534934,0.5007,0.5022,192.996,199.639,0.677546781
2024-06-18 17:15:05.117032,436.9506778717041,1,159.62446111268565,-2.067905697976206,-170.77105262269882,1.5996819924678862,122.44000481946271,-1.5163849316519469,0.5007,0.5022,192.998,199.638,0.677612156
2024-06-18 17:15:06.117131,437.95077681541443,1,159.79432648075493,-2.1439713015412507,-170.75204158266132,1.513038611928485,122.4320437780821,-1.5040567144901489,0.4996,0.5022,192.997,199.636,0.677503651
2024-06-18 17:15:07.144249,438.97789478302,1,159.43418320970193,-2.048981426480059,-170.9416707232774,1.6889195782153887,122.56331583165318,-1.6887508061072203,0.5001,0.5022,192.995,199.637,0.677551271
2024-06-18 17:15:08.128959,439.9626040458679,1,159.39602405793417,-1.944420960814742,-170.9188379576681,1.580237878277432,122.34137838868234,-1.6041890047133296,0.5001,0.5022,192.996,199.638,0.677550114
2024-06-18 17:15:09.143313,440.97695899009705,1,159.5665564232959,-2.0461655094012623,-170.82018789766641,1.674594169878742,122.38447331637467,-1.5459791474437412,0.5007,0.5022,192.997,199.638,0.67754542
2024-06-18 17:15:10.132960,441.9666061401367,1,159.54548439253756,-1.9994788275457347,-170.80179203281708,1.6497936646046594,122.47250849351693,-1.4940379902156287,0.5001,0.5022,192.996,199.638,0.6775161
2024-06-18 17:15:11.166306,442.99995136260986,1,159.557073419876,-2.236017382006359,-170.8123959015859,1.6588491315047362,122.34743893774852,-1.4861002381274822,0.4991,0.5022,192.996,199.638,0.677655354
2024-06-18 17:15:12.137270,443.9709153175354,1,159.66332765693917,-2.203855174445059,-170.68314086330767,1.659721884113825,122.3698980181237,-1.5186075397724872,0.4991,0.5022,192.996,199.637,0.677541066
2024-06-18 17:15:13.172096,445.0057415962219,1,159.54409557312277,-2.0530440525204283,-170.70676340121696,1.5752498828547519,122.37663427542259,-1.5386909612419926,0.4996,0.5022,192.996,199.638,0.677590047
2024-06-18 17:15:14.162245,445.99589014053345,1,159.52386842147686,-1.9869912760975275,-170.7121102779471,1.614697786953819,122.37159599304805,-1.5108383190694306,0.5007,0.5022,192.997,199.636,0.677574264
2024-06-18 17:15:15.159746,446.99339151382446,1,159.49608754643043,-2.2774697954750383,-170.77931542050575,1.6548102730670342,122.31430945156559,-1.5713226791545944,0.5001,0.5022,192.997,199.637,0.677536645
2024-06-18 17:15:16.148189,447.98183488845825,1,159.6021241774147,-1.9778160378368765,-170.6844036916954,1.6750008901755196,122.36523930760639,-1.5775819096438923,0.4996,0.5022,192.996,199.637,0.677435146
2024-06-18 17:15:17.153629,448.9872739315033,1,159.43508634369124,-2.095379357677381,-170.7521357796771,1.6977861959935179,122.38418256165309,-1.475886752399057,0.5001,0.5022,192.996,199.637,0.677488482
2024-06-18 17:15:18.188442,450.02208733558655,1,159.34849009914097,-1.8988960844020875,-170.80845147745916,1.608933941418701,122.28551206128864,-1.5805274187818712,0.5001,0.5022,192.997,199.638,0.677480523
2024-06-18 17:15:19.160070,450.9937152862549,1,159.49955081700426,-2.027799988691255,-170.51664728742236,1.6309851076841642,122.31443035372399,-1.5309565051943557,0.4996,0.5022,192.997,199.637,0.677520728
2024-06-18 17:15:20.165563,451.99920868873596,1,159.2807631935638,-1.8291632869305614,-170.7991878413044,1.642083992846475,122.24018098767746,-1.483106868828797,0.5001,0.5022,192.996,199.636,0.677518075
2024-06-18 17:15:21.172076,453.0057215690613,1,159.38475540714643,-1.9794816946616574,-170.66808648794694,1.6453246582623842,122.3652504300995,-1.5316637172917915,0.4996,0.5022,192.995,199.637,0.677553858
2024-06-18 17:15:22.176729,454.0103747844696,1,159.25781967852387,-1.985668078094749,-170.7372945534868,1.8108270670496711,122.24047372468587,-1.549096326557743,0.4991,0.5022,192.996,199.636,0.677551341
2024-06-18 17:15:23.178064,455.01170897483826,1,159.36968326388467,-2.0831201619245623,-170.69154550727026,1.683514930643297,122.32626254071538,-1.4809658213798977,0.4996,0.5022,192.997,199.636,0.67757971
2024-06-18 17:15:24.182403,456.01604890823364,1,159.22413154574141,-2.1100710020488407,-170.80784445455896,1.741386243808658,122.20533279380014,-1.5669522141513572,0.4996,0.5022,192.998,199.637,0.67745896
2024-06-18 17:15:25.184755,457.0184009075165,1,159.50572930440566,-2.0218385158344185,-170.63047233988846,1.708481342183577,122.32612395149307,-1.5512731445172447,0.5001,0.5022,192.998,199.636,0.677496953
2024-06-18 17:15:26.186632,458.020277261734,1,159.4777549752034,-2.011728563531247,-170.63143710977977,1.7177100087771426,122.33156300385006,-1.5315519270584794,0.5007,0.5022,192.997,199.638,0.677554538
2024-06-18 17:15:27.223219,459.0568645000458,1,159.39543077072003,-2.0546051076537686,-170.46758186867248,1.6308519084160915,122.28524527162531,-1.522565758863948,0.5007,0.5022,192.997,199.637,0.677504809
2024-06-18 17:15:28.195555,460.0292010307312,1,159.1930635674353,-1.9836616396782591,-170.745977930968,1.5459964092355452,122.20303178488761,-1.5978718355151436,0.5001,0.5022,192.997,199.637,0.677559776
2024-06-18 17:15:29.197150,461.03079557418823,1,159.33038950624416,-1.998229479175232,-170.6209087471145,1.6815971685101743,122.26816578783664,-1.5577716244177051,0.5001,0.5022,192.997,199.638,0.677538143
2024-06-18 17:15:30.199791,462.03343629837036,1,159.26374992530916,-1.9062970118394829,-170.62867914934026,1.6703739118185532,122.2715343418049,-1.4729487407684632,0.5007,0.5022,192.998,199.637,0.677580659
2024-06-18 17:15:31.237283,463.07092905044556,1,159.0894502279584,-2.1653540861145872,-170.70603324600563,1.6703307106321381,122.47923396213963,-1.5956448042378841,0.5007,0.5022,192.998,199.637,0.67748644
2024-06-18 17:15:32.205661,464.03930592536926,1,159.43246792489424,-2.0328608889278583,-170.5553077961667,1.7292012511430108,122.28130088081726,-1.526038225354543,0.4991,0.5022,192.997,199.638,0.677503107
2024-06-18 17:15:33.207909,465.04155445098877,1,159.16263947711124,-2.0189717275567602,-170.65422487160154,1.5301012359109993,122.22080040821301,-1.6214670637925062,0.5001,0.5022,192.997,199.638,0.677466984
2024-06-18 17:15:34.214107,466.0477523803711,1,159.2067262205705,-2.0192384701847583,-170.61567517885734,1.6816353927396435,122.31838766777351,-1.5903804725686204,0.5001,0.5022,192.996,199.638,0.677530386
2024-06-18 17:15:35.235230,467.06887578964233,1,159.26178894770524,-2.130848290504549,-170.5833687394819,1.6731417004985425,122.26075362263907,-1.4983942519890912,0.5007,0.5022,192.997,199.637,0.677555488
2024-06-18 17:15:36.255909,468.08955454826355,1,159.42259015368168,-2.0543045121635437,-170.4921195948385,1.715726459444258,122.25328460678807,-1.5440839835619864,0.5001,0.5022,192.997,199.638,0.677513339
2024-06-18 17:15:37.254012,469.08765721321106,1,159.2673120663406,-2.0656633558534474,-170.5188439361547,1.5844588025081652,122.23596195397684,-1.4993257165222382,0.4991,0.5022,192.997,199.638,0.677554198
2024-06-18 17:15:38.231811,470.06545639038086,1,158.9330858604354,-2.044859000539049,-170.6538716664726,2.0350676369246252,122.05919427618153,-1.6005224199559154,0.4991,0.5022,192.997,199.637,0.677581817
2024-06-18 17:15:39.234159,471.06780457496643,1,159.10712140333519,-2.0190513443431013,-170.51470405548503,1.7724837139696126,122.17571053241494,-1.5497055808960123,0.5001,0.5022,192.997,199.637,0.677503789
2024-06-18 17:15:40.235077,472.068722486496,1,159.27673850217562,-2.0671402882822214,-170.49117232113454,1.754046789323433,122.24579108798791,-1.5081091947028464,0.4996,0.5022,192.996,199.638,0.6775693
2024-06-18 17:15:41.236115,473.0697600841522,1,159.09230438493344,-2.0033502621614576,-170.5794279538409,1.6753212977001555,122.28245535338885,-1.4666425886945427,0.4996,0.5022,192.997,199.637,0.677494607
2024-06-18 17:15:42.267348,474.1009941101074,1,159.26111959142776,-2.050989179316906,-170.1983885846201,1.6106235627239638,122.22300167279037,-1.5295506978632307,0.5007,0.5022,192.998,199.638,0.67749345
2024-06-18 17:15:43.240152,475.07379722595215,1,159.1508197248161,-1.9807694457050138,-170.4828765073888,1.688386648821951,122.21086479378557,-1.5060887501588192,0.4996,0.5022,192.998,199.638,0.677554404
2024-06-18 17:15:44.267992,476.1016376018524,1,159.18036094175747,-1.983775575724589,-170.50307145858156,1.670515797085755,122.22365512795267,-1.5166380132055621,0.4996,0.5022,192.998,199.637,0.677529165
2024-06-18 17:15:45.283083,477.1167287826538,1,159.06225311227348,-2.1925839245234897,-170.4839125993247,1.4640072970592966,122.14130336293275,-1.5535545040289787,0.4996,0.5022,192.998,199.638,0.677513519
2024-06-18 17:15:46.248334,478.0819797515869,1,159.21997980613313,-1.8747652868041247,-170.4671239005895,1.6271432064532974,122.17317777546963,-1.545188511353303,0.4991,0.5022,192.998,199.636,0.677526104
2024-06-18 17:15:47.281392,479.11503744125366,1,159.12918135614174,-1.9984785801589737,-170.32660997960295,1.6878191523107724,122.17692427563563,-1.5248264640630311,0.5001,0.5022,192.999,199.638,0.677582363
2024-06-18 17:15:48.259608,480.09325337409973,1,159.06241573954503,-2.069381450169728,-170.47769677278046,1.7592719229170435,122.19323757602591,-1.4705821847161848,0.4991,0.5022,192.997,199.638,0.677549778
2024-06-18 17:15:49.260685,481.09433007240295,1,159.1359226716108,-1.8905768702402566,-170.46604182924688,1.6894763745294776,122.15470030843194,-1.5102259133769593,0.4996,0.5022,192.996,199.638,0.677537533
2024-06-18 17:15:50.285778,482.1194233894348,1,158.8566158721348,-2.0688523212401426,-170.5871475998202,1.5896509189319488,122.09315601875112,-1.4272977654527756,0.4996,0.5022,192.997,199.636,0.677509301
2024-06-18 17:15:51.296448,483.13009333610535,1,159.0321315870812,-1.9638542714095517,-170.45126002829397,1.6166766925075566,122.14869767683867,-1.510584431245257,0.4996,0.5022,192.997,199.637,0.677524948
2024-06-18 17:15:52.267173,484.1008183956146,1,159.20580651797508,-2.1745626224521777,-170.39473450723395,1.675135595233176,122.1455923177079,-1.5261135314445489,0.5007,0.5022,192.998,199.637,0.677556173
2024-06-18 17:15:53.288657,485.12230253219604,1,158.82629924502837,-2.080361566567771,-170.5137503804043,1.5487401063615793,122.07210641192161,-1.5472006615289728,0.5001,0.5022,192.998,199.637,0.677519233
2024-06-18 17:15:54.276795,486.1104407310486,1,159.0121195402691,-2.0209987621282792,-170.41013417641113,1.5798116703256802,122.15265473201363,-1.5513195300251834,0.5001,0.5022,192.998,199.638,0.677528961
2024-06-18 17:15:55.314970,487.14861536026,1,158.97589199917317,-2.027745235783386,-170.42445656877254,1.7508794174519882,122.1440399400641,-1.4731078276333183,0.4991,0.5022,192.998,199.638,0.677521546
2024-06-18 17:15:56.313099,488.14674496650696,1,159.04015172759512,-1.8860515452547864,-170.39785940629233,1.6457772177048464,122.12278828375894,-1.539225565612888,0.4996,0.5022,192.998,199.636,0.677472974
2024-06-18 17:15:57.286202,489.1198477745056,1,158.96739615577573,-2.0280074336837495,-170.4458670548138,1.5801098338895783,122.16394571260346,-1.5722836197376027,0.5001,0.5022,192.999,199.637,0.677537397
2024-06-18 17:15:58.283806,490.1174521446228,1,159.1453277183052,-2.203045150285425,-170.3373576991469,1.6620817715347977,122.11982396816727,-1.5171402503564664,0.4996,0.5022,192.999,199.637,0.677531682
2024-06-18 17:15:59.308233,491.1418786048889,1,158.83122578169505,-1.9413131191750805,-170.47440879532024,1.612547136566367,122.07188425728555,-1.6046079279374899,0.4996,0.5022,192.998,199.637,0.677558826
2024-06-18 17:16:00.291184,492.12482953071594,1,158.94057769973247,-1.9837598342239646,-170.261458865016,1.6853161352728248,122.12491204594413,-1.5321800115251132,0.4991,0.5022,192.998,199.637,0.677461001
2024-06-18 17:16:01.295361,493.12900614738464,1,158.98751590898496,-2.0211036200601593,-170.29590999315556,1.5366237480996763,122.09916560794437,-1.5149100024162878,0.4996,0.5022,192.998,199.636,0.677431273
2024-06-18 17:16:02.298761,494.1324064731598,1,158.92602604846695,-2.074656366595516,-170.26703068346836,1.5496017733192347,122.11085670844446,-1.527160525371884,0.5001,0.5022,192.998,199.638,0.677512566
2024-06-18 17:16:03.329744,495.16338896751404,1,158.9709875567233,-2.0230188449061295,-170.26900073865693,1.5589348279805963,122.09849364471671,-1.5054837147819884,0.5001,0.5022,192.998,199.638,0.677446103
2024-06-18 17:16:04.308988,496.14263367652893,1,158.87944167028698,-2.139081400180735,-170.34476516358603,1.6919918863966692,122.12015553147647,-1.4593635571889998,0.5001,0.5022,192.998,199.638,0.677491546
2024-06-18 17:16:05.313789,497.1474344730377,1,158.7803231031639,-1.8920969102943115,-170.4105669041931,1.636590889684875,122.06427274637566,-1.6026098424859916,0.5001,0.5022,192.999,199.637,0.677505832
2024-06-18 17:16:06.323507,498.1571526527405,1,158.70560019329096,-2.143580875434303,-170.44178066903146,1.5643102553484374,122.02068764215063,-1.4558060089811173,0.4996,0.5022,192.999,199.637,0.677518621
2024-06-18 17:16:07.316993,499.15063858032227,1,158.73887522834468,-2.097160530518958,-170.34034656252828,1.5854679214957734,122.08395614273789,-1.5210279086940925,0.4996,0.5022,193.0,199.637,0.677565765
2024-06-18 17:16:08.323163,500.1568088531494,1,158.8479821009223,-2.0460315268205695,-170.2882479899021,1.767826919315408,122.07605042313018,-1.4857706883708062,0.4985,0.5022,193.0,199.637,0.677591887
2024-06-18 17:16:09.324491,501.1581361293793,1,158.851835273802,-2.078853435335782,-170.2996253203726,1.6145288036532983,122.09316905761301,-1.5139340795674083,0.5001,0.5022,192.999,199.637,0.677527089
2024-06-18 17:16:10.329423,502.1630685329437,1,158.62930638611184,-1.9748491277098577,-170.4429991580702,1.6600885797221794,122.0094561967271,-1.4166227993182907,0.5001,0.5022,193.0,199.638,0.67748372
2024-06-18 17:16:11.348873,503.18251872062683,1,158.70005426281352,-2.0517105325729568,-170.31284591277358,1.5680171595169419,122.06344228834843,-1.5582610808880348,0.5007,0.5022,192.999,199.639,0.677475761
2024-06-18 17:16:12.339871,504.17351627349854,1,158.76045041512995,-2.0348494171416123,-170.23594604990674,1.8112430127221584,122.03661133198274,-1.4870734272454529,0.5001,0.5022,192.999,199.637,0.677496374
2024-06-18 17:16:13.342314,505.17595958709717,1,158.8983334205173,-2.1984067880610767,-170.24511456430784,1.6808560817658935,122.04687737240197,-1.5392538883803328,0.5001,0.5022,192.998,199.637,0.677467938
2024-06-18 17:16:14.388436,506.22208189964294,1,158.7656934377258,-2.1141645071163815,-170.27618399624612,1.6609499815474047,122.0772133199046,-1.4860211445312455,0.5001,0.5022,192.999,199.637,0.677502496
2024-06-18 17:16:15.350246,507.1838915348053,1,158.73491866560167,-2.1679488368287663,-170.2594945978425,1.6454969403198807,122.0524645540149,-1.494810737682391,0.4996,0.5022,193.0,199.637,0.67745304
2024-06-18 17:16:16.352460,508.18610548973083,1,158.75297240056528,-2.0505074949499504,-170.275495065247,1.654666142148502,122.10380670768359,-1.478671798725401,0.4996,0.5022,192.999,199.637,0.677486986
2024-06-18 17:16:17.381385,509.21503043174744,1,158.7542065391138,-2.041439543194238,-170.11050746913068,1.534545898376984,122.01632883024331,-1.5290434530222232,0.4996,0.5022,192.999,199.638,0.677623995
2024-06-18 17:16:18.356098,510.1897437572479,1,158.67324320778394,-2.123526400891248,-170.27354882990159,1.6478890771648786,122.07251327217388,-1.444773139794631,0.4991,0.5022,192.999,199.637,0.677493178
2024-06-18 17:16:19.383605,511.21725058555603,1,158.67416798531468,-2.022135091568199,-170.2769537034797,1.6270058782086907,122.0953089390406,-1.5699751861706233,0.5001,0.5022,192.999,199.637,0.677604133
2024-06-18 17:16:20.361250,512.1948955059052,1,158.70173147461475,-1.9726902503811632,-170.22458368864807,1.6685266541711954,122.04228466869228,-1.5081117865106197,0.5001,0.5022,192.999,199.636,0.677538246
2024-06-18 17:16:21.400785,513.2344310283661,1,158.89711281032467,-2.1213924081884294,-170.176172714212,1.6747052846944668,122.01432234109821,-1.5099644015191798,0.5001,0.5022,192.999,199.637,0.677601137
2024-06-18 17:16:22.370248,514.2038931846619,1,158.7228762610184,-2.1374309384533214,-170.13555652318888,1.670245503203858,122.04881677334915,-1.5434193547626909,0.4996,0.5022,192.999,199.637,0.677578212
2024-06-18 17:16:23.373494,515.2071394920349,1,158.62016100925186,-2.1392919056462154,-170.239541972617,1.636655609303218,122.04344934886544,-1.4572992046808317,0.5001,0.5022,192.999,199.637,0.677609437
2024-06-18 17:16:24.373018,516.2066633701324,1,158.76176492561072,-2.088573591804043,-170.11537493272584,1.7167833758822044,122.02374467293187,-1.5156814925643902,0.5001,0.5022,192.999,199.638,0.677583314
2024-06-18 17:16:25.378591,517.2122366428375,1,158.46670138940934,-2.1106587607780476,-170.32893660440493,1.59058635504649,121.94521657205549,-1.4519921493358285,0.4996,0.5022,192.998,199.637,0.677619165
2024-06-18 17:16:26.401787,518.2354323863983,1,158.5437850935763,-2.027985985124229,-170.21344654456232,1.8158184053563002,121.95622839608468,-1.5705473612770062,0.5001,0.5022,192.999,199.636,0.677647533
2024-06-18 17:16:27.383977,519.2176222801208,1,158.62686891054133,-2.3100638630015595,-170.21513632538054,1.675164354837978,121.96000629291977,-1.5271898195860387,0.5001,0.5022,193.0,199.637,0.677662023
2024-06-18 17:16:28.412325,520.2459709644318,1,158.62309025253558,-1.966151147307629,-170.19350077157614,1.6354662690857944,122.00205370205758,-1.5217698916902147,0.4996,0.5022,193.0,199.637,0.677638825
2024-06-18 17:16:29.397527,521.2311720848083,1,158.5760902307873,-1.9760211439563597,-170.20289080574972,1.6490491030350911,122.04827625589728,-1.5740643425846106,0.5001,0.5022,192.999,199.637,0.677541817
2024-06-18 17:16:30.391778,522.2254235744476,1,158.56068643326066,-1.9921684785757634,-170.20373514708902,1.6342574211639347,122.07070189162718,-1.5617507676964861,0.4996,0.5022,193.0,199.638,0.677588348
2024-06-18 17:16:31.391905,523.2255506515503,1,158.5815776277396,-1.9013092249705754,-170.1753921243313,1.548333512491693,121.98624785547689,-1.527748357292541,0.5001,0.5022,192.999,199.638,0.677554538
2024-06-18 17:16:32.398383,524.2320282459259,1,158.5422020413011,-2.0223604439368836,-170.19564356231533,1.6839203500848432,122.08225820584313,-1.540538824692837,0.5007,0.5022,192.999,199.636,0.677649165
2024-06-18 17:16:33.407945,525.2415900230408,1,158.6896606773693,-2.1157930814675043,-169.92973417586484,1.4680366294156488,121.98557469546304,-1.5451571662461427,0.5012,0.5022,192.999,199.637,0.677619845
2024-06-18 17:16:34.405918,526.2395632266998,1,158.60518382586272,-2.0389753491033606,-169.98933041204043,1.53586416039131,121.96516017877117,-1.517060215044522,0.5001,0.5022,192.999,199.636,0.677578894
2024-06-18 17:16:35.424013,527.2576589584351,1,158.370922378139,-2.248585985149087,-170.25863050410433,1.6195243769270107,122.0087794083803,-1.328431946196019,0.5001,0.5022,193.001,199.637,0.677632024
2024-06-18 17:16:36.429916,528.2635617256165,1,158.53566051841145,-2.1124313450919687,-170.13455674269412,1.6125504359937883,121.97599972529203,-1.5186923899608527,0.5007,0.5022,193.0,199.638,0.677638895
2024-06-18 17:16:37.428974,529.262619972229,1,158.51475152194712,-2.0649949096452254,-170.12244857440658,1.6636809868647096,121.99404871953729,-1.507951695215021,0.4991,0.5022,193.0,199.637,0.677643113
2024-06-18 17:16:38.418046,530.2516915798187,1,158.52955483013835,-2.126534102070408,-170.09804157907135,1.6797564245029901,121.97398833891613,-1.4912846473678332,0.4991,0.5022,192.999,199.638,0.677576241
2024-06-18 17:16:39.421365,531.2550110816956,1,158.32828041633772,-2.171267529141947,-170.24106338614772,1.5959853209324433,121.89179942089096,-1.4339661066135712,0.4991,0.5022,193.0,199.638,0.67754522
2024-06-18 17:16:40.429271,532.2629163265228,1,158.56635235786652,-2.094119363587037,-170.06716109462985,1.5147433153291032,121.96050619756981,-1.4778498442161085,0.4996,0.5022,193.0,199.638,0.677580527
2024-06-18 17:16:41.464461,533.2981061935425,1,158.41559066306058,-2.0771600956572183,-170.10935753930406,1.8195918405527423,121.89292204403878,-1.5334271294353565,0.4996,0.5022,193.001,199.638,0.677544472
2024-06-18 17:16:42.429841,534.263486623764,1,158.55974690214902,-2.036316230207664,-169.9352337789992,1.5857812374926858,121.93618905666074,-1.5162755548506686,0.4991,0.5022,193.0,199.638,0.67763261
2024-06-18 17:16:43.433458,535.2671031951904,1,158.5340238940201,-2.0653313438396688,-169.934764894325,1.7294753710143738,121.94180949302982,-1.5172350717631409,0.5007,0.5022,193.0,199.637,0.677635223
2024-06-18 17:16:44.471690,536.3053359985352,1,158.46467243404015,-1.9773087779842526,-169.98334062459605,1.6696099142179066,121.9732352712638,-1.5166500497752071,0.4996,0.5022,193.0,199.637,0.677499031
2024-06-18 17:16:45.440103,537.2737488746643,1,158.36225664287556,-2.0493040215180782,-170.08110926244157,1.8213311050327825,121.89076250139885,-1.5141255436309369,0.5001,0.5022,193.0,199.637,0.677574338
2024-06-18 17:16:46.447643,538.2812881469727,1,158.30595803622518,-2.150924755723185,-170.13487232367854,1.542501613684063,121.85254266063036,-1.5594892309146378,0.4996,0.5022,193.0,199.638,0.677549168
2024-06-18 17:16:47.449835,539.2834808826447,1,158.54062461872329,-2.122294869694667,-169.97061086568965,1.671469013062027,121.92876823642388,-1.5329371298734618,0.5001,0.5022,192.999,199.637,0.677535222
2024-06-18 17:16:48.456272,540.2899174690247,1,158.45832629464888,-1.9087675160893751,-170.0348869282053,1.6700518148630787,121.9375493256354,-1.5233558795344044,0.5001,0.5022,192.999,199.636,0.677535086
2024-06-18 17:16:49.457936,541.291582107544,1,158.369643845177,-1.954753900727624,-170.0191692454061,1.6452875992208325,121.96686870296655,-1.569626271037816,0.4996,0.5022,193.0,199.639,0.677613522
2024-06-18 17:16:50.489076,542.322722196579,1,158.4542566887095,-1.8935386644325005,-170.05498841367302,1.6610817548018313,121.90420854158961,-1.5138493616195947,0.4996,0.5022,192.999,199.637,0.677559916
2024-06-18 17:16:51.487400,543.3210458755493,1,158.39161181508547,-1.9584796538716955,-169.98745630856448,1.6778502819377925,121.96961228359237,-1.4915921606319087,0.5007,0.5022,192.999,199.638,0.67757808
2024-06-18 17:16:52.483422,544.3170671463013,1,158.34005335161646,-1.7749865640550366,-170.04421254845383,1.653446238168813,121.92358063447554,-1.4046242303465812,0.4996,0.5022,193.0,199.638,0.677642298
2024-06-18 17:16:53.493326,545.3269720077515,1,158.36445201986137,-1.8803636893945959,-170.02264920997118,1.574672089990521,121.8770205353771,-1.5043485025650394,0.4996,0.5022,192.999,199.638,0.677581005
2024-06-18 17:16:54.487084,546.3207294940948,1,,,,,,,0.5007,0.5022,193.0,199.636,0.677586583
2024-06-18 17:16:55.680041,547.5136871337891,1,158.39452792765056,-1.9559201804018453,-169.99939705026858,1.6385476389829143,128.4333202432897,-5.518855605014513,0.5007,0.5022,193.0,199.636,0.677562909
2024-06-18 17:16:56.685933,548.5195786952972,1,158.40335184149222,-2.018212771803318,-169.85371733156788,1.7005111749795139,122.16400949866836,-1.7025228937774257,0.5007,0.5022,193.0,199.638,0.677601617
2024-06-18 17:16:57.691238,549.5248832702637,1,158.3868506702881,-2.1000678092372187,-169.87300081484364,1.689162890120797,121.92357688885407,-1.511036295416887,0.5007,0.5022,193.0,199.638,0.677599236
2024-06-18 17:16:58.695398,550.529043674469,1,158.3553441635167,-2.038764519917193,-169.81858268170873,1.7472633880703172,121.87013897341251,-1.5273458088767196,0.4996,0.5022,193.001,199.638,0.677575084
2024-06-18 17:16:59.697620,551.5312652587891,1,158.34658420729411,-2.0056112938026067,-169.81340150185355,1.7446362782032059,121.865683043546,-1.5211272191520007,0.4996,0.5022,192.999,199.638,0.677556309
2024-06-18 17:17:00.703230,552.5368759632111,1,158.31203088882094,-1.893200585067739,-169.95029712803571,1.6459068211623105,121.87431548160727,-1.5385334495458607,0.5001,0.5022,193.001,199.638,0.677555288
2024-06-18 17:17:01.703569,553.5372142791748,1,158.32283740318394,-2.2340971376440373,-169.98934528053132,1.6229355798454943,121.84761111564838,-1.521477492967941,0.5001,0.5022,193.0,199.639,0.677576513
2024-06-18 17:17:02.707859,554.5415048599243,1,158.3191921715082,-2.0066596721330203,-169.949402514319,1.5949733840413163,121.88378942724492,-1.5013354028611672,0.5001,0.5022,193.0,199.638,0.677591343
2024-06-18 17:17:03.713197,555.5468428134918,1,158.08862750532256,-2.039466753014659,-169.97493391278502,1.4913103262122585,121.83741074808798,-1.453554432177826,0.4985,0.5022,193.0,199.638,0.677615493
2024-06-18 17:17:04.715002,556.5486478805542,1,158.1507386116725,-1.9482379740211977,-169.9881299673214,1.570822286551895,121.84915199021194,-1.4467923908990141,0.5007,0.5022,193.001,199.638,0.677606718
2024-06-18 17:17:05.714750,557.5483956336975,1,158.21609419260636,-1.958983894654121,-169.9406250766994,1.670251757157534,121.96812107735903,-1.518921880333364,0.4996,0.5022,193.0,199.637,0.677587262
2024-06-18 17:17:06.718774,558.5524196624756,1,158.18122499561403,-1.8989762267313486,-169.98714643417708,1.618811467890331,121.83739681941663,-1.4337188742150104,0.4991,0.5022,193.0,199.636,0.677563996
2024-06-18 17:17:07.725429,559.5590741634369,1,158.13194686128634,-2.1059445485981523,-170.0320186876714,1.571807195824773,121.9275913536198,-1.673212980761447,0.5001,0.5022,193.0,199.636,0.677546649
2024-06-18 17:17:08.729892,560.5635371208191,1,158.31255893847563,-2.065892553494629,-169.8215117079793,1.7441411590962985,121.86361165916519,-1.5508497224898365,0.5007,0.5022,193.0,199.637,0.677629303
2024-06-18 17:17:09.736353,561.5699985027313,1,158.25086099061733,-2.085933480515642,-169.89802905036282,1.6772054911189735,121.86055088126676,-1.522361127538743,0.4996,0.5022,193.0,199.637,0.677679846
2024-06-18 17:17:10.735400,562.5690455436707,1,158.2446893114326,-2.304707951206507,-169.92559237128543,1.6212661659178973,121.81702248975306,-1.5234052107396308,0.5001,0.5022,193.0,199.636,0.677629641
2024-06-18 17:17:11.738012,563.5716571807861,1,158.19216576844266,-1.9630610068050558,-169.9245722386687,1.73268370092155,121.84705549531182,-1.5212254796382199,0.4996,0.5022,193.001,199.637,0.677554266
2024-06-18 17:17:12.738893,564.5725388526917,1,158.1408109432033,-1.9362289057871265,-169.91869340892129,1.666534504470346,121.88991890842802,-1.6008568571801025,0.5001,0.5022,193.001,199.636,0.677544062
2024-06-18 17:17:13.744431,565.5780763626099,1,158.25083564089059,-2.0789050603731134,-169.7558348749925,1.7223097717594467,121.85077618722309,-1.5227557281880537,0.5001,0.5022,193.001,199.636,0.677590661
2024-06-18 17:17:14.748872,566.5825171470642,1,158.2288337321612,-1.9750277297836438,-169.85133726878806,1.5350328456332696,121.86368693161222,-1.486408560724848,0.4996,0.5022,193.001,199.637,0.677568144
2024-06-18 17:17:15.756622,567.5902671813965,1,158.17259126306115,-2.0801925468719835,-169.82300069910835,1.6017547387231714,121.90298991534078,-1.527624724913571,0.4996,0.5022,193.001,199.637,0.677562429
2024-06-18 17:17:16.756461,568.5901067256927,1,158.26344114148233,-2.1353296287625327,-169.85115602821045,1.609897230747491,121.86103875392614,-1.5199942809435143,0.5007,0.5022,193.001,199.637,0.67749753
2024-06-18 17:17:17.793105,569.6267507076263,1,158.19540913621802,-2.003877589591029,-169.71901063483276,1.7524368395236696,121.81803099588478,-1.5172358857882566,0.5007,0.5022,192.999,199.637,0.677504537
2024-06-18 17:17:18.782697,570.6163427829742,1,158.1704593856144,-2.0275168834898922,-169.77054180088962,1.4911661024373062,121.81062914830977,-1.5439298820409306,0.4991,0.5022,193.0,199.636,0.677668757
2024-06-18 17:17:19.766833,571.6004784107208,1,157.96890271517188,-1.9318877224536501,-169.96592247998325,1.7652730723516101,121.72234525609127,-1.504062938497787,0.4996,0.5022,193.001,199.638,0.67756447
2024-06-18 17:17:20.773564,572.6072092056274,1,158.1256634477502,-2.0722430584658427,-169.85005947157538,1.6723549459057534,121.82983087734806,-1.5605221225140145,0.4996,0.5022,193.002,199.638,0.67760726
2024-06-18 17:17:21.781412,573.6150577068329,1,158.15814267036657,-2.0102337906210095,-169.82710043041678,1.737802427653096,121.86859876505272,-1.5426746268867437,0.4996,0.5022,193.001,199.636,0.677638689
2024-06-18 17:17:22.779803,574.6134481430054,1,158.1503173337291,-1.9796921966621708,-169.76736355877867,1.6116046638004342,121.85454934313614,-1.5136871359960695,0.5007,0.5022,193.002,199.636,0.67754542
2024-06-18 17:17:23.783229,575.6168746948242,1,157.9809532111768,-2.1102476626011306,-169.91731338881107,1.6282777370297705,121.80225804486781,-1.607935620211163,0.4991,0.5022,193.002,199.637,0.677545692
2024-06-18 17:17:24.788340,576.6219856739044,1,158.0203353489694,-2.0793438615839173,-169.81446404077593,1.4723615079549328,121.76673687014039,-1.5022743451260139,0.5001,0.5022,193.001,199.638,0.67757753
2024-06-18 17:17:25.818960,577.6526055335999,1,158.18087846273372,-1.9754651207997385,-169.76856368267653,1.6279393625292289,121.79261944959187,-1.5252828965391287,0.4996,0.5022,193.001,199.636,0.677599163
2024-06-18 17:17:26.792272,578.6259174346924,1,158.12055462363713,-2.0707338458025184,-169.7619465932977,1.7013232324359977,121.81016425806783,-1.5190832571649773,0.4996,0.5022,193.001,199.637,0.67761787
2024-06-18 17:17:27.799629,579.6332743167877,1,158.0987244732323,-2.0627564422185887,-169.79064552475663,1.6904665094497262,121.8187038106934,-1.528918009507889,0.4996,0.5022,193.001,199.637,0.677594605
2024-06-18 17:17:28.819910,580.6525583267212,1,158.05706339945155,-2.068329802187448,-169.75729793160596,1.7727326744064777,121.78034217908828,-1.540397252237133,0.4996,0.5022,193.001,199.637,0.677594576
2024-06-18 17:17:29.806276,581.6399216651917,1,157.98508478475566,-1.9575548660704687,-169.8540325512814,1.528506878408228,121.72311563259527,-1.5345032788654098,0.4991,0.5022,193.001,199.637,0.677510452
2024-06-18 17:17:30.808057,582.6417026519775,1,158.0803185009706,-2.010419361692616,-169.72123922186253,1.5040244041861923,121.77467283662011,-1.547979399252142,0.5007,0.5022,193.002,199.636,0.677509363
2024-06-18 17:17:31.833957,583.6676030158997,1,158.24879236699067,-1.9272372815131817,-169.720943467477,1.6341169752583036,121.79891680116917,-1.5192393002213203,0.5001,0.5022,193.002,199.637,0.677602222
2024-06-18 17:17:32.818292,584.6519372463226,1,158.06847676066988,-2.0591818727541904,-169.6841312065473,1.6110613570818322,121.8282242090739,-1.5173599906668567,0.4996,0.5022,193.001,199.638,0.677508955
2024-06-18 17:17:33.821248,585.6548938751221,1,157.97024488718938,-1.9809901602165516,-169.7648583806284,1.5355792654382396,121.78476934726609,-1.5788188939064032,0.4996,0.5022,193.0,199.637,0.677469635
2024-06-18 17:17:34.825866,586.6595115661621,1,158.05171736256383,-2.004110899638153,-169.7649372428153,1.6954002485745447,121.83309741407467,-1.5617720095702534,0.5001,0.5022,193.001,199.638,0.677531676
2024-06-18 17:17:35.825729,587.6593749523163,1,157.99025711691894,-2.0352918811194147,-169.81211596851486,1.6206124159084194,121.88111935647892,-1.4761711885382414,0.5001,0.5022,193.001,199.638,0.677567325
2024-06-18 17:17:36.828738,588.6623833179474,1,158.20072711282162,-1.900399724869279,-169.69969947037825,1.634536253631811,121.7757404893027,-1.5138751869513276,0.5007,0.5022,193.0,199.637,0.677593244
2024-06-18 17:17:37.837591,589.6712367534637,1,158.03951178711426,-2.1117335340523606,-169.67485216041064,1.6508149258440301,121.78817299478096,-1.4789927783610322,0.5007,0.5022,193.001,199.637,0.677509501
2024-06-18 17:17:38.839865,590.6735110282898,1,158.04611808263445,-1.9945865352222387,-169.66348616385892,1.7715599495974728,121.79015605395023,-1.5530504352900718,0.5007,0.5022,193.001,199.638,0.677649435
2024-06-18 17:17:39.851858,591.6855039596558,1,158.0635444870531,-2.1884975956178696,-169.71742704892867,1.6621723509541912,121.76874535583059,-1.5307970512851417,0.5001,0.5022,193.001,199.638,0.677641368
2024-06-18 17:17:40.850549,592.6841940879822,1,157.92151678199352,-2.150502318978109,-169.7744173060074,1.616504740057648,121.77216234517714,-1.6074936123184365,0.4991,0.5022,193.002,199.638,0.677631138
2024-06-18 17:17:41.852328,593.685973405838,1,157.87342023403974,-2.0048021242508813,-169.69696899674761,1.7554454084838964,121.7762169898243,-1.5613428764851291,0.5007,0.5022,193.001,199.637,0.677612702
2024-06-18 17:17:42.853260,594.6869051456451,1,157.97341893132108,-1.9866428767026028,-169.530212767959,1.7897052174255104,121.74373805864285,-1.5212744977541608,0.4996,0.5022,193.001,199.637,0.677564946
2024-06-18 17:17:43.862671,595.6963167190552,1,157.93744457165025,-2.0211152510569055,-169.66416640037625,1.510366354473448,121.73618438545036,-1.555725816918144,0.4991,0.5022,193.001,199.637,0.677499503
2024-06-18 17:17:44.885909,596.7195546627045,1,157.96980969487754,-1.9715394204515024,-169.65400366650508,1.5898984402724103,121.76705174649265,-1.518351013794385,0.5007,0.5022,193.002,199.638,0.677527191
2024-06-18 17:17:45.860456,597.6941015720367,1,158.13058387703074,-1.84752496406994,-169.64120557082725,1.6294402632050635,121.75105320247906,-1.5172054230830982,0.5001,0.5022,193.001,199.637,0.677459979
2024-06-18 17:17:46.860808,598.6944532394409,1,157.9086679585743,-1.8843169238816233,-169.6909852693029,1.6465581831230598,121.79733085263452,-1.4503693382068454,0.5001,0.5022,193.001,199.638,0.677575012
2024-06-18 17:17:47.915762,599.7494077682495,1,158.02170563784102,-1.8744104513702167,-169.63622737737506,1.6368782506314528,121.75548873801945,-1.4974153408446726,0.5001,0.5022,193.001,199.637,0.677553243
2024-06-18 17:17:48.882510,600.7161552906036,1,157.89984256254758,-1.9049664371094837,-169.69197027986192,1.6323961830523932,121.75440982454693,-1.5603351114916233,0.4996,0.5022,193.002,199.638,0.677520182
2024-06-18 17:17:49.871847,601.7054922580719,1,158.01354998076118,-2.0150512599074504,-169.3091291556041,1.7912366391458683,121.74434429868002,-1.5497510475770342,0.4996,0.5022,193.001,199.637,0.677527597
2024-06-18 17:17:50.873659,602.7073042392731,1,157.91004373654005,-2.0217765614218752,-169.66302745976895,1.6551686990104064,121.80084488997905,-1.4773877450628987,0.4996,0.5022,193.001,199.637,0.677500012
2024-06-18 17:17:51.873906,603.7075517177582,1,157.83838101650977,-1.9010691663075712,-169.6919498769227,1.6321149581348036,121.77681333725413,-1.4269902272178976,0.5001,0.5022,193.002,199.637,0.677491068
2024-06-18 17:17:52.878080,604.7117261886597,1,157.9617755510689,-2.0669427594822873,-169.48173588191887,1.647177416128803,121.74468781607865,-1.5170371434071646,0.4991,0.5022,193.002,199.638,0.677558552
2024-06-18 17:17:53.905369,605.7390148639679,1,157.85087962324857,-1.951901044226682,-169.64571317046298,1.7298863878179949,121.71662586116273,-1.5653050272929687,0.5001,0.5022,193.002,199.638,0.677527395
2024-06-18 17:17:54.904225,606.7378706932068,1,157.847436216471,-2.0272486052907532,-169.66998972485027,1.627562073875069,121.81708558977425,-1.457390289694119,0.4996,0.5022,193.002,199.638,0.677515898
2024-06-18 17:17:55.914728,607.7483732700348,1,157.722099425308,-2.0606626210985746,-169.73581081668215,1.6633602264897918,121.73704139553874,-1.6382001722727593,0.5001,0.5022,193.002,199.638,0.677506512
2024-06-18 17:17:56.887132,608.7207779884338,1,157.86773058590452,-2.102289440348083,-169.66938104386986,1.668321544448036,121.80697303639532,-1.6066306617858723,0.4996,0.5022,193.003,199.637,0.677586309
2024-06-18 17:17:57.889588,609.7232339382172,1,157.82411089985618,-2.2393736911220983,-169.69985245812046,1.6199746399535264,121.67752469279819,-1.5446348839250494,0.5001,0.5022,193.002,199.637,0.677554268
2024-06-18 17:17:58.900058,610.7337040901184,1,157.8462008783449,-2.03858396994578,-169.59848229806747,1.6153052544253579,121.77663297163734,-1.518556804945085,0.4996,0.5022,193.003,199.638,0.677460117
2024-06-18 17:17:59.892629,611.7262742519379,1,157.82641316253776,-2.0290536322809136,-169.59346825740909,1.6723776809704458,121.77066314289571,-1.5423292058342382,0.4996,0.5022,193.002,199.636,0.677441137
2024-06-18 17:18:00.897284,612.7309291362762,1,157.77022090585183,-2.018570713917578,-169.5496421687767,1.7419395152516215,121.72340679025528,-1.527217223013044,0.4996,0.5022,193.002,199.636,0.67750073
2024-06-18 17:18:01.897149,613.7307939529419,1,157.76685042969436,-2.03246088866602,-169.6287214816596,1.6136560266694793,121.82689131521374,-1.4701936071636792,0.5001,0.5022,193.002,199.637,0.677472566
2024-06-18 17:18:02.901508,614.7351536750793,1,157.8205588263425,-2.0101488918654566,-169.60017862159603,1.6524672404275491,121.7439914616331,-1.5461909224757269,0.5001,0.5022,193.002,199.637,0.677519029
2024-06-18 17:18:03.933295,615.7669403553009,1,157.93803000329532,-1.9057495000367997,-169.54044680880907,1.6155031856612825,121.7216328299371,-1.520999266235725,0.4996,0.5022,193.002,199.636,0.677497124
2024-06-18 17:18:04.908890,616.7425351142883,1,157.7934352587188,-2.058966170347447,-169.55975109307155,1.6893981405821652,121.7469117440253,-1.5246750532405746,0.5007,0.5022,193.003,199.638,0.677552433
2024-06-18 17:18:05.946807,617.7804522514343,1,157.75763588140845,-1.9486431109723918,-169.6005590380381,1.7356794330821292,121.70379604107276,-1.5796886679550954,0.5001,0.5022,193.002,199.637,0.677535086
2024-06-18 17:18:06.912128,618.7457737922668,1,157.80171062483396,-2.0423006818366285,-169.53919692933997,1.670156483887931,121.79970317751564,-1.541385689382422,0.4996,0.5022,193.002,199.637,0.677556038
2024-06-18 17:18:07.915169,619.7488143444061,1,157.5868442002821,-1.899430820611367,-169.6612851802295,1.8166200566459945,121.67083184641047,-1.6314886193518001,0.4991,0.5022,193.003,199.638,0.677542637
2024-06-18 17:18:09.141142,620.9747877120972,1,157.69767701004136,-1.8480080950930904,-169.60486283103546,1.658232601230244,121.67197244651904,-1.4789892077382172,0.4996,0.5022,193.003,199.638,0.677535154
2024-06-18 17:18:10.124007,621.9566869735718,1,157.67127828845562,-2.015812871917411,-169.5912837750871,1.7970720740600763,121.6660687522208,-1.5517903519680651,0.4996,0.5022,193.003,199.637,0.677495493
2024-06-18 17:18:11.157817,622.9914622306824,1,157.56145223736692,-2.0100584148299747,-169.68500619592984,1.628493537864665,121.65601396330396,-1.4079832366763676,0.5001,0.5022,193.002,199.638,0.677488214
2024-06-18 17:18:12.130047,623.9636924266815,1,157.80484096711902,-2.0457469306020357,-169.5796557594232,1.5645426993901559,121.75444856065923,-1.5737682519908862,0.5001,0.5022,193.001,199.636,0.67760672
2024-06-18 17:18:13.131641,624.96528673172,1,157.76692435852797,-1.9706042885418844,-169.5337314288134,1.610699771393318,121.7005789105999,-1.5269392831126662,0.5001,0.5022,193.001,199.638,0.677556377
2024-06-18 17:18:14.163529,625.9971747398376,1,157.58485185323883,-2.0153482810813963,-169.6370198708492,1.5956243068739224,121.67414590488147,-1.4040904819217697,0.5001,0.5022,193.002,199.638,0.677534744
2024-06-18 17:18:15.178020,627.0116658210754,1,157.81301802265696,-1.985148657188226,-169.39430291968966,1.6795455158612858,121.70105361430393,-1.5182119849599642,0.4996,0.5022,193.002,199.638,0.677563467
2024-06-18 17:18:16.347095,628.1807401180267,1,157.7646113365376,-1.9999718677783114,-169.52505626072673,1.668440911919367,121.7485289808782,-1.5376503686411627,0.4996,0.5022,193.002,199.638,0.677593658
2024-06-18 17:18:17.349124,629.1827692985535,1,157.69427323536223,-1.7828703274496487,-169.5453469783722,1.6760388776394883,121.68246830047347,-1.5792409689875844,0.4996,0.5022,193.001,199.638,0.677513901
2024-06-18 17:18:18.352960,630.1866059303284,1,157.73329480497938,-2.101190053617435,-169.5172198502985,1.6205582184183087,121.68971929540626,-1.5005036813755392,0.4996,0.5022,193.002,199.637,0.677476035
2024-06-18 17:18:19.383182,631.2168276309967,1,157.82521940574213,-2.1267685324038337,-169.4617759388273,1.6194450623305034,121.68695478437472,-1.5056426424371867,0.4991,0.5022,193.003,199.636,0.677538621
2024-06-18 17:18:20.358971,632.1926169395447,1,157.70055098069557,-1.9687760818259854,-169.32792596191146,1.5857761582760999,121.69397254140407,-1.5145287378712484,0.4991,0.5022,193.002,199.637,0.677557329
2024-06-18 17:18:21.359095,633.1927404403687,1,157.75057401731067,-2.02901605093716,-169.529978673837,1.52236386221431,121.80445975036915,-1.431213307013467,0.4996,0.5022,193.002,199.637,0.67762801
2024-06-18 17:18:22.386453,634.2200992107391,1,157.78282362401205,-2.0190226535780873,-169.36551055281902,1.5867137224879793,121.69531168271008,-1.524547146433679,0.4996,0.5022,193.003,199.637,0.677517671
2024-06-18 17:18:23.396685,635.2303304672241,1,157.7964485467692,-2.1257051281223682,-169.48684501571722,1.6493881430961035,121.66044534095765,-1.509200281863647,0.4991,0.5022,193.001,199.638,0.677498963
2024-06-18 17:18:24.572103,636.4057488441467,1,157.68407355099822,-2.0180591067980336,-169.5228305174258,1.726411658183341,121.810721377267,-1.5045286678481409,0.4996,0.5022,193.002,199.638,0.677566515
2024-06-18 17:18:25.572110,637.4057557582855,1,157.68545120325754,-2.025696038028967,-169.38433427421543,1.5230033881096185,121.67099161156486,-1.5021294397864013,0.5007,0.5022,193.002,199.639,0.677497126
2024-06-18 17:18:26.580185,638.4138307571411,1,157.69212407390074,-1.9653624246728352,-169.45730151831643,1.539237422332046,121.70408847875765,-1.4790405717382722,0.5007,0.5022,193.002,199.639,0.677511478
2024-06-18 17:18:27.609206,639.4418542385101,1,157.6294158726215,-2.1740858352327166,-169.54338114609345,1.5964894318136893,121.61811441540037,-1.5221032731671469,0.5007,0.5022,193.003,199.638,0.677461885
2024-06-18 17:18:28.577425,640.4110705852509,1,157.72475018825529,-2.053486699494063,-169.350731296777,1.7529061120474878,121.67755992114508,-1.5421908674089175,0.5007,0.5022,193.002,199.638,0.67751692
2024-06-18 17:18:29.578804,641.4124495983124,1,157.5922837894341,-2.2337277486462503,-169.51237560045985,1.6007335093068307,121.60128281523262,-1.5052424386272436,0.5001,0.5022,193.003,199.639,0.677574812
2024-06-18 17:18:30.580890,642.4145355224609,1,157.4651140339426,-2.0323881297860815,-169.59776267418493,1.615002040511778,121.58377766013132,-1.60549788111842,0.4996,0.5022,193.001,199.639,0.677565833
2024-06-18 17:18:31.584292,643.4179377555847,1,157.57519825922222,-1.978419505725607,-169.49832885840462,1.594251543920184,121.71934602090548,-1.4650941076753463,0.5001,0.5022,193.001,199.639,0.677587193
2024-06-18 17:18:32.587527,644.4211719036102,1,157.51953141840175,-1.986258269232455,-169.47200408895654,1.4852535200286938,121.62110606168628,-1.4667432253899437,0.4996,0.5022,193.002,199.638,0.677576581
2024-06-18 17:18:33.593643,645.4272885322571,1,157.6079327845789,-1.8474323806816682,-169.4609117942411,1.587949105580335,121.62193194508825,-1.5095891345589518,0.4996,0.5022,193.002,199.637,0.677639167
2024-06-18 17:18:34.614828,646.4484739303589,1,157.58558459307636,-2.03557814399928,-169.43223171920644,1.6535200925390972,121.72512949452309,-1.5540573841883747,0.4996,0.5022,193.003,199.636,0.677607602
2024-06-18 17:18:35.598329,647.4319741725922,1,157.5550055259796,-2.0114955320651218,-169.39678574374412,1.4785424274259285,121.62609029242512,-1.4884176220362066,0.5001,0.5022,193.002,199.638,0.677568622
2024-06-18 17:18:36.602148,648.4357931613922,1,157.64089028998666,-2.1394116417556455,-169.38891688733602,1.667126518358124,121.66771938754015,-1.487010680192062,0.4996,0.5022,193.004,199.638,0.677609507
2024-06-18 17:18:37.627756,649.4614019393921,1,157.7768135077934,-2.0995873609032536,-169.12304139813608,1.6909875033689667,121.6691445625117,-1.5044047273341548,0.5007,0.5022,193.003,199.636,0.677628827
2024-06-18 17:18:38.608813,650.4424586296082,1,157.53755656548418,-1.9104267530053232,-169.4210949545584,1.7526644118151635,121.61331427729885,-1.4914903875541348,0.4996,0.5022,193.002,199.637,0.677612908
2024-06-18 17:18:39.610287,651.4439327716827,1,157.78782383281185,-1.8842448686614048,-169.33035047165686,1.6475811625825774,121.64630746148768,-1.5059907011035882,0.4991,0.5022,193.001,199.638,0.677637941
2024-06-18 17:18:40.646417,652.4800629615784,1,157.6177800827891,-1.9887110300838913,-169.30376460710417,1.7412414781945151,121.6485481016525,-1.510427909108654,0.4991,0.5022,193.003,199.638,0.677521816
2024-06-18 17:18:41.650926,653.4845714569092,1,157.39197108559912,-2.1235206686937835,-169.45574314661786,1.6975256024687955,121.6637360305628,-1.4162719184015964,0.4996,0.5022,193.002,199.638,0.677573415
2024-06-18 17:18:42.638962,654.4726078510284,1,157.52461752416218,-1.9434452976386418,-169.37515864696562,1.6367305787757993,121.74890466714544,-1.5291472386458498,0.4991,0.5022,193.002,199.639,0.677565012
2024-06-18 17:18:43.631745,655.4653904438019,1,157.6136414813687,-2.0443185279613325,-169.29580162368973,1.7444010730422967,121.65610871165866,-1.5308497397514278,0.5001,0.5022,193.002,199.638,0.677710661
2024-06-18 17:18:44.666119,656.4997642040253,1,157.55787056557642,-2.05929798952761,-169.3532611597395,1.717439489438648,121.64790528091561,-1.5099648127871883,0.4996,0.5022,193.002,199.636,0.677616444
2024-06-18 17:18:45.635587,657.469232082367,1,157.3634444495853,-1.958102440615653,-169.42756847710191,1.5157416789532374,121.60338000754663,-1.429775195557957,0.5001,0.5022,193.002,199.637,0.677601818
2024-06-18 17:18:46.634791,658.4684364795685,1,157.52198280193753,-2.0353425007393238,-169.23466090903554,1.7499689795418043,121.62622397846089,-1.5293509636712894,0.5001,0.5022,193.003,199.637,0.677628417
2024-06-18 17:18:47.636269,659.4699149131775,1,157.49667771858194,-1.9066199441678253,-169.37456559148217,1.73478326273055,121.61008444794577,-1.4993220797035764,0.5001,0.5022,193.002,199.638,0.677584947
2024-06-18 17:18:48.659238,660.492883682251,1,157.54501315239148,-2.0111688418804867,-169.3016862412252,1.7799565835867337,121.6225895978695,-1.550065993765852,0.5001,0.5022,193.002,199.636,0.677549028
2024-06-18 17:18:49.650579,661.484224319458,1,157.5279582775638,-1.983679838800703,-169.38788449853195,1.6260372408143433,121.75694945633285,-1.5152402479688705,0.4996,0.5022,193.003,199.638,0.677481271
2024-06-18 17:18:50.647596,662.4812417030334,1,157.49393781429083,-2.0544513732935474,-169.34250411519133,1.7275792412106499,121.65105784653622,-1.5367723713420884,0.5001,0.5022,193.004,199.637,0.67761345
2024-06-18 17:18:51.670767,663.5044124126434,1,157.40887914815255,-2.016431198805742,-169.34604838300723,1.4901737531505188,121.57937764672128,-1.4750743633609908,0.5007,0.5022,193.002,199.637,0.677527939
2024-06-18 17:18:52.655955,664.4896008968353,1,157.45677717533917,-1.8103289472458595,-169.3500892380635,1.7249704052470343,121.63575987325648,-1.5188430794913816,0.5001,0.5022,193.004,199.637,0.677508687
2024-06-18 17:18:53.684942,665.5185871124268,1,157.45271423569227,-1.8287205928869221,-169.36998905666118,1.6168732899177576,121.6131477994362,-1.4751998576369398,0.5007,0.5022,193.003,199.637,0.677578008
2024-06-18 17:18:54.672225,666.5058703422546,1,157.52133063682058,-2.0074176910144215,-169.1769948702466,1.765617172514184,121.62465603519358,-1.5207795357678486,0.5001,0.5022,193.002,199.638,0.677524605
2024-06-18 17:18:55.680155,667.5138001441956,1,157.60621003650937,-2.1434700106811895,-169.26183329387652,1.6936750737710227,121.64001383461232,-1.5231673317316914,0.4991,0.5022,193.002,199.638,0.677503311
2024-06-18 17:18:56.674016,668.5076615810394,1,157.47763601555437,-1.840634205594302,-169.31071150634145,1.6405991603691017,121.66269172795567,-1.5919115746629648,0.4996,0.5022,193.002,199.638,0.677511202
2024-06-18 17:18:57.691688,669.5253341197968,1,157.62355028262184,-1.8351874734967704,-169.2636107118293,1.640957491531776,121.6264037746816,-1.5173539273271397,0.5001,0.5022,193.002,199.638,0.677510047
2024-06-18 17:18:58.671326,670.5049712657928,1,157.45531921783177,-1.9653278473810332,-169.3127981427928,1.7535845534488645,121.63372628335804,-1.4560759282837308,0.4996,0.5022,193.002,199.638,0.677501884
2024-06-18 17:18:59.679007,671.5126531124115,1,157.48592874235356,-1.9582343184026412,-169.22417116594727,1.7825894174446826,121.6168195777749,-1.5484367774079282,0.4996,0.5022,193.002,199.637,0.677570319
2024-06-18 17:19:00.678676,672.512321472168,1,157.36918597344044,-1.973436593745755,-169.37343409311904,1.6436211642112057,121.66607192527796,-1.6301315714669085,0.5001,0.5022,193.002,199.637,0.677585761
2024-06-18 17:19:01.681967,673.5156121253967,1,157.23770537349458,-2.0759828388802517,-169.44176873735324,1.698989195900758,121.52290099990394,-1.4897106633705177,0.5001,0.5022,193.001,199.637,0.67762236
2024-06-18 17:19:02.705677,674.5393223762512,1,157.51283265954214,-2.0500780697818906,-169.24985191314548,1.5270113928380493,121.63835292072974,-1.55605706723725,0.4996,0.5022,193.002,199.638,0.677532019
2024-06-18 17:19:03.690343,675.5239884853363,1,157.52693171786854,-2.156436786305232,-169.22903841569865,1.6476456459084146,121.6184939735677,-1.4907411370679682,0.4991,0.5022,193.002,199.638,0.677409467
2024-06-18 17:19:04.693456,676.5271019935608,1,157.53987220311086,-2.0490914143728394,-169.2327745336677,1.6785187411746243,121.67244123676625,-1.5084120709202318,0.5001,0.5022,193.001,199.637,0.677532701
2024-06-18 17:19:05.692615,677.5262606143951,1,157.36529866645213,-2.165833713407866,-169.32673781761778,1.6580151652463904,121.59660996986561,-1.4396198681791723,0.5001,0.5022,193.002,199.637,0.677516374
2024-06-18 17:19:06.698382,678.5320272445679,1,157.39158229215386,-2.104392336498236,-169.25875861400874,1.6404981849415112,121.67031106470374,-1.4571846381493763,0.4996,0.5022,193.003,199.637,0.677516306
2024-06-18 17:19:07.699918,679.5335636138916,1,157.40609782051945,-2.2048096069333907,-169.31296852176823,1.6396738527109502,121.5841793497707,-1.4382458089229864,0.5001,0.5022,193.001,199.638,0.677465761
2024-06-18 17:19:08.706296,680.5399420261383,1,157.40262360052336,-1.9031094922497311,-169.20567040885527,1.6363001015503478,121.64237470964238,-1.4659346997654374,0.4996,0.5022,193.002,199.637,0.677441135
2024-06-18 17:19:09.702072,681.5357174873352,1,157.44055025903575,-2.0204146373619816,-169.21673802703327,1.5292364699244994,121.62594897281735,-1.5611272257496784,0.5001,0.5022,193.003,199.637,0.677434536
2024-06-18 17:19:10.707943,682.5415887832642,1,157.4024282179633,-2.1214949305380792,-169.24852610574322,1.6232439861728751,121.61230259074945,-1.5633943965709949,0.4991,0.5022,193.003,199.638,0.677462496
2024-06-18 17:19:11.714913,683.548558473587,1,157.43203294058858,-1.9681210808776797,-169.16965909564567,1.5842040858374025,121.6408016602558,-1.5197730112902224,0.4996,0.5022,193.002,199.639,0.677509707
2024-06-18 17:19:12.718630,684.5522754192352,1,157.3321775909677,-1.9298672040880258,-169.26149801678423,1.6409698432221371,121.64492934227216,-1.6024775415807297,0.5001,0.5022,193.002,199.639,0.677527873
2024-06-18 17:19:13.720096,685.5537416934967,1,157.34650131066073,-2.014699418554333,-169.27226459451387,1.6158281393860074,121.71973656662924,-1.5072695321018201,0.4991,0.5022,193.003,199.639,0.677491682
2024-06-18 17:19:14.732373,686.5660185813904,1,157.38871088637865,-1.9863935516408926,-169.15471399544572,1.5848579587686367,121.63613215126855,-1.5124417989621193,0.4996,0.5022,193.003,199.638,0.677469436
2024-06-18 17:19:15.727120,687.5607657432556,1,157.32038203220054,-2.088708657764315,-169.21251826294528,1.457089695856244,121.55613189598594,-1.4795145901335773,0.5001,0.5022,193.002,199.638,0.677422973
2024-06-18 17:19:16.733436,688.567081451416,1,157.5696697091972,-1.8989426868912025,-169.14869545767593,1.628916802257695,121.59895049319668,-1.51998609983466,0.4991,0.5022,193.002,199.638,0.677488893
2024-06-18 17:19:17.733398,689.5670437812805,1,157.3338623622959,-2.009456503038023,-169.23695249198335,1.6209417551935401,121.71925834978423,-1.4966613915418538,0.5001,0.5022,193.001,199.638,0.677476784
2024-06-18 17:19:18.736632,690.5702772140503,1,157.18848400887222,-2.025043681977449,-169.31822207351686,1.6668777219484163,121.56661193902758,-1.616216298203454,0.4996,0.5022,193.001,199.638,0.677473382
2024-06-18 17:19:19.751208,691.584853887558,1,157.30134090081907,-1.9540152746040147,-169.24634994566276,1.7531864476306331,121.58309270860097,-1.4351878690819597,0.4996,0.5022,193.002,199.638,0.677465627
2024-06-18 17:19:20.743495,692.5771408081055,1,157.51843423506054,-2.0490418663645813,-169.14895040067032,1.7263840863885633,121.6221644873095,-1.5253913734290854,0.5001,0.5022,193.001,199.637,0.677543383
2024-06-18 17:19:21.745449,693.5790951251984,1,157.31017418896974,-1.9161373731928824,-169.1976388957784,1.762801385805426,121.57068121956031,-1.4924161507137739,0.5001,0.5022,193.002,199.637,0.677440727
2024-06-18 17:19:22.749732,694.5833775997162,1,157.36024715062948,-2.0902306613802177,-169.1272153417002,1.633176189856216,121.64571654023433,-1.4751457777435548,0.5001,0.5022,193.003,199.637,0.677477802
2024-06-18 17:19:23.759779,695.5934240818024,1,157.1505440308048,-2.0590337918857644,-169.22041698134984,1.481056258926835,121.52887572931321,-1.4694906805754813,0.5001,0.5022,193.003,199.638,0.677516984
2024-06-18 17:19:24.761972,696.5956175327301,1,157.29074501290168,-2.0137415973713795,-169.20277176241578,1.6425087260353421,121.64835494811048,-1.4796791487887324,0.4996,0.5022,193.003,199.637,0.677566781
2024-06-18 17:19:25.764085,697.5977303981781,1,157.19174227981927,-2.0269742718835233,-169.21895714456338,1.4599858042319727,121.5126430932317,-1.4895987125417993,0.5001,0.5022,193.003,199.638,0.677472182
2024-06-18 17:19:26.766655,698.6003005504608,1,157.3225880180604,-2.0075395169198993,-169.10194690788904,1.71206584747775,121.60334741349688,-1.513903411965277,0.4996,0.5022,193.002,199.638,0.677523449
2024-06-18 17:19:27.768060,699.6017055511475,1,157.20536169505624,-2.0337944544583983,-169.1405028077734,1.4805400306807313,121.55166542901048,-1.5511967188661908,0.5001,0.5022,193.002,199.636,0.677537055
2024-06-18 17:19:28.777956,700.6116011142731,1,157.23003784882724,-1.8444867330535983,-169.25013666585042,1.6118546437943062,121.533489360408,-1.4516878745902146,0.4996,0.5022,193.002,199.638,0.677468892
2024-06-18 17:19:29.772798,701.6064434051514,1,157.35056283697082,-1.9311032431060555,-169.08268301259972,1.6051594935715212,121.6012129639939,-1.4819482741862935,0.5001,0.5022,193.002,199.637,0.677431477
2024-06-18 17:19:30.775660,702.6093053817749,1,157.3991775640956,-1.9812330586179314,-169.1298331690718,1.6902389151572295,121.65280902415965,-1.5261230761515734,0.5001,0.5022,193.001,199.638,0.677526716
2024-06-18 17:19:31.778550,703.6121957302094,1,157.15214863116628,-2.076848330948089,-169.24025010419336,1.6384348730968155,121.56629242126414,-1.6092243842430656,0.4996,0.5022,193.002,199.638,0.677421
2024-06-18 17:19:32.782644,704.6162893772125,1,157.22335061989196,-2.0908003442898777,-169.17014227230635,1.6207317050081793,121.64274611941661,-1.576920283049955,0.5001,0.5022,193.0,199.638,0.677510866
2024-06-18 17:19:33.788435,705.6220808029175,1,157.2504802058979,-2.229960019938076,-169.18410391449737,1.6195786905409486,121.52918632415357,-1.5228601777310895,0.4996,0.5022,193.001,199.637,0.677473382
2024-06-18 17:19:34.792457,706.6261022090912,1,157.4923215831536,-2.050052190846113,-168.75423552719926,1.648362699489699,121.57493380774547,-1.4979427688293305,0.4996,0.5022,193.001,199.639,0.677493314
2024-06-18 17:19:35.797787,707.6314325332642,1,157.271018322931,-1.9598842531714016,-169.0725477789034,1.715483440665542,121.61550692368657,-1.5084231123090983,0.4996,0.5022,193.0,199.639,0.677485559
2024-06-18 17:19:36.800344,708.633989572525,1,157.35483662477037,-2.004081586577778,-169.03757229213755,1.75833620311091,121.59250990509932,-1.5300243776363702,0.4996,0.5022,193.0,199.638,0.677539302
2024-06-18 17:19:37.807205,709.6408503055573,1,157.08926148262051,-1.936526653075822,-169.2201568263444,1.5194856495005677,121.48811725651959,-1.4711896472560506,0.5001,0.5022,193.001,199.638,0.677556241
2024-06-18 17:19:38.810541,710.6441869735718,1,157.3080343288783,-2.0778528483731855,-168.9767812317299,1.598326494202758,121.58676739935353,-1.5144708811894574,0.4991,0.5022,193.001,199.638,0.677493382
2024-06-18 17:19:39.816136,711.6487843990326,1,157.25286953660688,-1.9148562865970247,-169.07620280506106,1.6066668932469967,121.61163648669547,-1.4626844999577895,0.4996,0.5022,193.001,199.638,0.677515015
2024-06-18 17:19:40.816502,712.6501474380493,1,157.3110307088145,-2.015269034610665,-169.09009195931247,1.7133861309348013,121.64552656876948,-1.4828794793151325,0.4991,0.5022,193.0,199.638,0.67751141
2024-06-18 17:19:41.823024,713.6566691398621,1,157.23051419872235,-1.8035000679139672,-169.14340908225148,1.6461798673165526,121.53868499304807,-1.4639468194215395,0.5001,0.5022,193.001,199.638,0.677470253
2024-06-18 17:19:42.825718,714.6593637466431,1,157.22866728080643,-1.9701026852009687,-169.04639837032192,1.5824420437664046,121.6078036462805,-1.5084722908721009,0.4996,0.5022,193.0,199.638,0.677561275
2024-06-18 17:19:43.848262,715.68190741539,1,157.23641945807373,-1.9126774019721036,-169.090451209213,1.6173432432916561,121.59034232267754,-1.545431909767303,0.4996,0.5022,193.001,199.637,0.67748277
2024-06-18 17:19:44.853970,716.687616109848,1,157.2700271621341,-2.102961248813288,-169.00890583144889,1.6311514085004661,121.59457208270008,-1.484392679908685,0.5001,0.5022,193.001,199.638,0.677493587
2024-06-18 17:19:45.835330,717.6689758300781,1,157.0747845485375,-1.8515055506781115,-169.18901167370908,1.5804862332066456,121.48573395255973,-1.470452216243623,0.5001,0.5022,193.0,199.638,0.677529642
2024-06-18 17:19:46.853150,718.6867952346802,1,157.13129186871367,-2.0156064739354083,-169.1257732338667,1.611325621136368,121.67887287086104,-1.4835676365193398,0.4991,0.5022,193.001,199.638,0.677551343
2024-06-18 17:19:47.845675,719.6793200969696,1,157.29645987029704,-2.2324076200214957,-169.03627044077248,1.6326973634873245,121.53377458767221,-1.4787290975333822,0.4991,0.5022,193.0,199.637,0.677519437
2024-06-18 17:19:48.842520,720.6761658191681,1,157.08796579232333,-1.9799372530974086,-169.10979502072598,1.8214267662409822,121.48580812885984,-1.468006880371975,0.5001,0.5022,193.0,199.638,0.67752624
2024-06-18 17:19:49.848524,721.6821699142456,1,157.20085559517378,-2.053969825998729,-169.05276317544522,1.646250455786535,121.62644782804217,-1.5428344120566608,0.5001,0.5022,193.0,199.637,0.677585901
2024-06-18 17:19:50.851842,722.685487985611,1,157.16901619690685,-2.072992685606208,-169.03024396892746,1.6772353375425255,121.57773031871426,-1.5191242003350436,0.4991,0.5022,193.0,199.639,0.677590119
2024-06-18 17:19:51.853096,723.6867413520813,1,157.19575837727226,-2.0587295267443406,-169.04197128481718,1.6506960554818202,121.58392332771739,-1.5107709795907622,0.4996,0.5022,193.0,199.638,0.677649303
2024-06-18 17:19:52.855800,724.6894452571869,1,157.28944777786975,-1.9892330363615323,-168.87387565864307,1.6404368400393925,121.57639241291115,-1.5075244365542346,0.4996,0.5022,193.001,199.639,0.6776425
2024-06-18 17:19:53.881981,725.7156267166138,1,157.24238698400055,-1.8105192958619465,-169.04107950897512,1.635322781846989,121.53485473004478,-1.487448750293439,0.4991,0.5022,193.001,199.638,0.677596513
2024-06-18 17:19:54.865207,726.6988520622253,1,157.23486553603274,-2.266421385793328,-169.0542199557303,1.628637858325857,121.52682140510181,-1.5384547194291684,0.4996,0.5022,193.001,199.638,0.677588282
2024-06-18 17:19:55.865977,727.699622631073,1,157.0422002125973,-1.8497122403519453,-169.1355095714405,1.6046571442693305,121.49139521349687,-1.471566721508318,0.4996,0.5022,193.001,199.638,0.677521274
2024-06-18 17:19:56.869652,728.7032976150513,1,157.246978986716,-1.811267767014494,-169.02045806540607,1.6586450970570705,121.55277443648816,-1.46957215988054,0.5007,0.5022,193.001,199.638,0.677614269
2024-06-18 17:19:57.872233,729.7058782577515,1,157.21387168197833,-1.9213895714559244,-168.97695572193481,1.6016252806225464,121.57076005268016,-1.479364717843518,0.4996,0.5022,192.999,199.638,0.677587125
2024-06-18 17:19:58.879884,730.7135293483734,1,156.9689754948381,-2.1924680948276807,-169.0817089118176,1.6342806766253477,121.57316940747775,-1.6183018773570002,0.4991,0.5022,193.0,199.637,0.677553656
2024-06-18 17:19:59.880904,731.7145500183105,1,157.05842760358894,-1.977918019967326,-169.08186229799279,1.6229090040344691,121.5830521569409,-1.4101724832298863,0.4991,0.5022,193.0,199.638,0.677629779
2024-06-18 17:20:00.885780,732.7194261550903,1,157.08707845905022,-2.007329636285519,-169.04561896507857,1.6203258519789825,121.65541656099094,-1.4374009303066981,0.5007,0.5022,193.0,199.638,0.677710801
2024-06-18 17:20:01.890766,733.7244117259979,1,157.2004268230908,-2.2205015325230626,-169.02571521780484,1.6451167791039054,121.52517612042635,-1.4771716815408944,0.5007,0.5022,193.001,199.639,0.677736652
2024-06-18 17:20:02.916399,734.7500448226929,1,157.14556470522456,-2.210552201585198,-169.02439064410547,1.6398998871599026,121.52352205698256,-1.5364642920572655,0.4991,0.5022,193.0,199.638,0.677707944
2024-06-18 17:20:03.897771,735.7314162254333,1,157.25069934753216,-1.8662532606722442,-168.9588071915136,1.630168925359902,121.55941323325322,-1.5027292511138362,0.4991,0.5022,193.0,199.636,0.677611003
2024-06-18 17:20:04.901258,736.7349038124084,1,157.2655002374127,-1.9523519965946445,-168.92777091752006,1.710327409028099,121.58385897105292,-1.5260268485198707,0.5007,0.5022,193.001,199.637,0.677631276
2024-06-18 17:20:05.949580,737.7832252979279,1,157.3333840839625,-1.9614877745590917,-168.64544258796403,1.6207757082230652,121.55298136197975,-1.4993843385553989,0.4996,0.5022,193.001,199.639,0.677624947
2024-06-18 17:20:06.911134,738.7447800636292,1,157.289442113997,-1.907798196819652,-168.86467496555957,1.6949094582618207,121.58386679422469,-1.530976715932234,0.4996,0.5022,192.999,199.638,0.677653791
2024-06-18 17:20:07.917002,739.7506475448608,1,157.05306205059063,-1.9587682203475376,-169.02637667557732,1.6475845824274529,121.65094766032674,-1.442738195933646,0.4991,0.5022,193.001,199.636,0.677677193
2024-06-18 17:20:08.916623,740.7502682209015,1,157.2547801096142,-1.9934171854313445,-168.8539581724373,1.574952459194396,121.56247122480423,-1.4968269938352878,0.4996,0.5022,193.001,199.637,0.677609369
2024-06-18 17:20:09.918477,741.7521224021912,1,157.00146495713724,-2.014336404359883,-169.01739830189828,1.5211240317724015,121.52669947600697,-1.4323444480988876,0.4991,0.5022,193.001,199.639,0.677705969
2024-06-18 17:20:10.924215,742.757860660553,1,157.19248285407946,-2.081830482670526,-168.87545910352733,1.63273373290248,121.56567777140005,-1.5022098716441952,0.4996,0.5022,193.0,199.639,0.677633043
2024-06-18 17:20:11.945896,743.7795419692993,1,157.13449873518275,-2.0376188442404075,-168.91729307297612,1.6031831644815104,121.58226948235105,-1.525643517403526,0.5001,0.5022,193.0,199.639,0.677657125
2024-06-18 17:20:12.925235,744.7588806152344,1,157.1184650165152,-2.040193425551856,-168.94618759164504,1.6063148023161364,121.57429845139102,-1.518036642880117,0.5001,0.5022,193.0,199.638,0.677669166
2024-06-18 17:20:13.930586,745.7642316818237,1,157.24863124122845,-1.9712016825910914,-168.91662965077398,1.567009074647774,121.58199049088088,-1.5067333921510002,0.4991,0.5022,193.0,199.639,0.677630526
2024-06-18 17:20:14.936330,746.76997590065,1,157.13368969527755,-2.0337046243711225,-168.81648338104853,1.4584416383603949,121.54912977351968,-1.4959245516626636,0.5001,0.5022,192.999,199.637,0.67765529
2024-06-18 17:20:15.954131,747.7877767086029,1,157.0293625944286,-2.0415051110415274,-168.97646903900235,1.6079672900826247,121.64791049222991,-1.4532581859481108,0.4996,0.5022,192.998,199.638,0.677691481
2024-06-18 17:20:16.940097,748.7737429141998,1,157.0761094997871,-2.021506421465001,-168.74360189882088,1.634500356826008,121.55529312561062,-1.511265194595556,0.5001,0.5022,193.0,199.638,0.677685288
2024-06-18 17:20:17.945963,749.7796084880829,1,156.99449055113254,-1.9913147637035051,-168.95898663423725,1.6583164315221959,121.64204736962381,-1.5529810307657133,0.5001,0.5022,193.0,199.638,0.677704744
2024-06-18 17:20:18.954652,750.7882978916168,1,157.15796477519797,-1.9981675134425554,-168.89462910179697,1.733470915015319,121.57068277251349,-1.48419088064935,0.5001,0.5022,192.999,199.638,0.677672839
2024-06-18 17:20:19.962187,751.7958328723907,1,157.08761892578877,-2.0028387776660272,-168.9217952178768,1.6703948455350417,121.5582270392382,-1.4918008150542867,0.4996,0.5022,193.0,199.638,0.677653927
2024-06-18 17:20:20.992565,752.8262104988098,1,157.20559538750993,-2.0715972110145646,-168.85352678652424,1.6845746667634733,121.56612526560215,-1.5022367560922862,0.4996,0.5022,192.999,199.637,0.677633655
2024-06-18 17:20:21.965964,753.7996098995209,1,157.06504199724296,-1.9811897894655228,-168.8829377418473,1.6630604009794376,121.62235929254008,-1.4783573096905416,0.5001,0.5022,192.999,199.637,0.677638757
2024-06-18 17:20:22.967536,754.8011817932129,1,157.11258789001806,-1.966913564417442,-168.7852953729257,1.7186419816614857,121.55382748649902,-1.5097785960105286,0.5001,0.5022,192.999,199.638,0.677647465
2024-06-18 17:20:23.973509,755.807154417038,1,157.07906508698494,-2.0276108174861407,-168.8917412649243,1.6205259267494803,121.55762909761624,-1.4867237063350849,0.4991,0.5022,193.0,199.637,0.677628895
2024-06-18 17:20:24.973836,756.8074812889099,1,157.2000811016801,-1.914842393896108,-168.87644015398507,1.5791501434943993,121.57572927992612,-1.527165462756026,0.4991,0.5022,193.0,199.637,0.677598146
2024-06-18 17:20:25.978177,757.8118224143982,1,157.14471812729929,-1.912761001309519,-168.87720334895775,1.5968793575486848,121.56507798392254,-1.5290428363265307,0.4991,0.5022,193.0,199.638,0.677660392
2024-06-18 17:20:27.012290,758.8459358215332,1,156.94713114084868,-1.9378560798945785,-168.95856022999988,1.5331344372399007,121.51201794980659,-1.607024384269532,0.4996,0.5022,192.999,199.638,0.677682569
2024-06-18 17:20:27.982840,759.8164856433868,1,156.93209505322756,-2.0323184340878773,-168.96277233742944,1.6840699093086409,121.56302637603137,-1.6254473682167065,0.4996,0.5022,192.999,199.638,0.677743659
2024-06-18 17:20:29.011941,760.8455867767334,1,157.17390098760043,-1.8330704049471003,-168.88858531956438,1.6473615272457949,121.52349069082281,-1.4965710058859556,0.5007,0.5022,192.999,199.638,0.677600255
2024-06-18 17:20:29.999094,761.8327393531799,1,157.07025430785927,-1.899941099270486,-168.88811825460263,1.6456424557152596,121.59700301810538,-1.5773158823398488,0.4991,0.5022,192.999,199.638,0.677613725
2024-06-18 17:20:31.020019,762.8536643981934,1,157.1165688394724,-1.9764746297572409,-168.7482304505315,1.7009740555787034,121.55466728403604,-1.5158151255928765,0.4996,0.5022,193.0,199.638,0.677682161
2024-06-18 17:20:32.000330,763.8339750766754,1,157.01625941397847,-1.977175025604412,-168.8916391161964,1.6122533173527658,121.59510337461347,-1.5660080025278924,0.5001,0.5022,193.001,199.638,0.677624269
2024-06-18 17:20:33.042356,764.8760011196136,1,156.9424270361527,-1.9395355114552,-168.9096183173053,1.792585390601887,121.47782800609188,-1.5446278151687907,0.5001,0.5022,193.0,199.638,0.677600391
2024-06-18 17:20:34.044092,765.8777375221252,1,157.03382069768193,-2.0358878800351436,-168.80771029801014,1.6919768082904347,121.56301202982137,-1.5100955678962793,0.5001,0.5022,193.0,199.638,0.677702297
2024-06-18 17:20:35.016094,766.8497395515442,1,156.95465166906988,-2.0577000335804048,-168.896189416682,1.6369127196861406,121.61688867214414,-1.437266927439822,0.5001,0.5022,192.999,199.638,0.677614813
2024-06-18 17:20:36.040978,767.8746237754822,1,157.09408153931483,-2.0067842827719327,-168.8517195813449,1.5609920849281085,121.57864931221047,-1.5272801185140006,0.4996,0.5022,192.999,199.638,0.677581479
2024-06-18 17:20:37.019484,768.8531296253204,1,157.03106548118902,-2.0443447374332195,-168.82159961131873,1.5681392636052467,121.55182948501397,-1.5251873893789727,0.5001,0.5022,192.999,199.638,0.677560935
2024-06-18 17:20:38.022624,769.8562700748444,1,157.0421929900468,-1.917324024244401,-168.75157880439698,1.6271910884416867,121.55319116568356,-1.5385714996990585,0.4996,0.5022,192.999,199.636,0.677585697
2024-06-18 17:20:39.026561,770.8602061271667,1,156.94264097711795,-1.9595078776047685,-168.8803760897313,1.6800135243584389,121.62415059839176,-1.4432103565707024,0.4996,0.5022,192.999,199.637,0.677646108
2024-06-18 17:20:40.031992,771.8656380176544,1,157.03648128381047,-1.9768747628724508,-168.8227397833819,1.5738212011083093,121.55753371029701,-1.5277027015242404,0.4996,0.5022,193.0,199.639,0.677639849
2024-06-18 17:20:41.050632,772.8842775821686,1,157.09573358418092,-1.8033515216054592,-168.80478920812382,1.6318492225499428,121.51805643369525,-1.535600539244609,0.5007,0.5022,192.999,199.638,0.677616107
2024-06-18 17:20:42.034236,773.8678815364838,1,156.9975886853884,-2.0288775769779015,-168.8300040199278,1.613262342957512,121.53067264978195,-1.5214666270671153,0.4996,0.5022,192.998,199.639,0.677539576
2024-06-18 17:20:43.037327,774.8709721565247,1,156.94040232786864,-1.9909086111907446,-168.86153765274116,1.6565531805275122,121.63444456067683,-1.527606177616986,0.4996,0.5022,192.998,199.639,0.67754114
2024-06-18 17:20:44.054755,775.8884000778198,1,156.92610581015703,-2.027127233953434,-168.81860641638187,1.7942436169802758,121.49716247135413,-1.4554799422044595,0.4996,0.5022,193.0,199.639,0.677548419
2024-06-18 17:20:45.041604,776.8752496242523,1,157.00265563467264,-2.0615487015928213,-168.78566095611131,1.7539774904045098,121.54286224588016,-1.4642638775851644,0.5001,0.5022,192.999,199.638,0.677517262
2024-06-18 17:20:46.057708,777.8913533687592,1,156.8302182038541,-1.9723153101025521,-168.9110187429158,1.647807609301928,121.5004022365361,-1.389122975965916,0.5001,0.5022,192.999,199.638,0.677508691
2024-06-18 17:20:47.046690,778.8803358078003,1,157.15788340579172,-1.9810814706700186,-168.69705944281827,1.6729959668060796,121.54942619468584,-1.4943141552298875,0.5001,0.5022,193.0,199.638,0.677565494
2024-06-18 17:20:48.050850,779.8844954967499,1,157.1144363466461,-2.147544387323076,-168.73149278515575,1.6682916030285786,121.52379148540368,-1.5312021645746492,0.4996,0.5022,192.999,199.638,0.677576787
2024-06-18 17:20:49.054901,780.8885464668274,1,156.8307677597567,-1.9736508637827117,-168.83976634027985,1.6606707133467007,121.61809386170508,-1.429576746332664,0.4996,0.5022,192.999,199.638,0.677523861
2024-06-18 17:20:50.057314,781.8909599781036,1,156.94064277299003,-2.055048927415267,-168.78967914491383,1.653137010266468,121.54012630570162,-1.5024105611716179,0.5001,0.5022,192.998,199.638,0.677488827
2024-06-18 17:20:51.058715,782.8923602104187,1,157.04219159610057,-2.019439295289898,-168.60396210411662,1.59097567270349,121.5450648836725,-1.5133521393619604,0.5001,0.5022,193.0,199.637,0.67753978
2024-06-18 17:20:52.081917,783.9155628681183,1,157.1368321426076,-2.2647024532124647,-168.65524958746784,1.5934528954710208,121.53896749205173,-1.4827973520932383,0.4991,0.5022,193.0,199.639,0.6775208
2024-06-18 17:20:53.119620,784.9532654285431,1,157.00567028978446,-2.035406430869682,-168.76415967913442,1.5921365975533568,121.59642392117475,-1.4841386452219634,0.5007,0.5022,193.0,199.637,0.677533997
2024-06-18 17:20:54.273096,786.1067411899567,1,157.0077421842979,-2.127254492505695,-168.7335000796499,1.641943856548271,121.53409179676872,-1.5362314772379095,0.5001,0.5022,193.001,199.638,0.677464745
2024-06-18 17:20:55.280086,787.1137311458588,1,157.02299068465976,-1.9890414441834472,-168.76822210696102,1.5867404671248264,121.5972069099096,-1.5170682683317434,0.4996,0.5022,193.0,199.638,0.677562977
2024-06-18 17:20:56.297924,788.1315696239471,1,156.87738881856757,-1.8174816946347432,-168.88073979561509,1.668038514157854,121.43594278470304,-1.5457690456945028,0.4991,0.5022,192.999,199.638,0.677590733
2024-06-18 17:20:57.300356,789.1340017318726,1,156.9468595573858,-1.9876202023589844,-168.73047300201475,1.7396671062249198,121.50927469736544,-1.4851273157048355,0.4996,0.5022,192.999,199.637,0.677517875
2024-06-18 17:20:58.284091,790.1177365779877,1,156.87598754159052,-2.1652194668334737,-168.8158860595704,1.5894131840831447,121.47830221205695,-1.4800780310959887,0.5007,0.5022,192.999,199.638,0.677596447
2024-06-18 17:20:59.291609,791.1252543926239,1,156.9070380403348,-1.8920321917106349,-168.77759429736423,1.615454713396154,121.5232285280955,-1.4513685848421385,0.4996,0.5022,192.999,199.639,0.677537535
2024-06-18 17:21:00.302760,792.1364054679871,1,156.9404122375173,-2.112504143395355,-168.64445310577474,1.6455285723270763,121.56468799522018,-1.5249547574694144,0.4996,0.5022,192.999,199.638,0.677557535
2024-06-18 17:21:01.323578,793.1572234630585,1,156.82766357203326,-1.9488223858548386,-168.71879908386373,1.5109060106518908,121.47654028194546,-1.5266410051934916,0.4991,0.5022,192.999,199.639,0.677629781
2024-06-18 17:21:02.298210,794.1318557262421,1,156.82235263664137,-2.0115207383966824,-168.81395073391462,1.562337468803291,121.56777141459905,-1.6149042046635254,0.4996,0.5022,192.999,199.639,0.677580121
2024-06-18 17:21:03.303055,795.1367001533508,1,156.84920617958613,-2.0877222685067034,-168.75292501944998,1.763850404423811,121.47954104066406,-1.5184544296322708,0.5001,0.5022,192.999,199.639,0.677617876
2024-06-18 17:21:04.314923,796.1475472450256,1,156.84986352495426,-2.1319380566415886,-168.76887993510488,1.733195313830843,121.50090712212551,-1.5767240868879302,0.4996,0.5022,193.0,199.638,0.677568011
2024-06-18 17:21:05.305461,797.1391065120697,1,156.94481534147246,-1.959229558786067,-168.7381266189007,1.6020136586971063,121.62281787711169,-1.545596223426203,0.4985,0.5022,193.0,199.638,0.677624679
2024-06-18 17:21:06.335348,798.1689939498901,1,157.09889185554562,-1.882862131740305,-168.66726951461544,1.657810496910299,121.52485189129773,-1.5074288643202316,0.4996,0.5022,192.999,199.638,0.677595767
2024-06-18 17:21:07.308707,799.142352104187,1,156.87213233032432,-2.0175576826241843,-168.7171691756621,1.8090214133523312,121.48877039280941,-1.567698357870787,0.4996,0.5022,192.999,199.638,0.677536106
2024-06-18 17:21:08.313838,800.1474833488464,1,156.97649561105712,-1.8753314120290125,-168.5053791532298,1.530025785541099,121.58268662079318,-1.538542856387235,0.4996,0.5022,192.998,199.637,0.67749835
2024-06-18 17:21:09.321816,801.1554613113403,1,156.9087444700679,-1.9913206888715784,-168.58461171498283,1.7784912262439883,121.50117530181068,-1.51099437137344,0.4991,0.5022,192.999,199.637,0.677451275
2024-06-18 17:21:10.345380,802.1790254116058,1,156.92939098424364,-2.029726664708308,-168.64142403405828,1.5328396054075455,121.51088672679715,-1.5334669167825725,0.4991,0.5022,193.0,199.637,0.677503315
2024-06-18 17:21:11.324741,803.1583864688873,1,156.82167230442553,-2.056901906302585,-168.6762792447694,1.6203927540227012,121.57183962769183,-1.5571249949450943,0.5001,0.5022,193.001,199.638,0.677558145
2024-06-18 17:21:12.328089,804.1617343425751,1,156.90745488641673,-1.9658937726494774,-168.54794029104485,1.6088643442144324,121.5571983676385,-1.5127588662241787,0.4991,0.5022,193.0,199.637,0.677584472
2024-06-18 17:21:13.365284,805.1989297866821,1,156.90919953343277,-1.9986327030013595,-168.6888732738126,1.5647232285515,121.5816787170096,-1.4484500401976586,0.4996,0.5022,193.0,199.637,0.67759767
2024-06-18 17:21:14.363922,806.1975674629211,1,156.89074561669094,-2.1409394826538186,-168.686213811643,1.6331736090109772,121.53484211829,-1.4427118468317242,0.4991,0.5022,193.0,199.637,0.677531206
2024-06-18 17:21:15.342602,807.1762478351593,1,156.91106755539147,-2.1053553890807595,-168.5289664085986,1.7053530785862405,121.52139219982784,-1.5005025444443068,0.4991,0.5022,192.999,199.639,0.677579098
2024-06-18 17:21:16.344304,808.1779499053955,1,156.74644010418288,-1.7820034493804306,-168.75203932201455,1.7024905073923702,121.44513732346248,-1.5355916355716512,0.5001,0.5022,192.999,199.638,0.677545152
2024-06-18 17:21:17.347394,809.1810395717621,1,156.74113810216264,-2.0361597457953247,-168.769969142774,1.6789821555593414,121.53299558561598,-1.401832871511375,0.5001,0.5022,193.0,199.637,0.677537805
2024-06-18 17:21:18.348046,810.1816916465759,1,156.75500271074984,-2.0920021857953075,-168.7551100713883,1.642436916594774,121.51522637751289,-1.4028598843290714,0.4996,0.5022,193.0,199.639,0.677556785
2024-06-18 17:21:19.358246,811.191891670227,1,156.86590332201908,-2.1713138999409227,-168.67877977009414,1.6301243362458517,121.53048267315494,-1.4436181821685998,0.5007,0.5022,192.999,199.638,0.677607602
2024-06-18 17:21:20.374614,812.2082598209381,1,156.79840280009444,-2.009036634915753,-168.67195638038913,1.7816878659714879,121.49381807897768,-1.5663833132219498,0.4996,0.5022,192.998,199.638,0.677608622
2024-06-18 17:21:21.357051,813.1906967163086,1,156.82607831802608,-1.97999103670718,-168.71048797420016,1.5918819556658987,121.58920544723097,-1.436603322291446,0.4996,0.5022,193.001,199.638,0.677572431
2024-06-18 17:21:22.384493,814.2181384563446,1,156.83419135007023,-2.013974487111801,-168.62887194773876,1.7876824314783115,121.50234515899521,-1.5453908514709747,0.5001,0.5022,193.0,199.638,0.677608758
2024-06-18 17:21:23.366675,815.200320482254,1,156.8262899724127,-1.9673532325714247,-168.69693221589498,1.5660328253212865,121.5703879899591,-1.4393198442577964,0.4991,0.5022,192.999,199.638,0.677565765
2024-06-18 17:21:24.369537,816.2031829357147,1,156.83649522195148,-2.0517634508947635,-168.63131785766024,1.5354122740736373,121.5236962194407,-1.5168411827524757,0.5001,0.5022,192.999,199.638,0.677512907
2024-06-18 17:21:25.390566,817.2242112159729,1,156.94872676250733,-1.8318748501469586,-168.63254602595816,1.6425149588372112,121.49708266580669,-1.5070137010098372,0.5007,0.5022,193.0,199.638,0.677585221
2024-06-18 17:21:26.374797,818.2084426879883,1,156.71094455213856,-1.8746980573490675,-168.74378035487464,1.7380934751132766,121.4362052934789,-1.458479576651641,0.5001,0.5022,193.0,199.639,0.677556989
2024-06-18 17:21:27.379342,819.2129871845245,1,156.83320277673334,-2.0075842889736752,-168.66083980209197,1.7096657310402772,121.52622055948079,-1.4452614262245431,0.5001,0.5022,193.0,199.639,0.677597942
2024-06-18 17:21:28.381554,820.2151997089386,1,156.87777419063963,-1.8977601092634655,-168.6018569307779,1.6479721828836702,121.51673253446616,-1.5564005783240655,0.5007,0.5022,192.999,199.638,0.677644065
2024-06-18 17:21:29.384757,821.2184028625488,1,156.7969272960911,-1.9616201350035622,-168.6550452676701,1.717496242970925,121.53393567476412,-1.437754668578706,0.5007,0.5022,192.998,199.638,0.67755386
2024-06-18 17:21:30.408212,822.2418577671051,1,156.81884409942896,-2.0918734443779066,-168.64948530791844,1.607921465754088,121.50657363802885,-1.5362804224982984,0.4996,0.5022,192.999,199.638,0.677560254
2024-06-18 17:21:31.394662,823.228307723999,1,156.9211639579325,-2.066453764799148,-168.48764907786324,1.6810624424332146,121.51263845411701,-1.4993829903081648,0.5001,0.5022,192.999,199.638,0.67755386
2024-06-18 17:21:32.391362,824.2250070571899,1,156.9357261005942,-1.8758408408449236,-168.53764551581597,1.665073959407879,121.53916923191402,-1.483234768704474,0.4996,0.5022,192.999,199.637,0.677579846
2024-06-18 17:21:33.394242,825.2278876304626,1,156.8255616511311,-1.88459110269616,-168.61879610771354,1.607241927407397,121.50832413342063,-1.529508359499439,0.4996,0.5022,193.0,199.637,0.67755556
2024-06-18 17:21:34.399140,826.2327854633331,1,156.65297334691982,-2.0724329676204305,-168.72496054139523,1.5810120093096542,121.44663762012188,-1.600891347675931,0.4996,0.5022,193.0,199.637,0.677556445
2024-06-18 17:21:35.408665,827.242311000824,1,156.7568506512529,-2.0221505516250438,-168.66662937895936,1.5697122412067337,121.469982797655,-1.5621871061286925,0.4991,0.5022,193.0,199.637,0.677654541
2024-06-18 17:21:36.402404,828.2360496520996,1,156.92145942996075,-1.8798734725253878,-168.54595474243052,1.6249822580726452,121.504457635752,-1.515544739234912,0.5007,0.5022,193.0,199.638,0.67756046
2024-06-18 17:21:37.404534,829.2381794452667,1,156.8203623157403,-1.9921889254711331,-168.5522283490794,1.739263472015828,121.50073216179437,-1.495225357082585,0.5001,0.5022,192.999,199.637,0.677657537
2024-06-18 17:21:38.407083,830.2407283782959,1,156.83073503655524,-2.0006992817703164,-168.45969422719094,1.7801250680395049,121.48667653044342,-1.5103364518412274,0.4991,0.5022,193.0,199.637,0.677577467
2024-06-18 17:21:39.439427,831.273072719574,1,156.6622345448423,-1.9086785901414223,-168.59990569754356,1.4731735008997981,121.44870420931564,-1.5201507604616675,0.4991,0.5022,193.001,199.637,0.677552501
2024-06-18 17:21:40.456281,832.2899267673492,1,156.83845483817348,-1.9925511192864354,-168.60348852300265,1.6696706488071633,121.5552216895321,-1.5564446740153557,0.5001,0.5022,193.0,199.637,0.677638625
2024-06-18 17:21:41.432046,833.265691280365,1,156.81995735724817,-2.0015893109200116,-168.6032253678385,1.6981050370159432,121.57784601995039,-1.540348145299114,0.4996,0.5022,193.0,199.638,0.677646108
2024-06-18 17:21:42.418875,834.2525203227997,1,156.71609725271986,-1.9022736017719264,-168.671448878446,1.5781916051104856,121.60885352794787,-1.3575517018952443,0.5001,0.5022,193.0,199.637,0.677557875
2024-06-18 17:21:43.420847,835.2544922828674,1,156.5897387876993,-1.9481636267360622,-168.6949457701288,1.6475573336147948,121.44816504728884,-1.589228217337044,0.4996,0.5022,193.0,199.638,0.67756944
2024-06-18 17:21:44.446872,836.280517578125,1,156.59014953965652,-2.0073560286984358,-168.7083288374474,1.6220073089376212,121.45501268864214,-1.6146860008874535,0.5007,0.5022,193.0,199.637,0.677558011
2024-06-18 17:21:45.429482,837.2631275653839,1,156.78852813812944,-2.0019380930213866,-168.56095856458222,1.6374521668031998,121.54548195007561,-1.5283134947523846,0.4996,0.5022,193.0,199.638,0.677563998
2024-06-18 17:21:46.431010,838.264655828476,1,156.70371119430678,-2.121598994452851,-168.59717865591452,1.5878524985941178,121.5436337718547,-1.5838827105069275,0.4996,0.5022,193.0,199.639,0.67759325
2024-06-18 17:21:47.464630,839.2982754707336,1,156.78754876415934,-2.0798462381596994,-168.49199850240615,1.6206491562797485,121.55762822524261,-1.500375890168883,0.5001,0.5022,193.0,199.639,0.677532025
2024-06-18 17:21:48.440896,840.2745416164398,1,156.92807615457386,-2.1147071386706475,-168.50788811611844,1.6157611833120102,121.5200355093494,-1.5012216733321386,0.5001,0.5022,193.0,199.638,0.677641754
2024-06-18 17:21:49.443719,841.277364730835,1,156.73507508357147,-1.8879325841849643,-168.58139458164413,1.7355315111081242,121.47421758400824,-1.466043981044376,0.5001,0.5022,193.0,199.639,0.677574202
2024-06-18 17:21:50.466180,842.2998259067535,1,156.6765707682289,-1.8975699996858546,-168.58089077335555,1.7342634189921278,121.47418181707026,-1.4677596191242426,0.4996,0.5022,192.999,199.639,0.677645972
2024-06-18 17:21:51.472987,843.3066329956055,1,156.95285276984077,-1.9923833044296755,-168.4658946760239,1.6146545183619119,121.50797403295971,-1.5165774431013173,0.5007,0.5022,192.999,199.638,0.677672503
2024-06-18 17:21:52.490876,844.3245220184326,1,156.7994600970678,-2.0600461661927882,-168.53186557269487,1.6563784159363644,121.50768949018843,-1.519596229228578,0.4996,0.5022,193.0,199.637,0.677582774
2024-06-18 17:21:53.473354,845.3069999217987,1,156.28784143251067,-1.8348495462033658,-168.8367080044755,1.7263697513306915,121.34160367436711,-1.6921989835043978,0.5001,0.5022,193.001,199.638,0.677663591
2024-06-18 17:21:54.462107,846.2957520484924,1,156.7839338262918,-1.7981535490212608,-168.5851340555288,1.627839048011531,121.46875793611743,-1.5216299386512264,0.5001,0.5022,193.001,199.637,0.677563318
2024-06-18 17:21:55.468730,847.3023760318756,1,156.73055362532682,-1.8543705485080895,-168.5733368969618,1.7208811385539753,121.4662539928812,-1.5455020192634061,0.5001,0.5022,193.001,199.637,0.677608828
2024-06-18 17:21:56.473632,848.3072779178619,1,156.7519070479545,-1.991060708162793,-168.4562759853774,1.5219429456737932,121.49325951901227,-1.5021854508055523,0.5001,0.5022,193.0,199.638,0.677576379
2024-06-18 17:21:57.475428,849.3090734481812,1,156.75401268425728,-2.042280936678845,-168.52227616773217,1.7284193961962908,121.47601090132058,-1.488693716564654,0.5001,0.5022,193.001,199.637,0.677539099
2024-06-18 17:21:58.495900,850.3295452594757,1,156.67172209092453,-1.9076280028414396,-168.56557694624337,1.5342155408027276,121.48175086995792,-1.4410380748892784,0.5001,0.5022,193.001,199.637,0.677581549
2024-06-18 17:21:59.482576,851.3162214756012,1,156.8617669252423,-2.078151047820008,-168.491119953986,1.673291952477714,121.53537726071947,-1.5088421761848105,0.4996,0.5022,193.001,199.638,0.677538283
2024-06-18 17:22:00.507109,852.3407547473907,1,156.69420085710533,-1.9922018930015573,-168.56602082588964,1.552834171137342,121.53447884341551,-1.4237295860862944,0.4996,0.5022,193.0,199.637,0.677562227
2024-06-18 17:22:01.507592,853.341237783432,1,156.62863744458278,-2.0444327243401346,-168.49184537626653,1.611337281590324,121.55358360958729,-1.5154574484557481,0.4991,0.5022,193.001,199.638,0.677473654
2024-06-18 17:22:02.495277,854.3289229869843,1,156.71083531033048,-1.9393332434797401,-168.50077651493885,1.6764634589441163,121.52096460497228,-1.5097417266493804,0.4996,0.5022,193.001,199.638,0.677490253
2024-06-18 17:22:03.496819,855.3304648399353,1,156.86079154065376,-2.0810171873860352,-168.45790266136424,1.6932619717960464,121.5359673926486,-1.5165447499861187,0.5001,0.5022,192.999,199.638,0.677577125
2024-06-18 17:22:04.497017,856.3306622505188,1,156.7179290881564,-2.044116585333827,-168.51852528531583,1.6156362253217884,121.57602746561247,-1.5710827514452366,0.4996,0.5022,192.999,199.638,0.677614133
2024-06-18 17:22:05.499807,857.3334529399872,1,156.73056780364627,-2.017722247298113,-168.36831277535617,1.389854529990701,121.48877378643868,-1.5023220259787022,0.4996,0.5022,193.0,199.638,0.677573586
2024-06-18 17:22:06.534421,858.3680663108826,1,156.71520998514208,-2.1065614997854585,-168.46217704181248,1.6155834682431025,121.5504348499244,-1.4403097046517952,0.4996,0.5022,193.0,199.638,0.677530524
2024-06-18 17:22:07.509886,859.343531370163,1,156.80019365557035,-1.9976823361807905,-168.32107539080164,1.6705520790560813,121.51021481847468,-1.4794749387184967,0.4996,0.5022,192.999,199.638,0.677502156
2024-06-18 17:22:08.512620,860.3462657928467,1,156.73097567167352,-2.083864838296131,-168.3672982853304,1.6709886836505883,121.5238483691658,-1.4942000224585337,0.4991,0.5022,193.0,199.638,0.677512905
2024-06-18 17:22:09.529532,861.3631777763367,1,156.8457589097651,-1.9272358167624812,-168.38820730628743,1.5847008979627082,121.52433958714438,-1.507755639232712,0.4996,0.5022,193.002,199.638,0.67759896
2024-06-18 17:22:10.521886,862.3555314540863,1,156.75503801163492,-1.936566167029378,-168.46385466832947,1.6548643555134306,121.52480120791739,-1.5018876014409677,0.5001,0.5022,193.001,199.638,0.677551545
2024-06-18 17:22:11.524972,863.3586180210114,1,156.57308340487782,-1.932734923420569,-168.552131385146,1.4899887269161147,121.43833632150786,-1.457911492235781,0.5001,0.5022,193.001,199.638,0.677641952
2024-06-18 17:22:12.544099,864.3777446746826,1,156.80277766348885,-1.9911909562396704,-168.33816530909752,1.6171153152915825,121.50629538043536,-1.5020683316755734,0.4996,0.5022,193.0,199.638,0.677635354
2024-06-18 17:22:13.543129,865.3767743110657,1,156.70980683094763,-1.9665086922733046,-168.44956310260048,1.6202683017958992,121.56736602096791,-1.5071488022116697,0.4996,0.5022,193.001,199.637,0.677543311
2024-06-18 17:22:14.535140,866.3687851428986,1,156.70996344600687,-2.020437612722115,-168.46150526083915,1.653047733524377,121.55821513483788,-1.542924081468627,0.4991,0.5022,193.001,199.638,0.677581067
2024-06-18 17:22:15.539938,867.3735830783844,1,156.65958400945374,-1.9450480746551,-168.4803440339687,1.6433095122072723,121.61518058151508,-1.4976249591327566,0.4991,0.5022,193.0,199.637,0.677580455
2024-06-18 17:22:16.542013,868.3756582736969,1,156.72735693816296,-2.013806415889215,-168.43482924196246,1.7110339369067498,121.51271879351069,-1.4796144280286043,0.4991,0.5022,193.001,199.637,0.677662703
2024-06-18 17:22:17.547004,869.3806495666504,1,156.6203624581291,-2.0381472107303096,-168.5107470378486,1.613371578261884,121.56722912709205,-1.5762561512066433,0.4996,0.5022,193.0,199.638,0.677656921
2024-06-18 17:22:18.583942,870.417587518692,1,156.51249859557117,-2.057610056846313,-168.5572943274256,1.6415953663968987,121.47676430658605,-1.6222896460361884,0.4996,0.5022,193.001,199.638,0.677533653
2024-06-18 17:22:19.581931,871.4155769348145,1,156.78417488270395,-2.059325295909691,-168.42626775726677,1.6129376031271094,121.52991855745259,-1.5136905327752475,0.5001,0.5022,193.0,199.638,0.677632566
2024-06-18 17:22:20.759088,872.5927333831787,1,156.64062572270126,-1.9738382179653076,-168.38120531009255,1.522989074317189,121.49973624607117,-1.526451316531531,0.4996,0.5022,193.001,199.637,0.67758862
2024-06-18 17:22:21.764493,873.5981390476227,1,156.68643387699433,-2.0653752857513634,-168.38925909674975,1.6699202206105646,121.51907682996118,-1.5358638492619228,0.5001,0.5022,193.001,199.638,0.677570729
2024-06-18 17:22:22.797242,874.6308872699738,1,156.80153063536295,-1.9597732298918529,-168.32087314209616,1.5960744452577111,121.5187929573939,-1.494902268055756,0.4991,0.5022,193.0,199.638,0.67755889
2024-06-18 17:22:23.808446,875.64209151268,1,157.00869849312295,-1.9282474933673102,-168.33507234154786,1.7256446185563041,121.54653680277332,-1.5137892868077156,0.5001,0.5022,193.0,199.638,0.677609027
2024-06-18 17:22:24.774416,876.6080617904663,1,156.822821933976,-1.9098432149149027,-168.37156362574555,1.6994446592634753,121.50084438184565,-1.5271300427554775,0.4996,0.5022,193.0,199.638,0.677564334
2024-06-18 17:22:25.777176,877.610821723938,1,156.7641731739082,-1.9583054812234597,-168.3615363199659,1.7266516980529,121.51117432463751,-1.5124516668770798,0.5001,0.5022,192.999,199.637,0.677560184
2024-06-18 17:22:26.816994,878.650639295578,1,156.73012096952957,-2.0327717004072756,-168.40909364827797,1.6297640360043826,121.54069838358315,-1.4957091807045013,0.5001,0.5022,193.0,199.638,0.67756447
2024-06-18 17:22:27.988276,879.8219213485718,1,156.68151481583573,-2.0411786772285003,-168.42297804465875,1.651862614192875,121.53962771678316,-1.5321866281827574,0.4991,0.5022,193.0,199.638,0.677643587
2024-06-18 17:22:28.996702,880.8303472995758,1,156.6783228432034,-2.1500238335408093,-168.41913793276646,1.6424687677511893,121.46036886680704,-1.4863542367274576,0.5001,0.5022,193.001,199.638,0.677700799
2024-06-18 17:22:29.992891,881.8265364170074,1,156.77342388949378,-2.137794540586041,-168.3399222213361,1.6561769202379697,121.49788572519901,-1.5108018426101206,0.4996,0.5022,193.0,199.638,0.677638621
2024-06-18 17:22:31.000862,882.8345069885254,1,156.69781346100396,-2.013339055720954,-168.4114615995222,1.5691438560511597,121.56619327591349,-1.5400290227399558,0.5001,0.5022,193.001,199.639,0.677662363
2024-06-18 17:22:32.004038,883.8376832008362,1,156.74957286255147,-2.135397827955201,-168.3124850159535,1.6643891458998388,121.5304788239792,-1.5242873385244775,0.4996,0.5022,193.002,199.638,0.677546715
2024-06-18 17:22:33.010163,884.8438084125519,1,156.64470708857453,-2.0874055171834947,-168.39292237043733,1.6486509170091141,121.54998969773898,-1.5566998332187478,0.4996,0.5022,193.001,199.637,0.677653791
2024-06-18 17:22:34.013334,885.8469793796539,1,156.63513799953338,-2.043024338003438,-168.40874387493267,1.6988844311846012,121.50340105636822,-1.4658232047482869,0.4991,0.5022,193.001,199.638,0.677678758
2024-06-18 17:22:35.045837,886.8794822692871,1,156.4699128681909,-2.002444659779189,-168.5220617460181,1.6282867383133104,121.44256982950425,-1.3845992497052673,0.4991,0.5022,193.0,199.638,0.677668553
2024-06-18 17:22:36.022162,887.8558077812195,1,156.55940011388867,-2.1409211509586235,-168.44354183936755,1.5587236815486296,121.45112578747205,-1.4553101058761295,0.5007,0.5022,193.0,199.638,0.677630253
2024-06-18 17:22:37.035087,888.8687324523926,1,156.73023746203341,-2.024157650186098,-168.38261715905082,1.5755293508931827,121.5395630468903,-1.4628978988932515,0.4991,0.5022,193.0,199.638,0.677598416
2024-06-18 17:22:38.028326,889.8619718551636,1,156.77486922696883,-2.1792613575677717,-168.36375531607885,1.6298624352944688,121.48964350576354,-1.4968695399267902,0.4991,0.5022,193.001,199.637,0.677529708
2024-06-18 17:22:39.031755,890.8654005527496,1,156.73203570237854,-1.9571467464768573,-168.0750268547881,1.5846990339059208,121.51674889945473,-1.49604188144773,0.4991,0.5022,193.0,199.638,0.677541204
2024-06-18 17:22:40.078899,891.9125442504883,1,156.6883779482225,-1.8547175871002657,-168.35540412290325,1.6274753281953012,121.48284737229602,-1.5342972455298947,0.4996,0.5022,193.001,199.638,0.677606307
2024-06-18 17:22:41.042216,892.875862121582,1,156.63942697905972,-1.986881759858602,-168.2805774153381,1.4557636290319054,121.4858103539222,-1.499598178501613,0.4996,0.5022,193.001,199.638,0.67758726
2024-06-18 17:22:42.042746,893.8763911724091,1,156.59458124897728,-2.208957391887545,-168.38466355043144,1.4345894399312653,121.45010110842904,-1.5457389774824948,0.5001,0.5022,193.002,199.639,0.677634539
2024-06-18 17:22:43.046503,894.8801481723785,1,156.62984453257337,-1.9647377313099477,-168.3816582370258,1.5936511090051113,121.55623552183307,-1.545881776879229,0.5001,0.5022,193.002,199.638,0.677567941
2024-06-18 17:22:44.052048,895.885694026947,1,156.61558531462595,-2.0745546958980947,-168.36035359655497,1.5577385833977075,121.4819559676492,-1.5033052036903163,0.4996,0.5022,193.001,199.637,0.677592296
2024-06-18 17:22:45.053396,896.8870415687561,1,156.73212087476412,-1.9909543817284496,-168.33767990840607,1.5657203526634973,121.54050163984417,-1.4773434064914233,0.4996,0.5022,193.001,199.637,0.677626922
2024-06-18 17:22:46.073557,897.9072027206421,1,156.50683658228903,-1.9900343837801158,-168.4790993810428,1.6049614137075778,121.44429607557008,-1.4129910066763687,0.4996,0.5022,193.001,199.638,0.677575833
2024-06-18 17:22:47.066333,898.8999788761139,1,156.69468330050685,-1.9831686993830717,-168.26654322762988,1.5173844990039738,121.48992086362551,-1.4726640349598605,0.5001,0.5022,193.0,199.638,0.677545694
2024-06-18 17:22:48.059475,899.8931205272675,1,156.62935949434055,-1.9578406780866016,-168.33019105555928,1.5783200204570897,121.51001338882558,-1.4987146732211658,0.4991,0.5022,193.001,199.639,0.677590457
2024-06-18 17:22:49.064365,900.8980102539062,1,156.7663952809741,-1.881973491933626,-168.31387198063808,1.664655123577786,121.50990991636424,-1.4987085341860704,0.4991,0.5022,193.0,199.637,0.677626784
2024-06-18 17:22:50.067851,901.901496887207,1,156.533210729454,-1.9120044118787751,-168.33404056914756,1.5134728938280329,121.47903548172569,-1.4784360385489423,0.4996,0.5022,193.0,199.638,0.677565559
2024-06-18 17:22:51.075819,902.909464597702,1,156.6263407823927,-1.9587445824138954,-168.2961783726865,1.5314414957916722,121.4799340188384,-1.514417949578692,0.4996,0.5022,193.001,199.639,0.677605083
2024-06-18 17:22:52.077250,903.9108955860138,1,156.6206807461896,-1.9844731830073286,-168.3537704842563,1.6689751299839495,121.59616105052676,-1.4980337679736462,0.5007,0.5022,193.001,199.638,0.677617532
2024-06-18 17:22:53.102265,904.9359107017517,1,156.62672676478027,-2.103059597484923,-168.3227725951977,1.6584760363112616,121.50285356429164,-1.4691627290055507,0.5007,0.5022,193.001,199.639,0.677657261
2024-06-18 17:22:54.084986,905.9186317920685,1,156.41148311673496,-1.861763909617973,-168.45096701810022,1.66027782082432,121.43274544263456,-1.4034421893331355,0.4996,0.5022,193.001,199.638,0.677607532
2024-06-18 17:22:55.086571,906.9202163219452,1,156.5395314384671,-1.992733504854713,-168.36410001419267,1.6324912786725183,121.61349955112739,-1.4957458647130986,0.4991,0.5022,193.001,199.638,0.677583518
2024-06-18 17:22:56.090293,907.9239387512207,1,156.62459105284856,-1.9920380950831282,-168.19505707983325,1.7533236087170339,121.50592294993739,-1.487323155551714,0.4996,0.5022,193.0,199.638,0.677557869
2024-06-18 17:22:57.092391,908.9260368347168,1,156.53384057528027,-2.0340281624764964,-168.36996367207846,1.6942791091800458,121.55548764984404,-1.5780591991489221,0.4996,0.5022,193.0,199.637,0.677621544
2024-06-18 17:22:58.098000,909.9316461086273,1,156.66116144510096,-1.9359219941195904,-168.2378261615105,1.49856275305345,121.49625919446406,-1.4790886948798567,0.4996,0.5022,193.001,199.637,0.677615559
2024-06-18 17:22:59.102362,910.9360074996948,1,156.5717736226566,-2.005341518264395,-168.31200942847713,1.6404990828658763,121.59803617908746,-1.4764906426852573,0.4991,0.5022,193.0,199.637,0.677581477
2024-06-18 17:23:00.110339,911.9439845085144,1,156.54499590463433,-2.017182777469044,-168.35409990393137,1.695335613160072,121.57599308258382,-1.5650449486570506,0.4985,0.5022,193.0,199.638,0.677589504
2024-06-18 17:23:01.105365,912.9390110969543,1,156.6565262646929,-1.9773604469083295,-168.2216858193346,1.7377243398475537,121.506678957148,-1.476675979763052,0.4996,0.5022,193.0,199.638,0.677583654
2024-06-18 17:23:02.108210,913.9418551921844,1,156.57288293628625,-1.9852627197823296,-168.21761267591393,1.77410548652098,121.48819618440704,-1.522250151278353,0.5001,0.5022,193.0,199.638,0.677624811
2024-06-18 17:23:03.150446,914.9840919971466,1,156.49689699345947,-1.80740107511003,-168.34845169439794,1.6830879232145652,121.4449706996932,-1.5335229906862842,0.4996,0.5022,193.001,199.638,0.677565014
2024-06-18 17:23:04.115527,915.9491724967957,1,156.451157714723,-2.029340368829991,-168.37311056805788,1.6566190697359493,121.54200000207622,-1.3718569978604735,0.5001,0.5022,193.0,199.637,0.677604879
2024-06-18 17:23:05.116294,916.9499397277832,1,156.49951400874446,-2.0378734029097894,-168.3189800462377,1.7776426424072496,121.47317709667618,-1.5500402654505494,0.4996,0.5022,193.0,199.637,0.677665558
2024-06-18 17:23:06.119047,917.9526920318604,1,156.47467677702736,-1.9766067930583593,-168.37913137227295,1.6144552377578276,121.50006819447637,-1.6166876815629034,0.4996,0.5022,193.001,199.637,0.677673586
2024-06-18 17:23:07.121443,918.9550886154175,1,156.52454978612707,-1.987873563004693,-168.1147231488995,1.317014585461097,121.43824520574678,-1.505764180258851,0.5007,0.5022,193.003,199.638,0.677623245
2024-06-18 17:23:08.139327,919.972972869873,1,156.67118667463993,-1.9925861517345176,-168.13804862094275,1.5584550807145328,121.50242571925172,-1.507005669556343,0.4991,0.5022,193.003,199.639,0.677575897
2024-06-18 17:23:09.168679,921.0023241043091,1,156.68214440299744,-2.023795341562444,-168.16465091607074,1.6591482330080662,121.5182275198293,-1.510502475290577,0.5001,0.5022,193.002,199.639,0.677605761
2024-06-18 17:23:10.162872,921.9965171813965,1,156.53535996810922,-1.960779903420677,-168.29898243988407,1.6014586070881593,121.56117288459659,-1.4655221692716787,0.5007,0.5022,193.001,199.639,0.677590455
2024-06-18 17:23:11.134385,922.9680309295654,1,156.58970828628026,-2.055888081294932,-168.17065507460833,1.6565824964044433,121.53341027276859,-1.5201198047513294,0.4996,0.5022,193.002,199.638,0.677624537
2024-06-18 17:23:12.136993,923.9706382751465,1,156.58371122773383,-1.9389864978081028,-168.19507749347088,1.65703127717917,121.6238077252003,-1.441867411369146,0.5001,0.5022,193.001,199.636,0.677610523
2024-06-18 17:23:13.138234,924.9718797206879,1,156.7792240861064,-1.9812305960075545,-168.1879150819956,1.6922222276976249,121.52024368827966,-1.495527321159226,0.5001,0.5022,193.002,199.637,0.677668518
2024-06-18 17:23:14.168203,926.0018489360809,1,156.5815702257999,-1.885989785326814,-168.26151020423777,1.6316143834229395,121.52006089149592,-1.4573859272822753,0.5001,0.5022,193.002,199.638,0.67758447
2024-06-18 17:23:15.159037,926.992683172226,1,156.5986512099566,-2.0623480173144615,-168.1680815037829,1.6387116243708493,121.54034887122604,-1.5205658500460884,0.5001,0.5022,193.001,199.638,0.677659574
2024-06-18 17:23:16.145033,927.9786789417267,1,156.45454276559502,-1.989453692328307,-168.20464611007452,1.4541293200803682,121.46894753899358,-1.502751073717541,0.5001,0.5022,193.0,199.638,0.677606716
2024-06-18 17:23:17.150193,928.9838383197784,1,156.59480407789218,-2.1443268107153144,-168.2251108833069,1.6234158635935836,121.51438624284721,-1.5085079730246582,0.5007,0.5022,193.001,199.638,0.677702159
2024-06-18 17:23:18.153611,929.9872567653656,1,156.58465952737228,-2.0244307228876885,-168.1594218859805,1.4995355666072736,121.49949014329077,-1.5220276320595436,0.4996,0.5022,193.001,199.637,0.67758794
2024-06-18 17:23:19.154342,930.9879870414734,1,156.47996519930552,-2.0877003613261804,-168.29104152941701,1.687235886565157,121.47932001052469,-1.5655385194785283,0.4996,0.5022,193.001,199.637,0.677655492
2024-06-18 17:23:20.169040,932.0026857852936,1,156.44514480696105,-2.101968938037223,-168.26644381898018,1.7157687703181912,121.47724083553034,-1.5666101373674728,0.5001,0.5022,193.001,199.637,0.677683382
2024-06-18 17:23:21.186747,933.0203926563263,1,156.5554421551244,-1.9196530703371006,-168.22742078786433,1.6525902458881614,121.50773679130079,-1.5169291117838892,0.5001,0.5022,193.001,199.638,0.677541883
2024-06-18 17:23:22.197960,934.0316054821014,1,156.45154074637136,-1.875210667665532,-168.30196683926124,1.6340451963162599,121.5171662806691,-1.6089730025694433,0.4996,0.5022,193.001,199.639,0.677598214
2024-06-18 17:23:23.184636,935.0182814598083,1,156.5913895770694,-1.9316198478320066,-168.12838986732348,1.5757121288193414,121.53245237411002,-1.5256938254032906,0.4996,0.5022,193.001,199.639,0.677633997
2024-06-18 17:23:24.168489,936.0021347999573,1,156.6323649196351,-2.2358918284037776,-168.22596126493195,1.5870501618820927,121.48976623110472,-1.5107551478947479,0.4991,0.5022,193.001,199.638,0.677545791
2024-06-18 17:23:25.210436,937.0440816879272,1,156.50885548737145,-1.9699277394362094,-168.16330077749438,1.4916856407438353,121.47546494746004,-1.4964872064775883,0.4996,0.5022,193.002,199.637,0.677513245
2024-06-18 17:23:26.199567,938.0332126617432,1,156.5676602404724,-1.9046982028640842,-168.208617967745,1.6162260999746358,121.50190911265467,-1.5091556895551026,0.5007,0.5022,193.002,199.638,0.677496306
2024-06-18 17:23:27.177733,939.0113787651062,1,156.56784073032347,-1.769265974366669,-168.19107131779472,1.598345542664477,121.51355021500765,-1.5018106560908977,0.4996,0.5022,193.002,199.637,0.677557531
2024-06-18 17:23:28.182323,940.0159683227539,1,156.52232832062404,-1.9867866045356153,-168.21287356736804,1.6364884267139321,121.54067140088335,-1.4742698939971202,0.4996,0.5022,193.0,199.638,0.677550932
2024-06-18 17:23:29.184607,941.0182526111603,1,156.46868970888548,-2.0416022685703727,-168.18604238041993,1.8196739333166836,121.46142482204661,-1.493599685873052,0.4991,0.5022,193.001,199.637,0.677526512
2024-06-18 17:23:30.195593,942.0292384624481,1,156.49391369471638,-1.9445727040012555,-168.20298890807098,1.6331428842735138,121.59073277833993,-1.5354389372198087,0.4996,0.5022,193.001,199.638,0.677510662
2024-06-18 17:23:31.219787,943.053432226181,1,156.42884014955254,-1.9607735488691478,-168.21524373468017,1.6753382212118713,121.56345011097619,-1.5556955206016012,0.4991,0.5022,193.002,199.637,0.677563179
2024-06-18 17:23:32.218246,944.0518918037415,1,156.3702606178938,-1.8711630949637243,-168.30319167430468,1.6805041622107308,121.41776812327396,-1.560724758446685,0.4991,0.5022,193.001,199.638,0.677586921
2024-06-18 17:23:33.198304,945.0319495201111,1,156.31997048978042,-1.909111133543167,-168.34828360315157,1.725838321689418,121.39559332753502,-1.4450236958987506,0.4996,0.5022,193.001,199.64,0.677633997
2024-06-18 17:23:34.204576,946.0382220745087,1,156.52912921608282,-2.0042733248820124,-168.17475921675072,1.5293578509470471,121.47912272829865,-1.524907568925942,0.4996,0.5022,193.002,199.639,0.677582295
2024-06-18 17:23:35.223889,947.0575346946716,1,156.52810250391067,-2.0015776014542794,-168.07376812261367,1.3498303008557702,121.46120682997964,-1.436676903481229,0.4996,0.5022,193.003,199.639,0.67765737
2024-06-18 17:23:36.219247,948.0528926849365,1,156.52360187613635,-2.0689767048912944,-168.1101448056067,1.6323734466016717,121.54196836237816,-1.4744851400273322,0.4996,0.5022,193.002,199.639,0.677691819
2024-06-18 17:23:37.245629,949.079274892807,1,156.63766748621268,-2.06754434872055,-168.04741006786347,1.6535376525886551,121.51703108142499,-1.5077159238534845,0.4996,0.5022,193.002,199.637,0.677685628
2024-06-18 17:23:38.216566,950.0502119064331,1,156.69145480422355,-1.9673119888110808,-168.08105210090378,1.594749647459271,121.52144356988927,-1.5023953982721368,0.5001,0.5022,193.001,199.638,0.677623723
2024-06-18 17:23:39.220880,951.0545253753662,1,156.6876123713455,-2.203363357079152,-168.13086972266981,1.5656326021809397,121.50609160306638,-1.4963567127178812,0.5007,0.5022,193.001,199.638,0.677604811
2024-06-18 17:23:40.226545,952.0601902008057,1,156.4770317456836,-1.9725431475767787,-168.20673767237204,1.7110274650559738,121.52116366646241,-1.4169992422615367,0.4996,0.5022,193.001,199.64,0.677583248
2024-06-18 17:23:41.232407,953.0660524368286,1,156.3541295524379,-2.128094229942016,-168.28443966829445,1.592890943253234,121.41791769792924,-1.4577398830602746,0.5001,0.5022,193.002,199.638,0.677578282
2024-06-18 17:23:42.233112,954.0667579174042,1,156.45660680906983,-1.944132315691726,-168.21202152151284,1.625464079796692,121.57898928405329,-1.5211857352292042,0.4996,0.5022,193.001,199.638,0.677542635
2024-06-18 17:23:43.242395,955.0760405063629,1,156.37145772893393,-2.1047641944719393,-168.25352496383815,1.5385246504364676,121.46446544234044,-1.5895542467634494,0.4985,0.5022,193.001,199.637,0.67758733
2024-06-18 17:23:44.243779,956.0774245262146,1,156.47311072473107,-2.1483862646262355,-168.21359341867924,1.696444242678563,121.46688818703142,-1.5148683981844295,0.4985,0.5022,193.003,199.638,0.677571003
2024-06-18 17:23:45.257844,957.0914895534515,1,156.5850088062562,-1.8889222863597315,-168.12650210701787,1.6561718302325026,121.49874064801459,-1.508880600499182,0.5001,0.5022,193.002,199.639,0.677515764
2024-06-18 17:23:46.280394,958.1140394210815,1,156.41583754281547,-1.9916337873558982,-168.22519820485363,1.5870182372141803,121.52471107370586,-1.5725931282751553,0.5007,0.5022,193.003,199.639,0.677517669
2024-06-18 17:23:47.271520,959.105165719986,1,156.69312492294583,-2.0109809204443594,-168.09047705093738,1.6025676334297152,121.50872445305156,-1.4994930390767063,0.4996,0.5022,193.002,199.638,0.677562567
2024-06-18 17:23:48.279657,960.1133031845093,1,156.5134479023622,-2.0017755870343317,-168.0647754891001,1.5030153724060524,121.4867754987977,-1.4815034991152376,0.5001,0.5022,193.003,199.637,0.67751141
2024-06-18 17:23:49.265721,961.0993666648865,1,156.46993946303195,-1.9316243042887145,-168.05675747917024,1.594513087199126,121.5507499248922,-1.525106504929634,0.5001,0.5022,193.002,199.639,0.67751175
2024-06-18 17:23:50.264150,962.0977957248688,1,156.36541944912133,-1.9518505997445084,-168.2365483950807,1.5983420354740399,121.52706645681943,-1.6158325383898908,0.4996,0.5022,193.002,199.637,0.677522294
2024-06-18 17:23:51.281001,963.1146464347839,1,156.4915768071909,-1.9931787817866689,-168.0709903777296,1.7666755407516013,121.49804514018746,-1.540868316381568,0.4985,0.5022,193.002,199.639,0.677522294
2024-06-18 17:23:52.289613,964.1232585906982,1,156.49030574472033,-1.9919461793560536,-168.057809810384,1.5057895863858184,121.48489466980207,-1.4783603104566434,0.4996,0.5022,193.003,199.639,0.677532091
2024-06-18 17:23:53.289704,965.1233491897583,1,156.52368562727918,-1.9266661662807802,-168.14024404853564,1.6212546214103445,121.60454845224328,-1.5195738921414255,0.5001,0.5022,193.002,199.64,0.67757903
2024-06-18 17:23:54.311535,966.1451807022095,1,156.48298772311674,-1.9598587031803802,-168.1742985757869,1.5996769848841894,121.58300542086732,-1.4890761027473811,0.5007,0.5022,193.002,199.638,0.677498212
2024-06-18 17:23:55.317578,967.151223897934,1,156.50746357148637,-2.0871341516688005,-168.0950882601159,1.5948848905220308,121.52059219161357,-1.5283144038212553,0.4996,0.5022,193.002,199.637,0.677555354
2024-06-18 17:23:56.297029,968.1306750774384,1,156.54590011252628,-1.815104369656148,-168.11562298740355,1.6296086057187442,121.49405344387692,-1.4447247304973236,0.5012,0.5022,193.002,199.638,0.677488346
2024-06-18 17:23:57.288053,969.1216990947723,1,156.48525363425924,-1.919525568671697,-168.1394089047158,1.6991875088986073,121.57671640911363,-1.478575847024519,0.5012,0.5022,193.002,199.638,0.677419366
2024-06-18 17:23:58.291042,970.12468791008,1,156.45787593676158,-1.9752360115057324,-168.13584665773928,1.5438753495987787,121.51247003592869,-1.4598454764614996,0.5007,0.5022,193.001,199.638,0.677432835
2024-06-18 17:23:59.290147,971.1237926483154,1,156.38181175200435,-2.17315257480588,-168.20517135895687,1.5898001747833106,121.42208969245976,-1.5018887571670156,0.4991,0.5022,193.002,199.639,0.677483652
2024-06-18 17:24:00.294692,972.1283376216888,1,156.3837896062833,-1.8847305972122022,-168.17148103410423,1.73593551029487,121.43898034979067,-1.4617132523649858,0.4996,0.5022,193.001,199.638,0.677537329
2024-06-18 17:24:01.319264,973.1529095172882,1,156.513123991802,-1.9642944170319383,-168.10887835437975,1.6233555564581021,121.53113047469316,-1.5231042362181046,0.4996,0.5022,193.001,199.639,0.67749692
2024-06-18 17:24:02.301331,974.1349763870239,1,156.49685449748554,-2.0306507267521896,-168.02348358752556,1.6126997902237445,121.54655633513528,-1.5194622351004572,0.4991,0.5022,193.003,199.639,0.67749277
2024-06-18 17:24:03.324969,975.1586148738861,1,156.46950215936462,-1.994112811330978,-168.12303508225372,1.599779791848291,121.59686623035562,-1.5072459157446725,0.4991,0.5022,193.003,199.638,0.677416647
2024-06-18 17:24:04.307733,976.1413786411285,1,156.4969273951315,-1.8925453738320432,-168.09723613693407,1.633593776074234,121.51444132303189,-1.5181452508202617,0.5007,0.5022,193.002,199.638,0.677469709
2024-06-18 17:24:05.350821,977.1844670772552,1,156.4493987843227,-2.1578064907027747,-168.11880017354352,1.6791389238250738,121.48876261374599,-1.5133602513622728,0.5001,0.5022,193.002,199.639,0.677431477
2024-06-18 17:24:06.334507,978.1681528091431,1,156.45189350902427,-2.0017432770829684,-168.02720104228482,1.4637021352095023,121.47875620587178,-1.5112025397145628,0.5001,0.5022,193.002,199.637,0.677535696
2024-06-18 17:24:07.347879,979.181524515152,1,156.50866043745322,-1.874812358106454,-168.07926022232095,1.633757072021818,121.50707843882375,-1.5099122230594648,0.4996,0.5022,193.002,199.638,0.677465015
2024-06-18 17:24:08.323720,980.157365322113,1,156.27784916597682,-1.9400021662479199,-168.2211124229103,1.6605696835081118,121.43659934165112,-1.5976510667169759,0.5007,0.5022,193.002,199.637,0.677573961
2024-06-18 17:24:09.329358,981.1630036830902,1,156.21545968584994,-2.1603264259105575,-168.26879950915182,1.7375807280272506,121.48895901494687,-1.293243094194182,0.5001,0.5022,193.002,199.639,0.677507802
2024-06-18 17:24:10.371579,982.2052247524261,1,156.4092836553281,-2.0405154432428483,-168.12475685697086,1.5986321675783504,121.54729994936542,-1.5480198644993557,0.5007,0.5022,193.002,199.638,0.677595219
2024-06-18 17:24:11.343387,983.1770324707031,1,156.4222256580756,-1.9957321735358817,-168.03766830988252,1.447145711398454,121.46712056983134,-1.5320234640576145,0.4991,0.5022,193.003,199.638,0.677569164
2024-06-18 17:24:12.348395,984.1820409297943,1,156.52140500392488,-2.0721711728399,-168.05304401759787,1.7004596930541456,121.54377314779472,-1.5428404338417328,0.5007,0.5022,193.002,199.639,0.677677261
2024-06-18 17:24:13.344821,985.1784665584564,1,156.28061474560423,-1.9863745757023987,-168.21137593487202,1.663784665157094,121.43824493850241,-1.600455687963488,0.4996,0.5022,193.002,199.638,0.677632568
2024-06-18 17:24:14.366921,986.2005662918091,1,156.48388791978095,-1.9651272624782676,-167.9680278131092,1.5782286027447665,121.52416185291398,-1.4925177230543962,0.5001,0.5022,193.001,199.638,0.677620391
2024-06-18 17:24:15.350674,987.1843192577362,1,156.65456528329509,-1.974589759714135,-167.94928738338712,1.6232542048041723,121.51995562108365,-1.4994617548420177,0.4996,0.5022,193.001,199.639,0.677610525
2024-06-18 17:24:16.353108,988.1867530345917,1,156.383857628367,-1.9674427466107651,-168.07647427140796,1.5957293568353956,121.56567840297538,-1.5584059257623653,0.4991,0.5022,193.001,199.639,0.677548892
2024-06-18 17:24:17.354800,989.1884458065033,1,156.40154218546334,-1.9732798338957311,-168.0632010469803,1.6340768437169322,121.60751185267668,-1.512604503713324,0.5001,0.5022,193.002,199.639,0.677660186
2024-06-18 17:24:18.358229,990.1918749809265,1,156.43401250501427,-1.8724716208915753,-168.07003871335897,1.6934368526737777,121.48105285384722,-1.5112948257595866,0.4996,0.5022,193.002,199.638,0.677572974
2024-06-18 17:24:19.360898,991.1945436000824,1,156.46475929916562,-2.1808039819055147,-168.07898795378028,1.5932912030456658,121.46867926091387,-1.516367951645582,0.5001,0.5022,193.002,199.639,0.677576103
2024-06-18 17:24:20.377502,992.2111477851868,1,156.32795574629645,-2.05687085157281,-168.11909492978157,1.694699902970396,121.52089648449412,-1.4066984670210663,0.4991,0.5022,193.002,199.639,0.677532157
2024-06-18 17:24:21.403261,993.2369067668915,1,156.4474177229644,-1.986478837979755,-168.044439567709,1.5275455462059198,121.53400485765486,-1.4782131000134264,0.5001,0.5022,193.001,199.639,0.677565559
2024-06-18 17:24:22.373899,994.2075445652008,1,156.48403390338586,-2.0389094566849453,-167.89903620932486,1.5998432805077585,121.53747714669689,-1.5007297719582353,0.4996,0.5022,193.001,199.638,0.677616988
2024-06-18 17:24:23.403273,995.2369191646576,1,156.39866478774533,-1.9671214365062248,-168.01013986742544,1.4627897925615267,121.47182277702957,-1.5213328488451725,0.4996,0.5022,193.001,199.637,0.677617328
2024-06-18 17:24:24.382266,996.2159111499786,1,156.5178996453884,-2.1085191638157146,-168.00276051123308,1.6959081556449525,121.5346593957686,-1.5294536804976224,0.5007,0.5022,193.002,199.638,0.677590321
2024-06-18 17:24:25.384610,997.218255519867,1,156.48434785792742,-1.947817545699191,-167.921914783601,1.5802367268274142,121.51566357378486,-1.49444724947238,0.5001,0.5022,193.003,199.637,0.677632022
2024-06-18 17:24:26.387217,998.2208621501923,1,156.33857120112398,-1.925332339956321,-168.08696408801927,1.6444267714893532,121.56832471057456,-1.5848803529443085,0.4996,0.5022,193.003,199.638,0.677685152
2024-06-18 17:24:27.420370,999.2540156841278,1,156.43315796138222,-2.001940785645598,-168.02256226842314,1.6372006864344963,121.53419117512313,-1.526328507447708,0.4996,0.5022,193.002,199.639,0.677717262
2024-06-18 17:24:28.395238,1000.2288835048676,1,156.33627329126568,-2.0844959197261796,-168.08399505257773,1.5850591500221947,121.6103441918683,-1.630348237607436,0.4996,0.5022,193.001,199.639,0.677681685
2024-06-18 17:24:29.398018,1001.231663942337,1,156.59446286554794,-2.03046728981265,-167.93761177543962,1.5838322695068792,121.53084579409739,-1.5062726931852006,0.4996,0.5022,193.002,199.639,0.677632568
2024-06-18 17:24:30.400382,1002.2340273857117,1,156.41485196985255,-2.0645828334283864,-168.0284733591236,1.6299448430517176,121.56211932973619,-1.4411645876910855,0.4996,0.5022,193.001,199.638,0.677642569
2024-06-18 17:24:31.403109,1003.2367548942566,1,156.38780449205817,-1.9466267667704795,-168.00564062423257,1.708464576784929,121.52033668942985,-1.463547981531548,0.5001,0.5022,193.002,199.639,0.677599098
2024-06-18 17:24:32.408109,1004.2417547702789,1,156.4309290268318,-1.9147063726497093,-168.00093712168524,1.6577288542317485,121.53195345827623,-1.4948068756461614,0.5001,0.5022,193.002,199.638,0.677601139
2024-06-18 17:24:33.409226,1005.2428715229034,1,156.51694631111843,-2.057034645505596,-167.90270092735528,1.585587320096616,121.51562122045368,-1.50125578098409,0.4996,0.5022,193.002,199.639,0.677585493
2024-06-18 17:24:34.446396,1006.2800419330597,1,156.42932161108035,-1.9180254199091509,-168.02602710222,1.6646614335750707,121.49825018990121,-1.5132484763346385,0.5001,0.5022,193.001,199.638,0.677557873
2024-06-18 17:24:35.419228,1007.2528731822968,1,156.30143824079545,-1.9913253043868768,-168.0542010041387,1.537987625464141,121.52016843726258,-1.4148382628519938,0.5001,0.5022,193.001,199.638,0.677569574
2024-06-18 17:24:36.453266,1008.2869114875793,1,156.32325935446985,-1.9098808813775967,-168.06026280691154,1.603789308549616,121.5576923806735,-1.4103232902495386,0.4996,0.5022,193.001,199.639,0.677692909
2024-06-18 17:24:37.425519,1009.2591648101807,1,156.57519829896987,-2.048487428139143,-167.95227416349906,1.5903787580862856,121.54227297952158,-1.4919365674407767,0.4996,0.5022,193.003,199.638,0.677694812
2024-06-18 17:24:38.428527,1010.2621722221375,1,156.46571568080907,-1.9913604807896705,-167.96771086267452,1.5456099550434137,121.52959210409675,-1.5365572237449256,0.5001,0.5022,193.003,199.638,0.677640798
2024-06-18 17:24:39.434914,1011.268559217453,1,156.4885519620764,-2.1338289137232573,-167.94935114786557,1.590024556371881,121.51800510522736,-1.4982750811740633,0.4991,0.5022,193.002,199.639,0.677624879
2024-06-18 17:24:40.450117,1012.283762216568,1,156.3757058437421,-1.9010351202998432,-167.98844917851156,1.7123932311157188,121.48851513537339,-1.5340391839275993,0.5007,0.5022,193.001,199.638,0.677625968
2024-06-18 17:24:41.439746,1013.2733919620514,1,156.29107489147958,-1.8379818964462176,-168.08775708989134,1.5564424108250954,121.4548552536958,-1.4265996927700153,0.5001,0.5022,193.002,199.638,0.677662023
2024-06-18 17:24:42.477644,1014.3112897872925,1,156.4016752116139,-1.990094725271598,-167.89980361392182,1.7481736911381547,121.49150463210425,-1.493273695860341,0.4996,0.5022,193.002,199.639,0.677663383
2024-06-18 17:24:43.466060,1015.2997059822083,1,156.42391828085934,-1.8815562226083926,-167.91414060294954,1.5687494651379164,121.51160677929352,-1.4942633988750165,0.5001,0.5022,193.002,199.638,0.67763209
2024-06-18 17:24:44.449848,1016.2834939956665,1,156.43377659860377,-1.9116461338159,-167.888352391501,1.5344847340706702,121.51473257980338,-1.4984194357732548,0.5001,0.5022,193.001,199.639,0.677682705
2024-06-18 17:24:45.472547,1017.3061926364899,1,156.40988567353526,-2.012240285683543,-167.96944371242435,1.6215520367550902,121.56106969225135,-1.530113116529027,0.4991,0.5022,193.002,199.639,0.677657603
2024-06-18 17:24:46.474593,1018.3082382678986,1,156.44374716635218,-2.0202961870618323,-167.80997010341719,1.5975467998248558,121.53091655901557,-1.4959969067969867,0.4991,0.5022,193.001,199.637,0.677691957
2024-06-18 17:24:47.473216,1019.3068616390228,1,156.41462284536007,-2.0813952638980853,-167.9392180329807,1.6133124289517158,121.5590264409168,-1.4509995753580873,0.5001,0.5022,193.002,199.638,0.677607942
2024-06-18 17:24:48.489415,1020.3230602741241,1,156.34461441113285,-1.8026937765914195,-168.04325000306352,1.6008818670266818,121.46837190293229,-1.4408200000551923,0.4985,0.5022,193.002,199.639,0.677655426
2024-06-18 17:24:49.481302,1021.3149473667145,1,156.3001144701966,-1.9590269414183112,-168.00237973429304,1.4448769774471764,121.44884136236035,-1.5361634280723724,0.4996,0.5022,193.001,199.638,0.677578146
2024-06-18 17:24:50.491253,1022.3248989582062,1,156.36717039145816,-2.074242104278694,-167.95548116868792,1.6089054623994348,121.54948115353069,-1.4629089190310216,0.5001,0.5022,193.002,199.638,0.677600527
2024-06-18 17:24:51.467817,1023.3014624118805,1,156.23898560271667,-1.5750794772794023,-168.12362332533752,1.5849576118191,121.3797311353356,-1.3665150695084702,0.4991,0.5022,193.001,199.637,0.677567125
2024-06-18 17:24:52.469149,1024.302794456482,1,156.3557303602885,-1.9453057828829223,-167.9769813395749,1.752418422132282,121.49933178519238,-1.4236322784457847,0.4996,0.5022,193.001,199.639,0.677629031
2024-06-18 17:24:53.473993,1025.3076384067535,1,156.49472112321132,-1.877258410572596,-167.89530181752488,1.6096591037651762,121.52939779402702,-1.4799854991101666,0.4996,0.5022,193.0,199.638,0.677565492
2024-06-18 17:24:54.486852,1026.3204979896545,1,156.29941093105677,-2.0492335023980055,-167.99753859733605,1.4595959062560862,121.4359773532999,-1.5349252707402359,0.4996,0.5022,193.001,199.638,0.677521682
2024-06-18 17:24:55.515567,1027.3492126464844,1,156.33218095236478,-1.8109139263583485,-168.02489407790566,1.576396663776876,121.44944056072427,-1.4394908558930415,0.4996,0.5022,193.001,199.637,0.677512498
2024-06-18 17:24:56.494143,1028.3277888298035,1,156.39649461663834,-2.0565643252154118,-167.9447729438337,1.6528078071076067,121.513853268259,-1.5234957793226525,0.5001,0.5022,193.002,199.639,0.677449572
2024-06-18 17:24:57.491377,1029.3250229358673,1,156.27388021032195,-2.03512404114333,-167.98635210302038,1.4473064965411873,121.50013660208151,-1.3832394909833587,0.4996,0.5022,193.002,199.638,0.677527599
2024-06-18 17:24:58.493327,1030.3269724845886,1,156.3368618403851,-2.019440554173827,-167.90179233048403,1.4773648325599522,121.462656019373,-1.4839936628079617,0.4991,0.5022,193.001,199.638,0.677530388
2024-06-18 17:24:59.493078,1031.3267230987549,1,156.42540700874687,-2.048143980381236,-167.7827412434496,1.577422317002606,121.53135910466514,-1.4932299506807778,0.4991,0.5022,193.002,199.638,0.677477462
2024-06-18 17:25:00.499640,1032.3332850933075,1,156.39166148635215,-2.0038441496428074,-167.85844114924893,1.496284327316004,121.49897266648196,-1.5090367038067838,0.5001,0.5022,193.001,199.639,0.677505285
2024-06-18 17:25:01.534156,1033.3678014278412,1,156.08166985564725,-2.115399394567121,-168.1406217097218,1.6520244519400191,121.46459085985089,-1.6853229401084007,0.4996,0.5022,193.002,199.639,0.677533653
2024-06-18 17:25:02.525704,1034.3593490123749,1,156.31603476759096,-1.9619667865816062,-167.97891333825834,1.6436243988840633,121.5882030267694,-1.5593409666865952,0.4996,0.5022,193.002,199.638,0.677509503
2024-06-18 17:25:03.549196,1035.382841348648,1,156.2162254537617,-1.8875500441238213,-168.0348275628955,1.525944754361378,121.42683347274934,-1.4623836826636503,0.4996,0.5022,193.002,199.639,0.67758726
2024-06-18 17:25:04.710251,1036.5438969135284,1,156.34623059504733,-1.986165566146259,-167.89921540932284,1.673157839055263,121.5241430613001,-1.5137060491047207,0.4991,0.5022,193.002,199.638,0.67752617
2024-06-18 17:25:05.714375,1037.5480206012726,1,156.30279598544513,-1.9280199524427055,-167.93301705156304,1.7296290088206718,121.5165652252544,-1.5467613574097354,0.5007,0.5022,193.002,199.636,0.677525354
2024-06-18 17:25:06.721500,1038.555145740509,1,156.44999136088626,-2.0995623220058053,-167.8740725845193,1.6114573040444207,121.51655937358902,-1.479937646526763,0.5001,0.5022,193.001,199.638,0.677470387
2024-06-18 17:25:07.724214,1039.557859659195,1,156.2861216837106,-2.0422562511769433,-167.9548257430737,1.7841098100862565,121.46263789523591,-1.435822401723239,0.5001,0.5022,193.001,199.638,0.677463176
2024-06-18 17:25:08.725664,1040.559309720993,1,156.32695421469867,-2.0786266552793946,-167.91807932558962,1.6456842727921135,121.55472761233406,-1.5159179817274977,0.5001,0.5022,193.001,199.638,0.677576101
2024-06-18 17:25:09.730821,1041.564466714859,1,156.40628382521098,-1.9560895414097668,-167.90177376216306,1.5910486216550987,121.56621925976042,-1.5290217040813707,0.5001,0.5022,193.001,199.639,0.677539162
2024-06-18 17:25:10.731506,1042.565152168274,1,156.3258334891382,-1.9518617205668871,-167.95391346738623,1.5908581468607015,121.56487608680037,-1.5526686340299767,0.5007,0.5022,193.001,199.638,0.677547937
2024-06-18 17:25:11.753917,1043.5875623226166,1,156.2454540585009,-1.8745715253295396,-167.99007613889634,1.5562933536673609,121.47462148107606,-1.56813858133107,0.4996,0.5022,193.002,199.638,0.677535012
2024-06-18 17:25:12.736752,1044.5703971385956,1,156.44766940613638,-2.003061696832009,-167.76373738725823,1.5361727925441935,121.51991306044884,-1.5014879631071334,0.4996,0.5022,193.002,199.637,0.677505558
2024-06-18 17:25:13.740701,1045.5743460655212,1,156.21257416822579,-1.989762562476197,-168.01443502698584,1.5243550997837425,121.44070842991027,-1.50540089668652,0.5001,0.5022,193.001,199.636,0.677578688
2024-06-18 17:25:14.744006,1046.577651500702,1,156.3247008140663,-1.9474527191221669,-167.91299726512153,1.6472217454039189,121.58498278364456,-1.4496292864284284,0.4991,0.5022,193.001,199.638,0.677503993
2024-06-18 17:25:15.745958,1047.5796031951904,1,156.23803031381433,-1.8686927613902933,-167.99153645513795,1.5719952163208535,121.47433030602167,-1.575502194935446,0.5001,0.5022,193.002,199.637,0.677541408
2024-06-18 17:25:16.752618,1048.5862634181976,1,156.3466534473252,-1.983296759784977,-167.8588077364633,1.5338071614325524,121.52306214793497,-1.4710132661950195,0.5001,0.5022,193.002,199.637,0.677476305
2024-06-18 17:25:17.752811,1049.5864565372467,1,156.38362502125685,-1.9846047429643492,-167.89217717618067,1.6955681788553492,121.51058818625201,-1.5195604554443702,0.4996,0.5022,193.002,199.639,0.67748685
2024-06-18 17:25:18.755333,1050.5889782905579,1,156.37044329743082,-1.9287778487393972,-167.88273795143016,1.5966743605895402,121.53090364249286,-1.4967856798309034,0.4996,0.5022,193.002,199.639,0.677514673
2024-06-18 17:25:19.759922,1051.5935673713684,1,156.25978942981757,-2.0205325937971534,-167.92371438328124,1.766416866387,121.47153650709367,-1.4500961387310343,0.4991,0.5022,193.001,199.638,0.67750692
2024-06-18 17:25:20.793693,1052.627338886261,1,156.5267328879098,-2.1539160884140904,-167.83713838814916,1.6475769235900501,121.51653585807098,-1.4902196725807002,0.4991,0.5022,193.001,199.639,0.677491546
2024-06-18 17:25:21.767331,1053.6009769439697,1,156.41386621264854,-2.00949103758178,-167.86549861931977,1.5426092802023215,121.5841618905361,-1.5543839272462199,0.4996,0.5022,193.002,199.638,0.677498553
2024-06-18 17:25:22.771448,1054.605093717575,1,156.2689782960549,-2.039338835111984,-167.91025303759432,1.7664473926075197,121.47463905447212,-1.4540483579197432,0.5001,0.5022,193.001,199.637,0.677477124
2024-06-18 17:25:23.775830,1055.6094756126404,1,156.1880162745257,-2.0112076024751704,-167.9669843911972,1.531028757178885,121.43365094879708,-1.5161385681788662,0.5001,0.5022,193.001,199.639,0.67747862
2024-06-18 17:25:24.774133,1056.6077780723572,1,156.03935029705025,-1.9071202987551206,-168.03715795834242,1.5883144331162737,121.40047523705903,-1.470667603191973,0.5001,0.5022,193.001,199.638,0.677503042
2024-06-18 17:25:25.780221,1057.6138670444489,1,156.24272851315357,-1.8529020922775064,-167.95094691840455,1.582096466008046,121.48270910930997,-1.588650927269006,0.4996,0.5022,193.002,199.639,0.677513181
2024-06-18 17:25:26.784299,1058.6179447174072,1,156.33245594849868,-1.9499634793832776,-167.83567553658733,1.5167326853962537,121.50998517074143,-1.4840682904401132,0.5001,0.5022,193.001,199.638,0.677545426
2024-06-18 17:25:27.803548,1059.637193441391,1,156.35281506000936,-2.054905931271004,-167.87289506688955,1.5818766942504678,121.52749889090069,-1.5002182367651427,0.4996,0.5022,193.001,199.638,0.677648489
2024-06-18 17:25:28.787124,1060.6207692623138,1,156.2989773811208,-1.9777050812796182,-167.8299830397226,1.5220105243857431,121.52172250865493,-1.5004277045409187,0.5001,0.5022,193.0,199.639,0.677581141
2024-06-18 17:25:29.826340,1061.6599853038788,1,156.34359987669328,-1.997200436743486,-167.8540975487541,1.5280356777129993,121.52468344697547,-1.484716688468072,0.5001,0.5022,193.001,199.638,0.677584882
2024-06-18 17:25:30.797277,1062.6309225559235,1,156.3842259156636,-2.0135739190787327,-167.83127281917902,1.5041194147724941,121.51983652108166,-1.4438564229032498,0.5007,0.5022,193.002,199.638,0.67757944
2024-06-18 17:25:31.802054,1063.635699748993,1,156.27031937144253,-1.7764413755907482,-167.94168789023163,1.6361064347081873,121.43632236203794,-1.4872981602044526,0.4991,0.5022,193.001,199.637,0.677521276
2024-06-18 17:25:32.804943,1064.6385881900787,1,156.3418288864482,-1.957923815794294,-167.8398179811731,1.5384781524191555,121.52486198694312,-1.5286476551541888,0.5001,0.5022,193.001,199.64,0.677579032
2024-06-18 17:25:33.805855,1065.6395001411438,1,156.17427853820027,-2.1575834647177508,-167.97274025968977,1.5802702001881859,121.58088701076964,-1.3200963028556407,0.5001,0.5022,193.001,199.639,0.677572433
2024-06-18 17:25:34.828179,1066.661824464798,1,156.41320260292704,-1.8867113477291906,-167.83452494888138,1.6434617472181792,121.52495698393027,-1.4798150066302516,0.5001,0.5022,193.001,199.638,0.677529371
2024-06-18 17:25:35.811557,1067.6452021598816,1,156.3173050852629,-1.9363243181667462,-167.84081507126564,1.624620106357772,121.52205422105044,-1.4652044487711713,0.5001,0.5022,193.001,199.639,0.677569168
2024-06-18 17:25:36.813903,1068.6475481987,1,156.3205328095159,-2.000783888105145,-167.82940790696082,1.5455590696141868,121.51645476386419,-1.5520086655105398,0.5007,0.5022,193.0,199.638,0.677593522
2024-06-18 17:25:37.819021,1069.6526670455933,1,156.36747085000454,-1.7608893519814068,-167.8429413109532,1.6356802117048965,121.50364286657944,-1.5462540380579997,0.4991,0.5022,193.002,199.638,0.677603386
2024-06-18 17:25:38.823941,1070.6575865745544,1,156.2453782337569,-2.025139076262452,-167.89683349435953,1.676622152582872,121.55142520737743,-1.590390919650892,0.5001,0.5022,193.002,199.638,0.677557807
2024-06-18 17:25:39.823995,1071.6576409339905,1,156.44259833557385,-1.8759847086683987,-167.80067865496562,1.5892884686100015,121.53831824877155,-1.4907868173525851,0.5007,0.5022,193.001,199.639,0.677528827
2024-06-18 17:25:40.828064,1072.6617095470428,1,156.3455032332316,-1.9198288869462534,-167.7873389906622,1.668048415168649,121.5691743128588,-1.505125414900231,0.5001,0.5022,193.001,199.638,0.677566515
2024-06-18 17:25:41.830208,1073.6638534069061,1,156.40391283427203,-1.8675728414545283,-167.8183813226005,1.6514307739465692,121.53349891190194,-1.4893057371334224,0.5007,0.5022,193.0,199.638,0.677566719
2024-06-18 17:25:42.831991,1074.6656365394592,1,156.35223107768908,-1.9890093912025433,-167.6828287074823,1.5144832363126188,121.50627118985774,-1.4959768144316983,0.4996,0.5022,193.0,199.638,0.677572637
2024-06-18 17:25:43.871865,1075.7055101394653,1,156.31628005285228,-1.980896532485869,-167.8386582531753,1.5835769653537495,121.58957076164458,-1.5406756274739408,0.4996,0.5022,193.001,199.637,0.677522773
2024-06-18 17:25:44.836401,1076.6700465679169,1,156.49268852120852,-2.0891865063605883,-167.73784552555787,1.6608522524091185,121.53453518298899,-1.5124356258873077,0.4996,0.5022,193.0,199.636,0.677609033
2024-06-18 17:25:45.838791,1077.6724364757538,1,156.42284011613444,-1.9457301855006872,-167.8131924125261,1.5772230205621438,121.55848689472538,-1.5067964992929117,0.5001,0.5022,193.0,199.637,0.677589782
2024-06-18 17:25:46.881055,1078.7147006988525,1,156.27386529246985,-1.9687597563512824,-167.8563294874903,1.5928091967227103,121.5609810085511,-1.561357601497164,0.5001,0.5022,193.0,199.639,0.677517673
2024-06-18 17:25:47.885510,1079.7191560268402,1,156.413993235397,-1.8416465876630574,-167.7952486548528,1.6160639182434176,121.52042512597565,-1.5099968441923644,0.4996,0.5022,193.0,199.638,0.677500529
2024-06-18 17:25:48.854644,1080.6882894039154,1,156.16658359262166,-1.9572179423124985,-167.9693555424222,1.638452032063941,121.44871917917636,-1.4128759929366903,0.5001,0.5022,193.0,199.638,0.677514067
2024-06-18 17:25:49.856463,1081.690108537674,1,156.40259628812527,-2.0093111161231976,-167.7366103025054,1.7124907685557076,121.52022703392075,-1.4854836510823914,0.4991,0.5022,193.0,199.637,0.677533047
2024-06-18 17:25:50.858435,1082.6920809745789,1,156.3515735181584,-2.184759116855113,-167.797552564348,1.6334600038517586,121.4972406678466,-1.5450116051558593,0.5001,0.5022,193.0,199.637,0.677525156
2024-06-18 17:25:51.889351,1083.722996711731,1,156.2337817327687,-1.9664988882575427,-167.8719688577501,1.8091497857332923,121.56949819401147,-1.6548730871301973,0.4996,0.5022,193.0,199.639,0.677561279
2024-06-18 17:25:52.874216,1084.7078619003296,1,156.0822028579965,-1.990262217123006,-167.95210458983658,1.5419542906287254,121.42455661515372,-1.5613460589482264,0.4996,0.5022,193.0,199.638,0.677522366
2024-06-18 17:25:53.868864,1085.7025101184845,1,156.3026651341353,-1.9868906487940392,-167.79246251364938,1.727345981465901,121.5149904325224,-1.456217879373198,0.4996,0.5022,192.999,199.638,0.677643865
2024-06-18 17:25:54.878171,1086.7118165493011,1,156.29387314918105,-1.9734620571838328,-167.62305495647595,1.5540175695473144,121.52329547416677,-1.4897908318072073,0.4996,0.5022,192.999,199.638,0.677572501
2024-06-18 17:25:55.872886,1087.7065312862396,1,156.2587416331138,-2.040065635123369,-167.79356966610453,1.6107655041989337,121.52119379224158,-1.482274523299256,0.4996,0.5022,193.0,199.639,0.677521412
2024-06-18 17:25:56.877098,1088.710743188858,1,156.43820156228549,-2.0662370374270753,-167.7117335447142,1.6775817772601773,121.5382332966819,-1.4989284054161487,0.5001,0.5022,193.0,199.637,0.677503181
2024-06-18 17:25:57.879924,1089.7135698795319,1,156.30619415924528,-1.8748094271330615,-167.76984697349914,1.5389909319001198,121.54097731037847,-1.489213304480972,0.5001,0.5022,193.0,199.638,0.677518079
2024-06-18 17:25:58.883579,1090.717225074768,1,156.37043829686147,-1.8764328196473672,-167.80912429434778,1.607227305728554,121.51365426635591,-1.4984568599470596,0.5001,0.5022,192.999,199.638,0.67755978
2024-06-18 17:25:59.918189,1091.7518343925476,1,156.3632983677363,-1.9586239084826857,-167.78840614799054,1.585966402005425,121.5823796981819,-1.5073482957801907,0.4996,0.5022,192.999,199.637,0.67757774
2024-06-18 17:26:00.922527,1092.756172657013,1,156.30096988523744,-1.860689431893787,-167.8016283298007,1.669296725895634,121.50889065091238,-1.4494589805144054,0.4996,0.5022,192.998,199.638,0.677550188
2024-06-18 17:26:02.091167,1093.924812078476,1,156.35673452874195,-1.9128184931620034,-167.78406832718338,1.652766076469473,121.5172236320509,-1.468551728965082,0.4991,0.5022,193.0,199.639,0.677557739
2024-06-18 17:26:03.095048,1094.9286937713623,1,156.32729779317287,-1.9373142906494412,-167.67836008837799,1.5654644102016293,121.53841512726609,-1.4950351989716817,0.5007,0.5022,192.999,199.64,0.677567943
2024-06-18 17:26:04.112735,1095.9463801383972,1,156.2849990376296,-1.9063730485002446,-167.75302291419743,1.6383224061797044,121.5790546576882,-1.4552793344646073,0.5001,0.5022,192.999,199.639,0.677551821
2024-06-18 17:26:05.131509,1096.9651548862457,1,156.47348568377458,-2.0512258912516304,-167.6969233972098,1.5809675029986037,121.54231150153687,-1.500970467860534,0.4996,0.5022,192.998,199.638,0.677574338
2024-06-18 17:26:06.106255,1097.9399001598358,1,156.36363523240476,-1.728259651808192,-167.77839914452971,1.6792918835034978,121.51037938906674,-1.5143547365998917,0.5001,0.5022,192.998,199.638,0.677550188
2024-06-18 17:26:07.109045,1098.9426901340485,1,156.38171130403887,-2.049516585419928,-167.72098664599122,1.6908173180308805,121.53186477921584,-1.5020750989562373,0.4996,0.5022,192.999,199.638,0.677568556
2024-06-18 17:26:08.143940,1099.9775853157043,1,156.36384647686228,-2.0749857226531994,-167.7166739316609,1.6808888378270292,121.53988569081878,-1.5088392623772475,0.4996,0.5022,192.998,199.638,0.677530188
2024-06-18 17:26:09.116274,1100.9499197006226,1,156.16750746431205,-1.8782082392681747,-167.78779523778857,1.4802524237829755,121.49227971612089,-1.43636459159806,0.5001,0.5022,192.998,199.636,0.67752148
2024-06-18 17:26:10.162689,1101.9963340759277,1,156.38403056032809,-1.9295449293104492,-167.6826833786196,1.5880274727889505,121.53576479336326,-1.510423963403582,0.5001,0.5022,192.999,199.638,0.677507058
2024-06-18 17:26:11.122078,1102.9557237625122,1,156.32314174269194,-1.9935606099448735,-167.6439853056336,1.7670164677897688,121.51884899650705,-1.5295471161281442,0.5001,0.5022,192.999,199.637,0.677570188
2024-06-18 17:26:12.139401,1103.9730463027954,1,156.27997836517017,-1.6899473211758707,-167.83574779755207,1.4840411680887031,121.43258831960163,-1.5053455569049938,0.4996,0.5022,192.998,199.638,0.677574338
2024-06-18 17:26:13.130498,1104.9641439914703,1,156.28239973998896,-1.8547720740454752,-167.79139406297134,1.6485928125606875,121.51295020407454,-1.5031503279824883,0.4996,0.5022,192.997,199.638,0.677550528
2024-06-18 17:26:14.130355,1105.9639999866486,1,156.3722441782974,-2.076915683094037,-167.65454390994137,1.6062507101450096,121.53781784334464,-1.5080323535159592,0.4996,0.5022,192.998,199.638,0.677639334
2024-06-18 17:26:15.133829,1106.9674746990204,1,156.0867213815136,-2.0377891667017236,-167.88576323133384,1.6044858294531,121.45265707996009,-1.5837499045793664,0.4996,0.5022,192.999,199.638,0.677579578
2024-06-18 17:26:16.135269,1107.968914270401,1,156.23020051954788,-1.8494117482628956,-167.7858000868679,1.6232863929442494,121.50348094765346,-1.4406423421896692,0.4996,0.5022,192.999,199.639,0.677540462
2024-06-18 17:26:17.165912,1108.9995574951172,1,156.2909770372316,-2.0220155006614866,-167.66097573509447,1.4955445542538437,121.50237533329431,-1.5061328750846965,0.4996,0.5022,192.997,199.638,0.677478962
2024-06-18 17:26:18.144684,1109.9783298969269,1,156.24343786452414,-2.0243003042905987,-167.76710421793507,1.7514693638504828,121.50751024993527,-1.5623418522372385,0.4996,0.5022,192.997,199.638,0.677567875
2024-06-18 17:26:19.147683,1110.9813282489777,1,156.23759433867968,-2.093221671255345,-167.74927947526166,1.7332345566639487,121.48675637741968,-1.5103820996721131,0.4996,0.5022,192.997,199.637,0.677511072
2024-06-18 17:26:20.167854,1112.001499414444,1,156.4594232892868,-2.0624823238707926,-167.6776255277836,1.602583383805575,121.54100337651744,-1.496417652813886,0.4991,0.5022,192.997,199.638,0.677545834
2024-06-18 17:26:21.154091,1112.9877364635468,1,156.50102555029346,-1.9245716070479797,-167.66924264085085,1.6035322944636616,121.53191534783419,-1.4907519240026512,0.5007,0.5022,192.997,199.638,0.677461205
2024-06-18 17:26:22.161147,1113.9947924613953,1,156.281124374684,-1.839836081293723,-167.74472205862426,1.5988377197648105,121.49769911539829,-1.4441939696052992,0.5001,0.5022,192.998,199.638,0.677427123
2024-06-18 17:26:23.167623,1115.0012683868408,1,156.15526228173556,-1.992972619092378,-167.81003582880513,1.5869835843057838,121.54849198505913,-1.6002211543323088,0.4991,0.5022,192.998,199.639,0.677424334
2024-06-18 17:26:24.169962,1116.0036082267761,1,156.24039331073865,-2.051336172218204,-167.73287680752944,1.6700754203946888,121.54255265400339,-1.4709140858905843,0.5001,0.5022,192.998,199.639,0.677464879
2024-06-18 17:26:25.188338,1117.0219836235046,1,156.29740139893076,-1.98714872882809,-167.6254082156776,1.7584103834135771,121.53906723115726,-1.5189963215127775,0.5001,0.5022,192.998,199.638,0.67755526
2024-06-18 17:26:26.196612,1118.0302574634552,1,156.2853514410817,-1.9580376348468154,-167.62901293932038,1.5763676797924735,121.5594487113195,-1.5102838444775155,0.5001,0.5022,192.998,199.638,0.677545082
2024-06-18 17:26:27.206177,1119.0398223400116,1,156.11706787978628,-2.11950821968643,-167.83913134033293,1.5739395815043857,121.4713514705598,-1.5784139479134485,0.4991,0.5022,192.997,199.638,0.677527259
2024-06-18 17:26:28.213523,1120.047168970108,1,156.386157731618,-1.9262261114396597,-167.70263395181075,1.5707889049734762,121.53181718629268,-1.497960377174909,0.4996,0.5022,192.997,199.637,0.677567055
2024-06-18 17:26:29.193851,1121.0274965763092,1,156.1926564607619,-2.147091643016264,-167.737242448024,1.6216621566803753,121.53241617545552,-1.444213299203535,0.5001,0.5022,192.996,199.639,0.67755032
2024-06-18 17:26:30.223365,1122.0570108890533,1,156.18655016903878,-1.9742238934449363,-167.78100039161393,1.555954076423022,121.55510003729022,-1.3842998767038246,0.4991,0.5022,192.997,199.638,0.677525762
2024-06-18 17:26:31.216859,1123.0505046844482,1,156.40825058774243,-1.9116449135765683,-167.48709093707677,1.7481411397942523,121.52614138595642,-1.4721220681883609,0.4996,0.5022,192.998,199.638,0.677550048
2024-06-18 17:26:32.415539,1124.249184846878,1,156.30413433516773,-1.9868138441743215,-167.54810552474976,1.6701975090989178,121.5384409325986,-1.469541446524347,0.4996,0.5022,192.998,199.638,0.677640866
2024-06-18 17:26:33.446094,1125.2797391414642,1,156.37692324580073,-2.10110549300292,-167.67686771497293,1.6574645619675281,121.54256465372308,-1.4876227884333801,0.5001,0.5022,192.997,199.638,0.677590933
2024-06-18 17:26:34.411374,1126.2450194358826,1,156.32611115308822,-2.0669176349888536,-167.6893726565547,1.6050492138495003,121.54701249826725,-1.4762575664825492,0.4991,0.5022,192.997,199.638,0.67760175
2024-06-18 17:26:35.434477,1127.268122434616,1,156.35219995645824,-2.0516964299027567,-167.6900422486815,1.728774213280269,121.52990923933068,-1.4509927333292456,0.4996,0.5022,192.997,199.638,0.677610457
2024-06-18 17:26:36.411951,1128.245596408844,1,156.40546409419068,-1.9749745968746923,-167.67324912340897,1.6955842799597391,121.57073369356601,-1.4988604247942015,0.4996,0.5022,192.997,199.639,0.677519229
2024-06-18 17:26:37.416238,1129.2498834133148,1,156.44273075284403,-1.932175521459769,-167.64565628972926,1.6014360216229127,121.54960987814863,-1.4885322297226244,0.4996,0.5022,192.996,199.638,0.677544196
2024-06-18 17:26:38.416866,1130.2505114078522,1,156.31802344884332,-2.0244944209211178,-167.5508485003949,1.5708530937628402,121.5456460869093,-1.4965830585161772,0.5007,0.5022,192.996,199.638,0.677535795
2024-06-18 17:26:39.423548,1131.2571940422058,1,156.19316586943407,-1.918777468541578,-167.75858955414358,1.7217743380111756,121.46985466375888,-1.5570054464121954,0.4991,0.5022,192.997,199.638,0.67758243
2024-06-18 17:26:40.422567,1132.256212234497,1,156.30078370647306,-1.9563071548007556,-167.6616184516301,1.7468588372700502,121.54262508853978,-1.4497368045175918,0.4991,0.5022,192.997,199.639,0.677579436
2024-06-18 17:26:41.429947,1133.2635927200317,1,156.29128713929973,-1.9492438369693745,-167.69283605822727,1.6442963708990312,121.57760553909436,-1.4901675309133846,0.5001,0.5022,192.997,199.638,0.677631274
2024-06-18 17:26:42.472682,1134.306327342987,1,156.17682013293228,-2.0167809533488708,-167.74118214134052,1.5464897751224242,121.52317292662312,-1.42245547300605,0.4996,0.5022,192.997,199.637,0.677597192
2024-06-18 17:26:43.431531,1135.2651762962341,1,156.37133562142122,-2.0329743990958797,-167.305157267672,1.6197004974676281,121.52938047724724,-1.495609421201377,0.4996,0.5022,192.996,199.637,0.677615559
2024-06-18 17:26:44.433724,1136.2673697471619,1,156.21260496078605,-2.016632263904761,-167.69968325254172,1.5940384633351405,121.62387444479617,-1.4250486257900543,0.4996,0.5022,192.996,199.637,0.677620321
2024-06-18 17:26:45.456851,1137.2904961109161,1,156.07587869095374,-2.06527544647889,-167.7942619557306,1.6902832824492722,121.4410018449048,-1.5067808904318447,0.4996,0.5022,192.995,199.637,0.677594469
2024-06-18 17:26:46.474906,1138.3085520267487,1,156.25026137778195,-2.1096044998420673,-167.70705417039503,1.6603041530136982,121.54840779891803,-1.4285657572050854,0.4996,0.5022,192.996,199.638,0.677577257
2024-06-18 17:26:47.444473,1139.2781188488007,1,156.13516098058184,-1.8546325608092986,-167.79988889841528,1.5748556252103456,121.43053875110174,-1.470167742091056,0.5007,0.5022,192.997,199.639,0.677513039
2024-06-18 17:26:48.472708,1140.3063538074493,1,156.26775713286798,-1.8933735176740258,-167.62365122354893,1.598824982377797,121.56147671304595,-1.4642088019568176,0.5001,0.5022,192.996,199.639,0.677560046
2024-06-18 17:26:49.481642,1141.315288066864,1,156.35860754420722,-2.034530395437787,-167.54038219369684,1.6507034148483397,121.54436238796993,-1.4855387661559976,0.5001,0.5022,192.996,199.638,0.677584837
2024-06-18 17:26:50.456095,1142.2897410392761,1,156.30196092358634,-1.9755531544787384,-167.49109731428285,1.6717171921582634,121.52876522962728,-1.4885650494458944,0.5001,0.5022,192.995,199.638,0.677516238
2024-06-18 17:26:51.463488,1143.2971336841583,1,156.22155634011835,-1.9732710159211653,-167.63015813016938,1.5350293123173295,121.51025610873582,-1.5257974172701654,0.5001,0.5022,192.996,199.638,0.677544674
2024-06-18 17:26:52.472898,1144.3065433502197,1,156.4158408205742,-2.0439576677068962,-167.60478903875742,1.6587824789471302,121.55119882085651,-1.499302552001944,0.5001,0.5022,192.995,199.638,0.677529708
2024-06-18 17:26:53.487025,1145.3206706047058,1,156.275675714268,-2.074575177870028,-167.61211566120957,1.6120737987114804,121.55613879408848,-1.4491784958558893,0.4996,0.5022,192.996,199.638,0.677583178
2024-06-18 17:26:54.469785,1146.303430557251,1,156.38736718711317,-1.893879370352507,-167.5895481488949,1.7794902660578191,121.56288739900837,-1.5289742647072022,0.4996,0.5022,192.996,199.638,0.677579094
2024-06-18 17:26:55.469542,1147.3031871318817,1,156.26852018403093,-2.165202509025295,-167.66746305358947,1.6492072329388472,121.51510646332088,-1.4472472920405164,0.4996,0.5022,192.996,199.638,0.677624809
2024-06-18 17:26:56.473798,1148.3074436187744,1,156.20001640524643,-2.0202897062506526,-167.69789670616748,1.5860271317244141,121.62523630276267,-1.4398085073993434,0.4996,0.5022,192.996,199.638,0.677547733
2024-06-18 17:26:57.486443,1149.3200888633728,1,156.27220975529764,-1.999111597915438,-167.6633505321218,1.6749892330406995,121.58883398290102,-1.4487183365407386,0.4996,0.5022,192.996,199.639,0.677603993
2024-06-18 17:26:58.501170,1150.3338294029236,1,156.30113297910245,-2.011563430904982,-167.64772753481037,1.6064454653440785,121.58285107393857,-1.5026488588515683,0.5007,0.5022,192.995,199.638,0.677571343
2024-06-18 17:26:59.483414,1151.3170590400696,1,156.2526068390928,-1.9482822692353432,-167.6149690037448,1.6111411014945827,121.61558012633635,-1.4810656094320518,0.4996,0.5022,192.995,199.637,0.677559438
2024-06-18 17:27:00.499393,1152.3330388069153,1,156.22100248233625,-1.9393768116819952,-167.66073200279433,1.631500320000073,121.58255273048769,-1.539967631602612,0.5001,0.5022,192.995,199.638,0.677501274
2024-06-18 17:27:01.488082,1153.321727514267,1,156.25728174870503,-1.9824935973476712,-167.64005063578733,1.6252018250499276,121.54799334213219,-1.5042250101827521,0.5001,0.5022,192.994,199.637,0.677454402
2024-06-18 17:27:02.488345,1154.3219907283783,1,156.28903848377934,-1.9579702135646282,-167.48137495904996,1.6822580557846243,121.55060445839396,-1.4923205087020397,0.4996,0.5022,192.995,199.638,0.677508417
2024-06-18 17:27:03.533025,1155.3666701316833,1,156.2482183447923,-1.978244504708359,-167.58699699113075,1.5822981018070592,121.54845972677948,-1.4899815783754993,0.5001,0.5022,192.997,199.639,0.677498893
2024-06-18 17:27:04.495202,1156.328847169876,1,156.23636291285993,-2.00289289664066,-167.6268706371197,1.6067551098757715,121.5581768068265,-1.4957280953192642,0.5001,0.5022,192.996,199.639,0.677461477
2024-06-18 17:27:05.501639,1157.3352844715118,1,156.0523120676212,-1.6159763454614864,-167.82851021176177,1.568495361148504,121.40144232223071,-1.4091460476143978,0.5001,0.5022,192.996,199.637,0.677487872
2024-06-18 17:27:06.506970,1158.3406155109406,1,156.08748088507855,-1.951621293328851,-167.74221978754866,1.55649518390938,121.51235676405747,-1.3889958520839394,0.4996,0.5022,192.996,199.637,0.677554744
2024-06-18 17:27:07.511509,1159.3451545238495,1,156.16160662532008,-1.9779176660582476,-167.6792924109647,1.645533120052823,121.63691564870794,-1.5386887930215978,0.5001,0.5022,192.996,199.638,0.6775793
2024-06-18 17:27:08.519167,1160.3528130054474,1,156.12271232962914,-1.9110127962135273,-167.6923132187884,1.721518774727499,121.5111392053111,-1.566696792494283,0.4991,0.5022,192.995,199.638,0.677538347
2024-06-18 17:27:09.533069,1161.366714477539,1,156.2782234131085,-1.9781204954055476,-167.47150728414022,1.6128245998532478,121.54371365196205,-1.49461654800687,0.5001,0.5022,192.995,199.637,0.677520796
2024-06-18 17:27:10.555383,1162.3890280723572,1,156.16226866513855,-2.0359134641372987,-167.65136567006812,1.5830473329009094,121.6105161989047,-1.422903909891669,0.4996,0.5022,192.995,199.636,0.677601954
2024-06-18 17:27:11.530227,1163.3638727664948,1,156.1673627327855,-1.9449386617261943,-167.6495357766515,1.63946371965388,121.65460296136776,-1.456329176505353,0.5001,0.5022,192.994,199.637,0.677517735
2024-06-18 17:27:12.543800,1164.3774456977844,1,156.33167962954775,-2.0875666613724624,-167.5226669324216,1.6377833276116749,121.54826620861641,-1.4692516988523185,0.4991,0.5022,192.995,199.639,0.677466441
2024-06-18 17:27:13.556034,1165.3896794319153,1,156.20577670503351,-1.8073198824038357,-167.66876782120676,1.6369192414051486,121.48651832829059,-1.4590122207578768,0.4991,0.5022,192.995,199.638,0.677479367
2024-06-18 17:27:14.574645,1166.4082901477814,1,156.22345674533486,-2.065957542869859,-167.59570196683836,1.638395211160687,121.56482559010593,-1.5375834961760624,0.4991,0.5022,192.996,199.637,0.677514603
2024-06-18 17:27:15.581643,1167.415288925171,1,156.31647465584595,-2.0036705126350642,-167.58082435862644,1.7097323193256126,121.56440980202004,-1.4681663002547996,0.4991,0.5022,192.996,199.638,0.677544536
2024-06-18 17:27:16.542225,1168.3758704662323,1,156.37851542545968,-1.8782902747248216,-167.5879182107286,1.5609104463116275,121.56425763576775,-1.5081308197093835,0.4996,0.5022,192.995,199.637,0.677543857
2024-06-18 17:27:17.545421,1169.3790667057037,1,156.21984202833997,-1.9203349719398415,-167.6277943143971,1.6742224408402326,121.60437253404532,-1.5425279657076427,0.4996,0.5022,192.996,199.637,0.677476169
2024-06-18 17:27:18.574064,1170.4077098369598,1,156.14922286421697,-1.8209028880063445,-167.66862464157816,1.5921117852197004,121.49847102625662,-1.5426321347843452,0.4991,0.5022,192.997,199.638,0.677470113
2024-06-18 17:27:19.551663,1171.385308265686,1,156.10863154507805,-2.1204265023060827,-167.6838055772175,1.7044011955956317,121.47931679194326,-1.4302434834219913,0.5001,0.5022,192.995,199.638,0.677444534
2024-06-18 17:27:20.583646,1172.417291879654,1,156.2073936723639,-2.122257107352619,-167.6652553320439,1.597907763038235,121.61420680422016,-1.4154595619012873,0.4996,0.5022,192.995,199.639,0.677460657
2024-06-18 17:27:21.597459,1173.4311048984528,1,156.20172242811833,-1.95395463283918,-167.60380566148586,1.6740897245240938,121.61896665251118,-1.533453208403831,0.4996,0.5022,192.996,199.638,0.677409364
2024-06-18 17:27:22.592670,1174.4263155460358,1,156.15831188504535,-2.1095451645075527,-167.61059033693047,1.6408778080654483,121.58315561517342,-1.5794220434796002,0.5001,0.5022,192.996,199.639,0.67744814
2024-06-18 17:27:23.567661,1175.4013061523438,1,155.98048110276113,-1.8459609585386396,-167.78852791248812,1.4435903357335211,121.44278347922938,-1.6790084502752485,0.5001,0.5022,192.996,199.637,0.677466031
2024-06-18 17:27:24.571506,1176.4051513671875,1,156.1664320810315,-1.9502832846713394,-167.63307211733164,1.6366477268494917,121.62936244021172,-1.4581101453725729,0.4996,0.5022,192.994,199.638,0.677402289
2024-06-18 17:27:25.593199,1177.4268441200256,1,156.41129290585627,-2.0084094253889138,-167.52563957612543,1.6796059428450434,121.56133882179391,-1.483957221706385,0.5007,0.5022,192.993,199.638,0.677368274
2024-06-18 17:27:26.581485,1178.4151301383972,1,156.29548427092098,-1.9800097177990261,-167.55595675414318,1.7249583679624374,121.57603906486548,-1.4503198255615495,0.4996,0.5022,192.994,199.638,0.677412357
2024-06-18 17:27:27.620275,1179.4539206027985,1,156.1983035288545,-2.097158503611138,-167.63385654121106,1.6293381807533451,121.54774672005627,-1.5654947340919443,0.4996,0.5022,192.995,199.639,0.677465351
2024-06-18 17:27:28.599809,1180.4334542751312,1,156.19864628042203,-2.062029782378057,-167.58722939573244,1.628746902204966,121.549620235127,-1.4436928898483856,0.4996,0.5022,192.994,199.639,0.677496304
2024-06-18 17:27:29.586217,1181.4198625087738,1,156.25950315397708,-1.9903319950966183,-167.40722678616257,1.5332776321758228,121.53881821699036,-1.4838612886555405,0.5001,0.5022,192.994,199.637,0.677535762
2024-06-18 17:27:30.587226,1182.4208719730377,1,156.31978869732777,-1.9999437189994096,-167.53253120361848,1.6860260416946733,121.5733738103699,-1.4743406348268975,0.4996,0.5022,192.993,199.637,0.677571001
2024-06-18 17:27:31.604113,1183.4377584457397,1,156.32924969418863,-1.8143113156138202,-167.58110976745965,1.6705649068308184,121.59953931422984,-1.4678605693160756,0.5001,0.5022,192.993,199.637,0.677487258
2024-06-18 17:27:32.595147,1184.428792476654,1,156.19440345403746,-1.9241778239400895,-167.52006982945005,1.7727558880313774,121.53991192483201,-1.4917398003149172,0.5001,0.5022,192.994,199.637,0.677460591
2024-06-18 17:27:33.632248,1185.4658932685852,1,156.23451836154365,-1.9399175346881066,-167.48976274681604,1.706710309041523,121.54204858411887,-1.500019535684954,0.4996,0.5022,192.995,199.638,0.677472171
2024-06-18 17:27:34.643127,1186.476772069931,1,156.2661962403807,-1.8940728786733088,-167.48862284821965,1.7199159954845105,121.58094254632002,-1.4686838137788925,0.4991,0.5022,192.995,199.637,0.677471681
2024-06-18 17:27:35.613356,1187.4470012187958,1,156.18510345646723,-1.8490335396629969,-167.58006823292592,1.6431583569895813,121.56339950329937,-1.426102505384237,0.5001,0.5022,192.995,199.638,0.67748243
2024-06-18 17:27:36.655593,1188.489238023758,1,156.2125015094122,-2.101761602950391,-167.56285532909868,1.6179252253859104,121.55687358138917,-1.4466266742841387,0.5007,0.5022,192.994,199.637,0.677469845
2024-06-18 17:27:37.624116,1189.4577617645264,1,156.17315872903407,-2.050015059973079,-167.55566152415966,1.5464876126740348,121.54932185183549,-1.5075315817140298,0.4996,0.5022,192.994,199.638,0.67741549
2024-06-18 17:27:38.617459,1190.4511051177979,1,156.0951311876771,-1.9160652616156335,-167.6474039929908,1.6522581067489663,121.44611201178196,-13.563302838588397,0.4991,0.5022,192.995,199.638,0.677438143
2024-06-18 17:27:39.618806,1191.4524519443512,1,156.14250750187753,-2.0607119400767298,-167.5933808999188,1.541720995325279,121.4740437763458,-2.0809845191746397,0.4991,0.5022,192.995,199.638,0.677498076
2024-06-18 17:27:40.633294,1192.4669392108917,1,156.21807699155778,-2.2008533012877503,-167.6007122637544,1.6363773002435615,121.50088241866398,-1.4871350859387567,0.5001,0.5022,192.995,199.637,0.677536785
2024-06-18 17:27:41.621891,1193.4555361270905,1,156.32918598929385,-2.0341284831756776,-167.5760215811831,1.5439452590097442,121.58502778689048,-1.533119301529242,0.4991,0.5022,192.996,199.639,0.677571343
2024-06-18 17:27:42.624085,1194.4577300548553,1,156.30292864350972,-1.9461323472222893,-167.55990546128598,1.5860024731905347,121.60644768132347,-1.5140721945122715,0.4996,0.5022,192.995,199.638,0.677479437
2024-06-18 17:27:43.624423,1195.4580686092377,1,156.24861161128857,-1.8221644884932422,-167.56124076186853,1.6224976811128025,121.53514509901872,-1.4666633984672386,0.4996,0.5022,192.995,199.638,0.677551887
2024-06-18 17:27:44.642423,1196.476068496704,1,156.23242601613364,-2.0180796593511627,-167.42999314807707,1.555708953137557,121.5368458922298,-1.4901698120321918,0.4991,0.5022,192.996,199.637,0.677552703
2024-06-18 17:27:45.638799,1197.4724445343018,1,156.2439830471606,-1.9615841602418425,-167.52030582690983,1.5443378213795245,121.58030796299741,-1.4791976805090241,0.4991,0.5022,192.997,199.638,0.677479709
2024-06-18 17:27:46.651882,1198.4855275154114,1,156.1976913925325,-1.9362217965550719,-167.53132605099768,1.594112721302162,121.56929019414008,-1.4871995775986158,0.4996,0.5022,192.996,199.638,0.677516784
2024-06-18 17:27:47.642945,1199.476590871811,1,156.2651159548096,-1.8218346694503957,-167.52824489988492,1.6176940846476167,121.53978461535951,-1.516496108214792,0.5001,0.5022,192.996,199.637,0.677501544
2024-06-18 17:27:48.665615,1200.4992606639862,1,155.98912012515606,-1.9403869051498739,-167.6775623261446,1.533835476247156,121.43096561442542,-1.509415436947448,0.4996,0.5022,192.995,199.636,0.677563109
2024-06-18 17:27:49.657437,1201.4910821914673,1,156.11393198994745,-1.9428570201885558,-167.53260686143412,1.5957679936121378,121.58213145098159,-1.4721917314791293,0.4996,0.5022,192.996,199.638,0.677522363
2024-06-18 17:27:50.649071,1202.4827167987823,1,156.07266858490922,-2.0528658937914415,-167.57754581429126,1.4892870756556136,121.48607654447767,-1.5112555665704068,0.4996,0.5022,192.996,199.639,0.677574948
2024-06-18 17:27:51.650682,1203.4843277931213,1,156.1034535285858,-1.9979305058773844,-167.53263194928164,1.793941999042352,121.51301074364885,-1.4328350827580254,0.5001,0.5022,192.996,199.639,0.677468892
2024-06-18 17:27:52.652257,1204.4859027862549,1,156.26818807364748,-1.8616860490470082,-167.52896856461945,1.6128685245417378,121.54476932065774,-1.4899679890811182,0.5007,0.5022,192.996,199.637,0.677530322
2024-06-18 17:27:53.653453,1205.4870986938477,1,156.1202101004746,-1.9985906822726995,-167.57544122085466,1.6011737349947521,121.61445824888789,-1.3965100101000574,0.4996,0.5022,192.996,199.637,0.677538623
2024-06-18 17:27:54.687932,1206.5215775966644,1,156.1181378519586,-2.0027105888306385,-167.5780023915564,1.716467342023522,121.53241566595598,-1.5437070274976175,0.4996,0.5022,192.995,199.637,0.677596583
2024-06-18 17:27:55.681322,1207.514967918396,1,156.15169772250505,-1.9698673803583506,-167.54468188225425,1.5763646232508481,121.54950624291143,-1.446957928804296,0.4996,0.5022,192.995,199.638,0.677563759
2024-06-18 17:27:56.699361,1208.5330064296722,1,156.10318308517688,-1.8387135040786518,-167.58575773508045,1.5933460350918522,121.51788955942354,-1.5645864602365502,0.5007,0.5022,192.995,199.637,0.677547261
2024-06-18 17:27:57.682733,1209.51637840271,1,156.12604631914624,-2.086765500177594,-167.49753031956777,1.6364031516594264,121.63371597626328,-1.4861656028795092,0.5007,0.5022,192.995,199.636,0.677453926
2024-06-18 17:27:58.677273,1210.5109188556671,1,156.102424358864,-2.373618872369502,-167.64252342322118,1.7084534143545724,121.43807846126587,-1.4635925236853375,0.4991,0.5022,192.995,199.637,0.67744481
2024-06-18 17:27:59.680058,1211.5137031078339,1,156.27461211744514,-2.1529840616280738,-167.4922487318403,1.6465111433390551,121.53703326056197,-1.5086766192496528,0.5007,0.5022,192.995,199.638,0.677417055
2024-06-18 17:28:00.681307,1212.514952659607,1,156.21452266798065,-2.0306527373400973,-167.50571430594198,1.5179832312669834,121.56968909844308,-1.4485761244802124,0.4996,0.5022,192.995,199.638,0.677518213
2024-06-18 17:28:01.688496,1213.5221416950226,1,156.239725129904,-1.87744445262666,-167.5259049535875,1.663551482538015,121.56833409725108,-1.4774306624724487,0.4991,0.5022,192.996,199.639,0.67743862
2024-06-18 17:28:02.698088,1214.5317332744598,1,156.31745695195454,-1.854684418061826,-167.28601230053127,1.5462810307964543,121.56953443420699,-1.5042886077091338,0.5007,0.5022,192.997,199.638,0.677496172
2024-06-18 17:28:03.703800,1215.537445306778,1,156.1456200138268,-2.008053170951874,-167.52095151383512,1.5136752868861127,121.5540227840552,-1.5516799104870456,0.5001,0.5022,192.996,199.638,0.677527193
2024-06-18 17:28:04.696248,1216.529893875122,1,156.18136600989888,-1.97091518253016,-167.52235495554635,1.6317739856990008,121.6013641712096,-1.517345877722769,0.4996,0.5022,192.996,199.637,0.677529916
2024-06-18 17:28:05.706142,1217.539787054062,1,156.10407469854053,-1.9448422988274383,-167.5690842171015,1.6573590694455422,121.61070142569822,-1.407947354569943,0.5001,0.5022,192.996,199.639,0.67757495
2024-06-18 17:28:06.705494,1218.5391397476196,1,156.17047147258398,-1.7743175363648205,-167.52044441288342,1.639497624339728,121.5572051903478,-1.4251708447812423,0.4996,0.5022,192.996,199.638,0.677530036
2024-06-18 17:28:07.720463,1219.5541081428528,1,156.21488445460392,-1.954057961812254,-167.49072243067067,1.5951740298690407,121.58278990784424,-1.509200568839917,0.4996,0.5022,192.995,199.638,0.677481544
2024-06-18 17:28:08.725453,1220.5590989589691,1,156.19786087713646,-2.0773976449904676,-167.4935616737176,1.6208963431418406,121.55742003367465,-1.459828874417056,0.4996,0.5022,192.995,199.637,0.677537259
2024-06-18 17:28:09.712385,1221.5460307598114,1,156.2724205557946,-1.9196418071818857,-167.36229667840382,1.658008615957185,121.55845900976205,-1.48809715656481,0.4996,0.5022,192.996,199.638,0.677424332
2024-06-18 17:28:10.715608,1222.5492532253265,1,156.0025040231428,-2.0172729406974352,-167.57170468648735,1.635555318698439,121.62035046069134,-1.3867411276472144,0.5001,0.5022,192.996,199.638,0.677496238
2024-06-18 17:28:11.725030,1223.5586757659912,1,156.10267229059724,-1.9857025091763407,-167.43239875596032,1.7769245735280792,121.5354289830277,-1.4504452735707385,0.4996,0.5022,192.996,199.638,0.677553381
2024-06-18 17:28:12.723430,1224.5570755004883,1,156.2224024129547,-1.9580401685101336,-167.36763182715035,1.5289804591226435,121.55744779194504,-1.4650495614314132,0.5001,0.5022,192.996,199.639,0.677508551
2024-06-18 17:28:13.750793,1225.5844388008118,1,156.1347993244328,-2.0404322769311665,-167.474936189701,1.6105425374941809,121.61363351946635,-1.4806451129717069,0.5001,0.5022,192.996,199.639,0.677483927
2024-06-18 17:28:14.743917,1226.5775623321533,1,156.27331384722532,-1.9748954856514365,-167.35823118245617,1.6317207666971942,121.56857484983347,-1.485097730786138,0.5001,0.5022,192.996,199.638,0.677488008
2024-06-18 17:28:15.734368,1227.5680136680603,1,156.10421044640665,-1.9462889825866458,-167.54377802124927,1.6713530678362516,121.62302508144263,-1.4112695711365009,0.5001,0.5022,192.996,199.638,0.677482022
2024-06-18 17:28:16.735480,1228.5691256523132,1,156.0374861718165,-1.8260624820957203,-167.57996379663234,1.6854133359144958,121.51145343595404,-1.410774747812687,0.5001,0.5022,192.996,199.638,0.677583112
2024-06-18 17:28:17.764868,1229.5985140800476,1,156.12634735482547,-1.9697898420502598,-167.4341381680077,1.7777606819287786,121.52371058961195,-1.4585367469614472,0.5007,0.5022,192.996,199.638,0.677449572
2024-06-18 17:28:18.746274,1230.5799198150635,1,156.1649122226723,-1.9311920103315916,-167.5014250873774,1.7367754066476464,121.57321005038975,-1.5584300992131013,0.5001,0.5022,192.996,199.637,0.677506308
2024-06-18 17:28:19.745197,1231.5788428783417,1,156.10462681823253,-1.8677140706991529,-167.52492054977841,1.6856511619519454,121.54192558937841,-1.4362759112195222,0.4991,0.5022,192.995,199.638,0.677503179
2024-06-18 17:28:20.748422,1232.5820670127869,1,156.04929633991097,-1.8484200399270914,-167.56603969811422,1.6109719013010564,121.5439249112259,-1.5833637657076693,0.5001,0.5022,192.996,199.638,0.67750107
2024-06-18 17:28:21.759892,1233.5935378074646,1,156.14536001985715,-1.9579565659011302,-167.4944359239993,1.533072508568533,121.53117585022711,-1.4408675715576793,0.4996,0.5022,192.997,199.638,0.677427259
2024-06-18 17:28:22.780233,1234.6138787269592,1,156.14160760756255,-2.0379242863651412,-167.48819430617462,1.5815534475482111,121.57640345296791,-1.4812258617961165,0.4991,0.5022,192.996,199.638,0.677402429
2024-06-18 17:28:23.772694,1235.606339931488,1,156.25845626643562,-2.089076115497104,-167.4119288237651,1.6525236617270966,121.56275882278449,-1.4950659101322152,0.4991,0.5022,192.997,199.637,0.677502158
2024-06-18 17:28:24.763344,1236.59699010849,1,156.1722774700194,-2.16433784282946,-167.47210873283004,1.6273285147490615,121.54365728102444,-1.5411671984143849,0.4985,0.5022,192.996,199.638,0.677411817
2024-06-18 17:28:25.766083,1237.599728345871,1,156.06989540793515,-1.9933937620855549,-167.53238536743197,1.5356914618882302,121.56418536949407,-1.575829270651214,0.5001,0.5022,192.996,199.638,0.677437531
2024-06-18 17:28:26.769092,1238.6027371883392,1,156.22681565174688,-2.2057725314281305,-167.50603461967776,1.6252006810179482,121.53409993520411,-1.5505208435949203,0.5001,0.5022,192.996,199.638,0.677547397
2024-06-18 17:28:27.773306,1239.6069519519806,1,156.18087911770905,-1.9843618983403104,-167.47276411705448,1.5721034841135644,121.54973780313985,-1.5086672716388372,0.5001,0.5022,192.996,199.638,0.677477328
2024-06-18 17:28:28.776011,1240.6096563339233,1,156.0392132867119,-1.9629128183613334,-167.55886343252746,1.666619791413598,121.6001011570253,-1.3832412078659067,0.5007,0.5022,192.996,199.638,0.677416346
2024-06-18 17:28:29.806013,1241.639659166336,1,156.1924791922725,-1.8880440212658818,-167.42396766131995,1.6460231955764302,121.55833182717325,-1.4588131030453992,0.5001,0.5022,192.997,199.638,0.6774544
2024-06-18 17:28:30.792274,1242.6259198188782,1,156.26878036164507,-1.8965119679818705,-167.47311035403197,1.5944179935992633,121.59127967241614,-1.496093465844661,0.5001,0.5022,192.997,199.638,0.677412495
2024-06-18 17:28:31.796529,1243.6301741600037,1,156.21390770635077,-2.0052080039179043,-167.30334591059326,1.4928689391316226,121.54967549448138,-1.5112887761413432,0.4985,0.5022,192.997,199.637,0.677453312
2024-06-18 17:28:32.797094,1244.6307396888733,1,156.0470328676931,-2.0283765883199294,-167.47859168017845,1.7735448990241671,121.4861292620343,-1.470044799773101,0.5007,0.5022,192.997,199.637,0.677402631
2024-06-18 17:28:33.807152,1245.6407978534698,1,156.12821285763138,-1.8998205958024188,-167.4337894609214,1.631244771051657,121.59064591981878,-1.5426594094194417,0.5001,0.5022,192.996,199.638,0.677367664
2024-06-18 17:28:34.886244,1246.719889640808,1,156.10979561850417,-2.137057587927988,-167.47259356637431,1.6124038498399045,121.56681851649562,-1.4397215397338594,0.4996,0.5022,192.997,199.638,0.677366304
2024-06-18 17:28:35.834708,1247.6683537960052,1,156.07030590195424,-2.1107401887593014,-167.52319512128636,1.7222947655509115,121.53787094701093,-1.5384947318197966,0.4996,0.5022,192.998,199.638,0.677409364
2024-06-18 17:28:36.836057,1248.6697030067444,1,156.1030383745337,-2.0666600924448764,-167.47487379407815,1.755987179138347,121.5121655352603,-1.4724733052052021,0.4985,0.5022,192.997,199.637,0.677369431
2024-06-18 17:28:37.839360,1249.673005580902,1,156.10315479648102,-2.086185430718484,-167.48166842990764,1.5659669060720558,121.5309618831891,-1.5174165779698248,0.4991,0.5022,192.997,199.638,0.677403309
2024-06-18 17:28:38.846653,1250.6802988052368,1,156.0687327153572,-1.9110046833753707,-167.403448136362,1.6473691404300184,121.6034013696809,-1.4620389133547866,0.5001,0.5022,192.998,199.638,0.677365077
2024-06-18 17:28:39.847975,1251.6816210746765,1,156.21837152753113,-1.9291216472563542,-167.4166200383562,1.5616835146072967,121.56812712515104,-1.4501882016856642,0.5007,0.5022,192.997,199.638,0.677501162
2024-06-18 17:28:40.847306,1252.6809515953064,1,155.9265286740684,-1.9674650359290404,-167.6038178748733,1.6527744879732527,121.47672889003822,-1.3927235298271492,0.5007,0.5022,192.997,199.638,0.677443856
2024-06-18 17:28:41.857603,1253.6912486553192,1,156.1187195717379,-1.8838504603476673,-167.4709554667731,1.6119967955096022,121.55295926194827,-1.437013623563497,0.4991,0.5022,192.998,199.636,0.67754515
2024-06-18 17:28:42.848951,1254.6825966835022,1,156.05677252779117,-1.8974955033404757,-167.46751317359872,1.605896224374367,121.64034760835011,-1.5251685936244468,0.4996,0.5022,192.997,199.637,0.67750617
2024-06-18 17:28:43.853266,1255.6869111061096,1,155.9523026261729,-2.2820663770287264,-167.61806882859858,1.4897952781041957,121.42074653372109,-1.416888911613637,0.4991,0.5022,192.998,199.637,0.67749617
2024-06-18 17:28:44.854612,1256.6882572174072,1,156.16743627132738,-2.0902632290649894,-167.44229764991576,1.6584709240647997,121.55233960824211,-1.4844327287903194,0.4996,0.5022,192.998,199.637,0.677493791
2024-06-18 17:28:45.857958,1257.6916031837463,1,156.15723001152443,-1.9906798088664046,-167.437886299591,1.6088309445550544,121.57572922678628,-1.4970364575121085,0.4996,0.5022,192.997,199.637,0.677435831
2024-06-18 17:28:46.881257,1258.714902639389,1,156.19148755023772,-1.7999522237430179,-167.41720528406617,1.6312710825143155,121.55371144512011,-1.506679838359888,0.5007,0.5022,192.998,199.638,0.677423585
2024-06-18 17:28:47.865627,1259.6992719173431,1,155.95610748771625,-2.02643580165581,-167.55969311137187,1.5425522830778733,121.47245773655364,-1.5583274103775469,0.5001,0.5022,192.998,199.637,0.67742066
2024-06-18 17:28:48.870024,1260.7036695480347,1,156.00454543980604,-1.8506784718245919,-167.53753248046692,1.7000764454887707,121.50067478102922,-1.428323900038605,0.5001,0.5022,192.998,199.637,0.677447463
2024-06-18 17:28:49.870348,1261.7039935588837,1,156.10744727395758,-1.9957689508010887,-167.3614627027401,1.5144844989417618,121.5549992424763,-1.5040825620712914,0.4991,0.5022,192.998,199.637,0.677469028
2024-06-18 17:28:50.873693,1262.707338809967,1,156.15987925536365,-1.9843667994501046,-167.36211898271785,1.721391054972333,121.57552054793402,-1.4587697324659994,0.5007,0.5022,192.999,199.638,0.677435762
2024-06-18 17:28:51.877981,1263.7116260528564,1,155.9237904885427,-1.981723380106078,-167.57462722021853,1.634526191707229,121.47441605390888,-1.405616615845102,0.4996,0.5022,192.999,199.638,0.677475559
2024-06-18 17:28:52.882296,1264.7159414291382,1,156.1172485923533,-2.065936676119636,-167.38372672891194,1.6194474239273953,121.58490456259223,-1.5131637179662956,0.5001,0.5022,192.999,199.638,0.677514947
2024-06-18 17:28:53.885611,1265.7192568778992,1,156.08188855200208,-2.206784792644967,-167.44808316163636,1.6484292713531163,121.52731376662999,-1.502975514213669,0.5001,0.5022,192.999,199.637,0.677478552
2024-06-18 17:28:54.894954,1266.7285997867584,1,156.0785292368363,-2.1668753800055383,-167.36352481546956,1.6108715254197903,121.62767649842147,-1.5623081731829191,0.4996,0.5022,192.998,199.638,0.677459368
2024-06-18 17:28:55.893285,1267.726930141449,1,156.31313550539804,-1.9245962229288038,-167.34615319941972,1.6599132117465984,121.55533712619763,-1.487109030425334,0.4996,0.5022,192.998,199.637,0.677412497
2024-06-18 17:28:56.895603,1268.7292482852936,1,155.8467556018648,-1.8066925864462626,-167.63396840349873,1.8016683529220205,121.44543930911522,-1.3201741820078599,0.5001,0.5022,192.999,199.637,0.677453314
2024-06-18 17:28:57.896927,1269.7305727005005,1,156.14798112045582,-1.9193493121064367,-167.32224100430642,1.5974676262867744,121.57907582596673,-1.4832572123439904,0.5001,0.5022,192.999,199.637,0.677455899
2024-06-18 17:28:58.900248,1270.7338936328888,1,156.05543922153646,-1.8529456383614684,-167.46643465490413,1.6903293846628415,121.52290212625664,-1.45038054617075,0.5007,0.5022,192.999,199.637,0.67748243
2024-06-18 17:28:59.900592,1271.734237909317,1,156.09225450534092,-1.9791488670010888,-167.4004448171394,1.509516390168717,121.54686366805896,-1.5057326020088937,0.5007,0.5022,192.999,199.637,0.677465355
2024-06-18 17:29:00.903885,1272.737530708313,1,156.23310662785758,-2.0386059507191976,-167.39063902606273,1.5874094705496158,121.56835115540635,-1.496277627240942,0.4996,0.5022,192.999,199.637,0.677485627
2024-06-18 17:29:01.904212,1273.7378578186035,1,156.23737155847584,-2.0248736379695393,-167.2806993553099,1.6657623847968328,121.58030779294965,-1.4875517513580299,0.4991,0.5022,192.998,199.637,0.677529743
2024-06-18 17:29:02.909524,1274.7431693077087,1,156.06406846231235,-2.0260080365477053,-167.45711952626365,1.5676527662781055,121.58530757140973,-1.557584822470137,0.5001,0.5022,193.0,199.637,0.677492564
2024-06-18 17:29:03.915832,1275.7494778633118,1,156.12260051218183,-1.9608738461612922,-167.31706239182716,1.557048928883253,121.5780353425336,-1.498162742824815,0.4991,0.5022,193.0,199.637,0.677451883
2024-06-18 17:29:04.921168,1276.7548134326935,1,156.1141348424357,-1.8721019496692244,-167.41915096575624,1.666856718040555,121.55873994682878,-1.4791578294265006,0.5007,0.5022,192.999,199.637,0.677381678
2024-06-18 17:29:05.923485,1277.7571303844452,1,156.11035663028403,-2.1083885850999193,-167.4224456758042,1.6263343354410564,121.54321994867999,-1.4548204786547072,0.4996,0.5022,193.0,199.636,0.677517326
2024-06-18 17:29:06.928774,1278.762419462204,1,156.30901140235193,-1.963520713630336,-167.32637930437147,1.648346719555857,121.56746897304359,-1.477517163815637,0.4996,0.5022,193.0,199.637,0.677451407
2024-06-18 17:29:07.930098,1279.7637436389923,1,156.50966977975668,-1.9918557942461916,-167.26407234058124,1.5871848997942397,121.57855121015581,-1.4822503030277137,0.5001,0.5022,193.0,199.637,0.677442087
2024-06-18 17:29:08.935480,1280.7691252231598,1,155.94754324668517,-1.8706067015487096,-167.52702023671966,1.7253243691322133,121.48520195258789,-1.4393156368627886,0.4991,0.5022,192.999,199.637,0.677441205
2024-06-18 17:29:09.938767,1281.7724123001099,1,156.20037978572014,-1.8932071696688286,-167.30440560109326,1.6117917050103354,121.56345548212543,-1.4811564387030114,0.4996,0.5022,192.999,199.637,0.677377598
2024-06-18 17:29:10.939092,1282.7727375030518,1,156.0074819552257,-1.961959436403522,-167.37429746289232,1.4569719773425371,121.51411737320953,-1.4887250987291136,0.4991,0.5022,193.0,199.638,0.677415966
2024-06-18 17:29:11.943407,1283.7770521640778,1,156.12329740775962,-1.9771403887107664,-167.40117050494928,1.673658571476273,121.59360681382007,-1.434618737468068,0.5001,0.5022,192.999,199.637,0.677394741
2024-06-18 17:29:12.945725,1284.779370546341,1,156.01532068611,-2.0022288345561234,-167.46597734345488,1.6891000413494293,121.57948261545111,-1.3780757520701195,0.4996,0.5022,192.999,199.637,0.677436919
2024-06-18 17:29:13.949067,1285.7817146778107,1,156.11669847614294,-1.9163502867115025,-167.3996575077828,1.6674696770448363,121.56021729746698,-1.475339348620409,0.4991,0.5022,193.0,199.637,0.677444742
2024-06-18 17:29:14.952408,1286.7860534191132,1,156.11427759305695,-1.8861435444786356,-167.42182995689274,1.6662204162916965,121.5377327534617,-1.4979145537672363,0.5007,0.5022,193.0,199.639,0.677445695
2024-06-18 17:29:15.956737,1287.790382862091,1,156.2190740945395,-1.7709092372719168,-167.38930768828354,1.6366498273408672,121.54089879260572,-1.490460038563674,0.5001,0.5022,193.0,199.637,0.677553041
2024-06-18 17:29:16.959063,1288.7927086353302,1,156.18832101097232,-2.0674804828001982,-167.39782099960513,1.641089501503865,121.57791393860721,-1.4819995103730144,0.4996,0.5022,192.999,199.637,0.677481952
2024-06-18 17:29:17.963350,1289.7969958782196,1,156.16081287109387,-1.912910623358243,-167.3744663933532,1.463707702585527,121.59686748290152,-1.42358065875476,0.5007,0.5022,193.0,199.637,0.677477938
2024-06-18 17:29:18.965671,1290.7993161678314,1,156.07177716558482,-1.9762716730139294,-167.2826236995663,1.7442166155374867,121.52810038398529,-1.4870238026464406,0.5007,0.5022,193.0,199.637,0.677543585
2024-06-18 17:29:19.968987,1291.8026323318481,1,156.07226839410706,-1.9987926641320253,-167.4095498703029,1.654372857517237,121.60457991927933,-1.5182474297092114,0.4985,0.5022,192.999,199.639,0.677517256
2024-06-18 17:29:20.973302,1292.8069474697113,1,156.10139385041504,-2.024114762631544,-167.2899656475005,1.8993259842608334,121.54283374111799,-1.564796709027302,0.4996,0.5022,193.0,199.636,0.677496644
2024-06-18 17:29:21.977616,1293.8112614154816,1,156.03580832976547,-1.94123130273194,-167.3983700741912,1.6217642006196524,121.64268793844137,-1.4157063552146454,0.4996,0.5022,193.0,199.637,0.677469841
2024-06-18 17:29:22.980963,1294.8146080970764,1,156.10289188651143,-1.9811219768836796,-167.32389854630412,1.7569399712316243,121.53649933586817,-1.5130233658404735,0.4996,0.5022,193.001,199.639,0.677439568
2024-06-18 17:29:23.985255,1295.8189008235931,1,156.0811838780087,-1.9836428703026205,-167.39747502703656,1.54096722019876,121.57838456904904,-1.4243968576053772,0.5001,0.5022,193.002,199.639,0.677453106
2024-06-18 17:29:24.989583,1296.8232288360596,1,156.07833322243414,-2.0412879166082463,-167.4127394989387,1.5207468152788852,121.59225320002353,-1.415082117199732,0.5001,0.5022,193.0,199.638,0.677428275
2024-06-18 17:29:25.995893,1297.829538345337,1,156.06422903820015,-2.0626685678581445,-167.38130270907797,1.645004712571772,121.56463660652489,-1.4811672156916016,0.4996,0.5022,193.0,199.637,0.677450861
2024-06-18 17:29:26.997215,1298.830860376358,1,156.17778006351477,-1.688508854877317,-167.3974434224914,1.614044613517152,121.52389817990549,-1.5274214958635797,0.4996,0.5022,193.0,199.639,0.677540928
2024-06-18 17:29:28.001530,1299.8351752758026,1,156.04512464510458,-1.9024413545963241,-167.33377661827947,1.6265410280557242,121.56134095509093,-1.4556277223253549,0.5001,0.5022,193.001,199.638,0.677539636
2024-06-18 17:29:29.001877,1300.835522890091,1,156.04055412273047,-1.9688505472123907,-167.34549609676628,1.4801078297644852,121.53038849804902,-1.4538163121213383,0.5007,0.5022,193.001,199.639,0.677477934
2024-06-18 17:29:30.005225,1301.8388707637787,1,156.1251632756126,-1.7758000971055206,-167.39502127837383,1.5956311002410097,121.51809953096227,-1.4738407731885945,0.4996,0.5022,193.0,199.638,0.677483853
2024-06-18 17:29:31.007565,1302.8412103652954,1,156.00860970469898,-2.097821485788516,-167.42387840831614,1.577587414374503,121.53011717538524,-1.5560560069540952,0.5001,0.5022,193.001,199.638,0.677410926
2024-06-18 17:29:32.011880,1303.84552526474,1,156.08991951144912,-1.9080280815538837,-167.37873658427645,1.6127692192619436,121.61444886483588,-1.4904884108599505,0.5007,0.5022,193.001,199.638,0.677466982
2024-06-18 17:29:33.011238,1304.8448836803436,1,156.110847818957,-1.7741495469936308,-167.34054487568824,1.6306654273983796,121.56267583878603,-1.4377088700748655,0.5001,0.5022,193.002,199.637,0.677484057
2024-06-18 17:29:34.015564,1305.8492090702057,1,156.12772074715986,-1.985854515613377,-167.36776990303494,1.6758847941949624,121.63254189466808,-1.4525346968778716,0.4991,0.5022,193.002,199.638,0.677467458
2024-06-18 17:29:35.018905,1306.852550983429,1,156.1416670394003,-2.1614141156871782,-167.35101600494994,1.6410390289874237,121.55531682845321,-1.461956458792723,0.4991,0.5022,193.002,199.637,0.677398341
2024-06-18 17:29:36.023194,1307.8568396568298,1,156.08405997945653,-1.997721063832307,-167.3672446654828,1.4666103586868604,121.53892857687259,-1.442021480048719,0.4991,0.5022,193.002,199.637,0.67747256
2024-06-18 17:29:37.030501,1308.864146232605,1,156.0933361976204,-2.0347005230623063,-167.35918263977445,1.6426425880257565,121.56402413999281,-1.5024602701247562,0.4996,0.5022,193.001,199.639,0.67746841
2024-06-18 17:29:38.031823,1309.8654689788818,1,156.12694468114273,-1.9841561374748569,-167.35937421285033,1.6805880569379978,121.63979392461444,-1.4521784473323447,0.4996,0.5022,193.002,199.639,0.677480995
2024-06-18 17:29:39.036138,1310.8697836399078,1,,,,,,,0.4985,0.5022,193.002,199.638,0.677408953
2024-06-18 17:29:40.039456,1311.8731019496918,1,156.0888032708707,-2.0783231603688166,-167.3445065658433,1.7417558173354815,122.80150265017679,0.04287040909743678,0.4996,0.5022,193.001,199.638,0.677440451
2024-06-18 17:29:41.042791,1312.876436471939,1,156.08546672574505,-2.012137555643037,-167.32971000421966,1.7712452941265695,121.6294623716283,-1.3361229297249497,0.5001,0.5022,193.002,199.638,0.677400314
2024-06-18 17:29:42.044114,1313.877759695053,1,155.97554122150714,-1.968821758008805,-167.4426460195269,1.6233899003719403,121.62814957601579,-1.5794525649694229,0.4996,0.5022,193.002,199.638,0.677409157
2024-06-18 17:29:43.045459,1314.8791041374207,1,156.207202387115,-1.9779364535203736,-167.2492964666878,1.5293231810919174,121.58447579989071,-1.5075394559489714,0.5001,0.5022,193.003,199.638,0.677488274
2024-06-18 17:29:44.045784,1315.8794295787811,1,155.97075220200875,-1.9407741757213177,-167.44007963326635,1.7251190069808713,121.49609452554341,-1.4254045668634734,0.4991,0.5022,193.003,199.638,0.677453784
2024-06-18 17:29:45.050645,1316.8842906951904,1,156.19820722656124,-1.9831480245481279,-167.27969306572402,1.5282684626989878,121.56641628926914,-1.5252919969050442,0.4996,0.5022,193.002,199.637,0.677416505
2024-06-18 17:29:46.055259,1317.8889043331146,1,156.10460803316317,-1.9840252617813585,-167.35105587416257,1.680802438281803,121.6164632695167,-1.5248927631505322,0.4996,0.5022,193.002,199.637,0.677443104
2024-06-18 17:29:47.059573,1318.893218278885,1,156.03418277411032,-1.8361759868495622,-167.3862293974314,1.6038276962936966,121.54248528090432,-1.4199297473922181,0.5001,0.5022,193.002,199.637,0.677432083
2024-06-18 17:29:48.063891,1319.8975367546082,1,156.1479987244475,-1.8997675219414745,-167.33985893292137,1.6205464353382089,121.56610190898523,-1.5177547565435756,0.4991,0.5022,193.001,199.638,0.677468342
2024-06-18 17:29:49.065279,1320.8989243507385,1,156.09037816600357,-1.9628275530713462,-167.35211669183437,1.6053254266137065,121.63029066311083,-1.4882710750595012,0.5001,0.5022,193.002,199.637,0.677522903
2024-06-18 17:29:50.068568,1321.902214050293,1,156.07881660765716,-1.9950230713139228,-167.35821964823455,1.5695431526016503,121.60405494054596,-1.4263740342875542,0.5001,0.5022,193.003,199.637,0.677519365
2024-06-18 17:29:51.072910,1322.906555891037,1,156.08555005515683,-1.98674732138366,-167.35213240468852,1.5998668226744417,121.66018234588195,-1.4768583733564202,0.5001,0.5022,193.004,199.637,0.677444602
2024-06-18 17:29:52.073207,1323.9068529605865,1,156.04567513370353,-1.9223330457018888,-167.27179121107974,1.4923326550707576,121.56272369404982,-1.4842236880693114,0.5001,0.5022,193.003,199.637,0.67743086
2024-06-18 17:29:53.076548,1324.910193681717,1,156.08939756636215,-2.0263437902389323,-167.22532677935004,1.6510952326237474,121.57337551344594,-1.4574987654298655,0.5001,0.5022,193.003,199.637,0.677571067
2024-06-18 17:29:54.078889,1325.9125344753265,1,155.9786267941326,-1.9436930622307662,-167.3918670587024,1.6250450764368771,121.63159453368415,-1.569826132754043,0.5001,0.5022,193.004,199.639,0.677578958
2024-06-18 17:29:55.081187,1326.9148325920105,1,156.08478683295823,-1.9632670075925889,-167.18062462497292,1.7384421258693084,121.53536917681117,-1.5000561977620983,0.5001,0.5022,193.003,199.637,0.677476373
2024-06-18 17:29:56.085481,1327.9191262722015,1,156.0520523591111,-1.9540107826899953,-167.29828380064734,1.6995005089950537,121.59710637440044,-1.519062262676963,0.4996,0.5022,193.003,199.637,0.67746821
2024-06-18 17:29:57.090809,1328.9244546890259,1,156.10490254597588,-1.946859981370002,-167.2483394840243,1.7526530806278233,121.56250880216122,-1.5019382755359696,0.4996,0.5022,193.003,199.638,0.677533721
2024-06-18 17:29:58.091116,1329.9247610569,1,156.12282999190418,-2.0497548217682815,-167.21006154388334,1.663714202755885,121.58137498211211,-1.4609669773971967,0.4996,0.5022,193.003,199.638,0.677464264
2024-06-18 17:29:59.091482,1330.9251277446747,1,156.05273626310972,-2.1937294288787923,-167.3782013777309,1.5849319865337983,121.50418972961268,-1.4935799080695586,0.5001,0.5022,193.002,199.638,0.677522973
2024-06-18 17:30:00.095823,1331.9294683933258,1,156.08565800439965,-2.051420592983645,-167.23173428682756,1.620360601024013,121.57882741331021,-1.4680977811746918,0.4996,0.5022,193.003,199.637,0.677502292
2024-06-18 17:30:01.096120,1332.929765701294,1,156.1010419833065,-2.030594531250719,-167.22058023417227,1.6503207594871976,121.59923632064644,-1.4521414500263612,0.5001,0.5022,193.003,199.639,0.677540932
2024-06-18 17:30:02.100435,1333.934080839157,1,156.1467111570599,-1.872289445446076,-167.2803692341337,1.6765391123515783,121.57581734123238,-1.4830015538270518,0.5001,0.5022,193.004,199.637,0.677523857
2024-06-18 17:30:03.105353,1334.9389989376068,1,156.0418084589682,-1.9759275214636578,-167.26225092665098,1.4793352714911003,121.53956517208923,-1.4990885181587248,0.4996,0.5022,193.005,199.637,0.677528619
2024-06-18 17:30:04.107674,1335.9413192272186,1,155.95828655724105,-1.8826504051847828,-167.39674664343914,1.491758922151236,121.50552015862203,-1.4300259852941726,0.4996,0.5022,193.005,199.637,0.67753066
2024-06-18 17:30:05.111018,1336.9446635246277,1,155.99997714220981,-1.9128570641523872,-167.33473453086953,1.619559156888978,121.65722501206093,-1.4869380760698452,0.5007,0.5022,193.004,199.638,0.677538483
2024-06-18 17:30:06.114717,1337.9483623504639,1,155.94093787145542,-1.9832358001845485,-167.387055420161,1.7406590613922455,121.54430931149695,-1.4031552660068076,0.5001,0.5022,193.004,199.637,0.67750059
2024-06-18 17:30:07.119005,1338.9526507854462,1,156.067088961568,-1.9870625884558195,-167.3104527197208,1.6884324660757364,121.56777083875329,-1.448231020954685,0.4991,0.5022,193.003,199.637,0.67748814
2024-06-18 17:30:08.120356,1339.9540016651154,1,155.93163949310667,-2.2872546736026536,-167.417018868287,1.6051260895900643,121.4792160522851,-1.4931225614545878,0.4991,0.5022,193.005,199.638,0.67747814
2024-06-18 17:30:09.124694,1340.9583394527435,1,155.96254347805362,-1.8472694667617566,-167.36574064833968,1.7252426321495271,121.51855116080772,-1.5251266048392031,0.4996,0.5022,193.004,199.638,0.677525216
2024-06-18 17:30:10.130011,1341.9636569023132,1,156.1260060542443,-2.139238125235844,-167.32351151032543,1.617837277459879,121.54526975827171,-1.4963158618095482,0.4996,0.5022,193.004,199.638,0.677561135
2024-06-18 17:30:11.131305,1342.964950799942,1,156.05582891295316,-2.0048321350680007,-167.2651565893428,1.5779797286506065,121.60391019400248,-1.499278082740193,0.4996,0.5022,193.004,199.638,0.677538551
2024-06-18 17:30:12.132656,1343.9663014411926,1,156.09748365881077,-2.1070740015031517,-167.30820293490515,1.6182144935861862,121.54880039458276,-1.456389184789396,0.4991,0.5022,193.003,199.637,0.677530456
2024-06-18 17:30:13.136985,1344.970630645752,1,156.1204203064699,-2.0200013141902384,-167.19266659246725,1.5931401814691313,121.56834052933011,-1.4823072460457651,0.4996,0.5022,193.005,199.637,0.677554472
2024-06-18 17:30:14.139305,1345.9729504585266,1,156.06634009199794,-1.9742414141616234,-167.30349730359063,1.6294891075015356,121.64425989177947,-1.4909411424657468,0.4996,0.5022,193.004,199.636,0.677463178
2024-06-18 17:30:15.141698,1346.9753439426422,1,155.96933510681353,-1.9197416293727192,-167.37328904007472,1.5869231774871708,121.60288841653933,-1.3953350344433006,0.5001,0.5022,193.005,199.638,0.67751202
2024-06-18 17:30:16.145017,1347.9786627292633,1,155.85069128775268,-1.7076001637193468,-167.47123722773838,1.418043301847179,121.42710780295472,-1.5481455337238192,0.4996,0.5022,193.004,199.638,0.67751685
2024-06-18 17:30:17.150361,1348.9840066432953,1,156.04475886036417,-1.868553157653045,-167.30650487990422,1.6365073706079463,121.56809048649488,-1.5134287596344322,0.4996,0.5021,193.006,199.637,0.677473924
2024-06-18 17:30:18.152698,1349.9863440990448,1,155.96910684402374,-1.8315128182764322,-167.37666923923427,1.5479314467024463,121.49813354751798,-1.5070750195290041,0.4996,0.5022,193.005,199.637,0.677471679
2024-06-18 17:30:19.154128,1350.9877734184265,1,155.99555897083536,-1.9960610634814178,-167.3135588077661,1.538254247996745,121.56938601997777,-1.453906752971467,0.4996,0.5022,193.005,199.637,0.677430318
2024-06-18 17:30:20.155430,1351.9890751838684,1,155.94961898996152,-1.829126296218454,-167.38489750777,1.5965807811211692,121.50935790311443,-1.4414887994602494,0.5001,0.5022,193.004,199.638,0.677433039
2024-06-18 17:30:21.158748,1352.9923939704895,1,155.9701163344565,-1.9585174036327857,-167.3565553359882,1.6242966482844838,121.68882412522868,-1.467149925730379,0.5001,0.5022,193.004,199.638,0.677580185
2024-06-18 17:30:22.159072,1353.9927179813385,1,156.0166158556489,-1.8711724542991628,-167.326691996342,1.7009902341717966,121.56286346687548,-1.5115370059777362,0.5007,0.5022,193.005,199.637,0.67752651
2024-06-18 17:30:23.165381,1354.99902677536,1,156.19053152632694,-1.9760029242656487,-167.21090112314755,1.596318831795897,121.57642546798573,-1.4795164064204902,0.5007,0.5022,193.006,199.637,0.677508551
2024-06-18 17:30:24.168699,1356.0023438930511,1,156.08607590158076,-2.0265169787582287,-167.1326863493984,1.626573874570832,121.57544906421877,-1.4920968120269735,0.4996,0.5022,193.005,199.638,0.677438276
2024-06-18 17:30:25.173031,1357.0066771507263,1,156.1525889889952,-1.947024204153715,-167.270012004548,1.6824518540857445,121.61504668549206,-1.4952956491632545,0.4996,0.5022,193.005,199.638,0.677455623
2024-06-18 17:30:26.175358,1358.0090034008026,1,156.04438319349472,-2.0901605225665683,-167.26561207768722,1.6052004036758654,121.59664565151517,-1.4304993806211115,0.4996,0.5022,193.005,199.637,0.677455487
2024-06-18 17:30:27.177112,1359.010757446289,1,156.18045266188528,-2.122194946533848,-167.24699704568138,1.6431962400147286,121.57027922903848,-1.4717378390517382,0.5001,0.5022,193.005,199.637,0.677459432
2024-06-18 17:30:28.184445,1360.018090724945,1,155.75187977842438,-1.9265050843768898,-167.5129350233359,1.7332138991290256,121.51586935318566,-1.6850608172759776,0.5007,0.5022,193.005,199.638,0.677516304
2024-06-18 17:30:29.183747,1361.0173921585083,1,156.0381646398594,-1.9788108266501407,-167.28899528373506,1.6781255785002118,121.58441669830307,-1.5203976686547513,0.4996,0.5022,193.006,199.639,0.677534264
2024-06-18 17:30:30.187063,1362.020708322525,1,156.0873074450231,-1.9405390706605243,-167.26332667631453,1.6859997336647503,121.5696077943006,-1.4869032351431113,0.5007,0.5022,193.007,199.637,0.677478509
2024-06-18 17:30:31.193372,1363.0270175933838,1,156.03737781461413,-2.056755542122102,-167.27791171395796,1.6271651761657957,121.59915017385306,-1.4542191150950083,0.5007,0.5022,193.005,199.639,0.677515218
2024-06-18 17:30:32.194694,1364.028339624405,1,156.05142378334983,-1.9383217521399845,-167.20060495896962,1.7037683151283172,121.56723030910952,-1.4968299145004125,0.4996,0.5022,193.006,199.637,0.677558824
2024-06-18 17:30:33.197016,1365.0306613445282,1,156.11441284198003,-1.9697361343919373,-167.11150184930506,1.6497889220342323,121.56256278486092,-1.4841910404951564,0.5007,0.5022,193.006,199.639,0.677527869
2024-06-18 17:30:34.199334,1366.0329790115356,1,156.03564303150912,-1.9330984617354245,-167.20575611090092,1.5354006496043107,121.6504486457352,-1.4805576356881505,0.4996,0.5022,193.006,199.637,0.677513787
2024-06-18 17:30:35.202700,1367.0363454818726,1,156.02295802328416,-1.9702058861710552,-167.2314571080307,1.4895342548781536,121.56649951219903,-1.5106347055705884,0.5001,0.5022,193.006,199.637,0.677525488
2024-06-18 17:30:36.205006,1368.0386514663696,1,156.1926159937427,-1.977160189834978,-167.17874616655925,1.5774502437483975,121.58489373979367,-1.4771915075343591,0.5001,0.5022,193.006,199.64,0.677528005
2024-06-18 17:30:37.206341,1369.0399868488312,1,155.97774820206038,-1.9947354933390464,-167.21249964877515,1.5097864396776062,121.56793110403636,-1.5084130353166691,0.4996,0.5022,193.007,199.639,0.677488412
2024-06-18 17:30:38.209689,1370.0433344841003,1,156.00318597032913,-2.0348299140061568,-167.2552101277762,1.6257696484577278,121.62511859883647,-1.5431527127582054,0.4991,0.5022,193.006,199.637,0.677533107
2024-06-18 17:30:39.215998,1371.0496435165405,1,156.09993161261912,-1.9797017768342942,-167.2532069553707,1.5385510278180248,121.59352754029814,-1.5147144246836983,0.5001,0.5022,193.006,199.637,0.677504195
2024-06-18 17:30:40.214329,1372.0479741096497,1,156.06338235577113,-1.9316661683759921,-167.27969814109477,1.621882591303252,121.63039852069178,-1.467955586291335,0.4996,0.5022,193.007,199.639,0.677576373
2024-06-18 17:30:41.216689,1373.0503339767456,1,156.07643146005512,-2.0143367663283986,-167.29523243450257,1.6544690154493709,121.62473979013815,-1.4299423764882864,0.5001,0.5022,193.006,199.638,0.677556781
2024-06-18 17:30:42.222997,1374.0566420555115,1,156.08722902442454,-1.9322739802607536,-167.24710311841378,1.6837506586068918,121.59732911243096,-1.4966791701266258,0.4996,0.5022,193.006,199.637,0.677563788
2024-06-18 17:30:43.424860,1375.2585060596466,1,155.9374585737835,-1.9305764824454512,-167.30282121783168,1.7451385128337293,121.51853994188704,-1.4969580651327707,0.4996,0.5022,193.006,199.638,0.677510522
2024-06-18 17:30:44.430172,1376.263818025589,1,155.9040145326945,-1.9797434065278707,-167.35043422233784,1.6927008308718698,121.58793655949977,-1.5950396433294196,0.5001,0.5022,193.006,199.638,0.677511134
2024-06-18 17:30:45.433523,1377.2671687602997,1,155.88326740676345,-1.9571639163091228,-167.3301004785247,1.7888259083241291,121.50264428071459,-1.5245035629224826,0.5001,0.5022,193.008,199.637,0.677497052
2024-06-18 17:30:46.436867,1378.270512342453,1,156.05787142127772,-1.9936403278951311,-167.17884261351546,1.7040603700092014,121.58225734801259,-1.4931579944388875,0.5007,0.5021,193.007,199.638,0.67748678
2024-06-18 17:30:47.440156,1379.2738015651703,1,156.01169438120291,-2.0260176321250465,-167.2627167059406,1.6068996271379417,121.59089169317656,-1.4360416289210698,0.5001,0.5022,193.007,199.637,0.67744814
2024-06-18 17:30:48.444055,1380.277700662613,1,155.92376441182904,-2.072098414052727,-167.31569238047226,1.737945018747457,121.5278078950214,-1.4378632336719326,0.5007,0.5022,193.006,199.636,0.677583448
2024-06-18 17:30:49.447372,1381.2810173034668,1,156.1081333669629,-2.041773571359243,-167.22778371413807,1.5785665075041175,121.60269534570612,-1.4715483809617844,0.4996,0.5022,193.008,199.636,0.677535284
2024-06-18 17:30:50.449732,1382.2833776474,1,155.82309352211664,-1.9477947545280705,-167.37734452729504,1.516667711779131,121.48317501199473,-1.489991001218345,0.4996,0.5021,193.006,199.637,0.677523857
2024-06-18 17:30:51.452056,1383.285701751709,1,155.89624603538363,-1.8380031102598642,-167.36042655812665,1.5733019346505475,121.53560889712877,-1.5677225372125667,0.5001,0.5022,193.007,199.639,0.677574062
2024-06-18 17:30:52.456339,1384.2899839878082,1,156.0800165610338,-1.9378714130237034,-167.13896086375536,1.6757666321834066,121.57500514102918,-1.4939694482576484,0.5001,0.5022,193.007,199.638,0.677594539
2024-06-18 17:30:53.460653,1385.2942986488342,1,156.0183799433306,-1.9214022336736316,-167.27862331332022,1.603639628688292,121.6144495317716,-1.5437828702080272,0.4991,0.5022,193.008,199.638,0.677550592
2024-06-18 17:30:54.466985,1386.3006300926208,1,156.02218311369955,-1.9742622268513237,-167.23428250799915,1.5478450646290296,121.58237312971251,-1.5065656404009014,0.4996,0.5022,193.007,199.638,0.677582362
2024-06-18 17:30:55.468313,1387.3019585609436,1,156.13279394235838,-2.056569568481726,-167.18745933151968,1.6764408887458686,121.57778358950088,-1.475897728534919,0.5001,0.5022,193.007,199.638,0.677519435
2024-06-18 17:30:56.474594,1388.3082394599915,1,155.84033285488212,-1.945834322913337,-167.3799635781771,1.6483530036972027,121.73093335843949,-1.3144608262069042,0.5001,0.5022,193.008,199.638,0.677545014
2024-06-18 17:30:57.476942,1389.310587644577,1,155.99992274888805,-2.005679279859769,-167.19614555826718,1.6588602383059294,121.62065187246436,-1.479286737025092,0.5007,0.5022,193.007,199.637,0.677550456
2024-06-18 17:30:58.481302,1390.3149473667145,1,155.93780567661756,-2.0823332351902404,-167.2979584971808,1.5240786921738887,121.53875153422791,-1.431579228259045,0.4996,0.5022,193.009,199.638,0.677567395
2024-06-18 17:30:59.485616,1391.3192615509033,1,156.14859213071398,-2.070014481472696,-167.16836772641875,1.6672977299009042,121.59454020460167,-1.4729706009785044,0.4991,0.5022,193.008,199.638,0.6775727
2024-06-18 17:31:00.487964,1392.3216099739075,1,156.03004868763603,-1.9404327684394502,-167.2436076949784,1.6059383883703702,121.6390598087288,-1.4440611464297577,0.5001,0.5022,193.007,199.637,0.67752474
2024-06-18 17:31:01.490256,1393.3239011764526,1,155.92463086580727,-2.0028849384127736,-167.26020049373847,1.7741829214544966,121.53680530701953,-1.4432837033108916,0.5001,0.5022,193.008,199.638,0.677625694
2024-06-18 17:31:02.496593,1394.3302385807037,1,156.14786296303055,-1.8714636603453543,-167.21241429837,1.5848550013712022,121.5848577383083,-1.4808653625373314,0.4991,0.5022,193.008,199.638,0.677604197
2024-06-18 17:31:03.508896,1395.342541217804,1,155.97464084241054,-2.117430839300598,-167.24854531809254,1.6467634671584086,121.58557991917876,-1.4439377736675276,0.5001,0.5022,193.008,199.637,0.677654267
2024-06-18 17:31:04.504234,1396.3378791809082,1,156.01171153147482,-2.0482107872653863,-167.25439676380748,1.5654478757524013,121.59103131685761,-1.4799678091516026,0.5007,0.5022,193.008,199.637,0.677617464
2024-06-18 17:31:05.509545,1397.3431906700134,1,156.12227828135178,-1.965693699448643,-167.0848721995531,1.6261878309693973,121.58259753286957,-1.4972985090374955,0.4996,0.5022,193.007,199.636,0.677629946
2024-06-18 17:31:06.514858,1398.3485035896301,1,155.91548372011917,-2.045654797294963,-167.29716601948275,1.606195684582178,121.62624190275466,-1.379300340205139,0.5001,0.5022,193.008,199.639,0.677634333
2024-06-18 17:31:07.515182,1399.3488273620605,1,155.95751905618008,-1.7666307706450772,-167.28855981892372,1.6177947565990858,121.54611801134934,-1.5388915155352874,0.5001,0.5022,193.007,199.637,0.67762685
2024-06-18 17:31:08.518503,1400.352148771286,1,155.9976324307396,-1.9653131848416558,-167.24957097043193,1.7120337272939905,121.56266627509159,-1.5340003453406275,0.4996,0.5022,193.008,199.638,0.67764998
2024-06-18 17:31:09.523833,1401.3574786186218,1,156.00884649396554,-2.000018867889335,-167.22341325816444,1.585127014294085,121.59943274856694,-1.4857514704480719,0.4996,0.5022,193.008,199.638,0.677654742
2024-06-18 17:31:10.526132,1402.359777212143,1,155.99487488315333,-1.9509642858875387,-167.17666012375525,1.7385928869015577,121.56200961703132,-1.503064550280511,0.4996,0.5022,193.007,199.639,0.677621476
2024-06-18 17:31:11.533437,1403.3670828342438,1,155.90592634024023,-2.1299114452639647,-167.30173054624197,1.6747742165097483,121.53193204569384,-1.5492534642679558,0.5007,0.5022,193.007,199.639,0.67767481
2024-06-18 17:31:12.537751,1404.3713965415955,1,155.78323821995298,-2.0263411446443254,-167.35041510731193,1.5777470158847717,121.52692744015505,-1.394922168124353,0.5001,0.5022,193.008,199.638,0.677635966
2024-06-18 17:31:13.539096,1405.3727419376373,1,155.9585210716041,-1.8969398030577687,-167.26556990334814,1.5924530727451929,121.57999346720078,-1.4271135850204328,0.4996,0.5022,193.008,199.637,0.677691885
2024-06-18 17:31:14.542391,1406.3760368824005,1,156.0566962938411,-1.910803009521468,-167.14340482325323,1.5880327229156517,121.59102756025479,-1.48155880976297,0.4996,0.5022,193.007,199.638,0.677697734
2024-06-18 17:31:15.544727,1407.3783724308014,1,156.0433768233095,-1.942088909205633,-167.1943583233323,1.6586797982459867,121.59597575304232,-1.4540038061427571,0.4996,0.5022,193.007,199.637,0.677673311
2024-06-18 17:31:16.547048,1408.3806931972504,1,156.07753738451586,-1.843194111814895,-167.21850191963216,1.6294016396060187,121.55161598625877,-1.4628576675964826,0.4996,0.5022,193.008,199.638,0.677638549
2024-06-18 17:31:17.549428,1409.3830738067627,1,155.99120555659425,-2.0183043830268965,-167.2388318734292,1.6773554149867749,121.56784580490357,-1.4346609149980214,0.5001,0.5022,193.008,199.639,0.677501336
2024-06-18 17:31:18.549752,1410.3833975791931,1,155.90117930936484,-1.9742200748674326,-167.2533243499511,1.7849001541703127,121.51440821078498,-1.5131336280119783,0.5001,0.5022,193.008,199.638,0.677652903
2024-06-18 17:31:19.554066,1411.387711763382,1,156.2127517925607,-2.085347667153344,-167.15922658858014,1.6329968261918744,121.57578518898781,-1.4930767908472524,0.4985,0.5022,193.008,199.639,0.677623107
2024-06-18 17:31:20.556393,1412.3900384902954,1,155.92957818410932,-1.8935696315648431,-167.26604958584298,1.6740126160532103,121.5580882437547,-1.4150270051148315,0.4996,0.5022,193.007,199.639,0.677640658
2024-06-18 17:31:21.561707,1413.3953521251678,1,156.03950416385476,-1.8924059932402046,-167.15118635941187,1.6157683709586472,121.61530873469275,-1.5123023910409927,0.5007,0.5022,193.007,199.638,0.677564534
2024-06-18 17:31:22.566019,1414.3996641635895,1,155.98035416159217,-1.950323301668055,-167.23201172428278,1.6357871865238394,121.62006554984359,-1.4378795784799752,0.4996,0.5022,193.008,199.638,0.677591745
2024-06-18 17:31:23.574325,1415.4079701900482,1,155.85528878715527,-2.151081729010833,-167.3260949722986,1.599750216307928,121.63764570148575,-1.3108242002891386,0.5001,0.5022,193.008,199.639,0.677612154
2024-06-18 17:31:24.576705,1416.4103503227234,1,155.9128554976005,-2.090382143588446,-167.26484548835057,1.5110717874272974,121.52823990253214,-1.4951343578537253,0.5001,0.5022,193.009,199.638,0.677590317
2024-06-18 17:31:25.578025,1417.4116699695587,1,155.94435966544364,-2.047917669826704,-167.22811126756304,1.6146337733782123,121.6641172032271,-1.4668450196738363,0.4996,0.5022,193.008,199.637,0.677643989
2024-06-18 17:31:26.581312,1418.4149582386017,1,156.07479073485692,-1.956108115160282,-167.19464656204423,1.555046772405668,121.60731471438679,-1.462208921176978,0.4996,0.5022,193.009,199.638,0.677748957
2024-06-18 17:31:27.583701,1419.4173467159271,1,155.98709122580556,-2.028300574106127,-167.19662478132554,1.5531460745854682,121.57543833772122,-1.5052218394279113,0.4991,0.5022,193.008,199.639,0.677613309
2024-06-18 17:31:28.587988,1420.4216339588165,1,156.00323909192582,-1.9965774136415946,-167.19413011238316,1.5989015275193412,121.61497419420961,-1.4681686276968844,0.4996,0.5022,193.009,199.638,0.677572764
2024-06-18 17:31:29.591305,1421.424950838089,1,156.0008447133749,-2.0411054584933632,-167.22195124450624,1.6097947049780856,121.60113724785715,-1.4830864876996275,0.5001,0.5022,193.008,199.637,0.677640656
2024-06-18 17:31:30.592627,1422.42627286911,1,156.03448878656877,-1.9907176225128524,-167.09751265996218,1.7225921738969339,121.5774064662763,-1.4766990327509195,0.4996,0.5022,193.009,199.637,0.67765433
2024-06-18 17:31:31.595944,1423.429589509964,1,156.00742232445228,-1.8838225683585184,-167.12775458397954,1.6104532186088096,121.60617340797485,-1.5126630901352764,0.4996,0.5022,193.008,199.637,0.677582492
2024-06-18 17:31:32.597287,1424.4309327602386,1,155.9989463427107,-2.143288061612362,-167.224316805431,1.6754948981406321,121.54308388054811,-1.4677416776156949,0.4996,0.5022,193.009,199.64,0.677541881
2024-06-18 17:31:33.598621,1425.4322662353516,1,156.00893347955707,-2.151362649642436,-167.20768741223492,1.6206571244404007,121.56779667704828,-1.5241727232500535,0.4996,0.5022,193.009,199.638,0.677491268
2024-06-18 17:31:34.600941,1426.4345860481262,1,156.00357215667864,-1.9894050742093874,-167.1631314779721,1.7282842655240287,121.59088935011147,-1.4527879850487817,0.5001,0.5022,193.008,199.638,0.677541609
2024-06-18 17:31:35.603281,1427.4369266033173,1,156.02098175476667,-1.9540285921936886,-167.21447790491646,1.5969605930107045,121.64921861275916,-1.4440154337643376,0.4996,0.5022,193.008,199.638,0.677526574
2024-06-18 17:31:36.606982,1428.4406280517578,1,156.11826218202424,-2.064278088674776,-167.1123731119548,1.6500723362777292,121.59325572521917,-1.4814367863467102,0.4996,0.5022,193.009,199.64,0.677557391
2024-06-18 17:31:37.607353,1429.440999031067,1,156.09998763520463,-1.968501479633824,-167.04694927363198,1.5897492071117223,121.57595680389099,-1.4907094907004277,0.4996,0.5022,193.008,199.638,0.677529364
2024-06-18 17:31:38.610671,1430.4443163871765,1,155.88033451760992,-2.213376356752974,-167.23901072083632,1.6096735288195687,121.61507607547838,-1.3964848025898937,0.5001,0.5022,193.008,199.639,0.677522118
2024-06-18 17:31:39.610996,1431.444641828537,1,155.99386468944553,-1.944045053846295,-167.23219750463673,1.5902291044875794,121.58660179814729,-1.4259780465869225,0.5007,0.5022,193.009,199.638,0.677496504
2024-06-18 17:31:40.612317,1432.4459629058838,1,155.9532851275794,-1.7797023955276088,-167.2620668644316,1.6634234742333778,121.51252310595312,-1.4790398271998113,0.4991,0.5022,193.008,199.639,0.677590519
2024-06-18 17:31:41.615636,1433.4492812156677,1,155.86573201753527,-2.028666728286113,-167.27702894340206,1.6285818321083014,121.61044965131734,-1.3783742101285514,0.5007,0.5022,193.009,199.637,0.677570112
2024-06-18 17:31:42.617978,1434.4516234397888,1,156.01895478605593,-2.177168573986033,-167.16975377348703,1.6124826804322592,121.64002678793359,-1.5179564400810925,0.4996,0.5022,193.009,199.638,0.677591814
2024-06-18 17:31:43.624287,1435.4579329490662,1,156.0472397546303,-1.9113109493177864,-167.1963117257679,1.636049687352373,121.58415985783151,-1.4744887905590325,0.4991,0.5022,193.008,199.639,0.677595759
2024-06-18 17:31:44.624610,1436.4582557678223,1,156.030703506483,-2.1454138740826103,-167.20294447943957,1.6527906186943626,121.55874984040821,-1.4645001063845482,0.4991,0.5022,193.008,199.638,0.677532561
2024-06-18 17:31:45.623963,1437.4576079845428,1,155.8153433447128,-2.095758583818605,-167.3175638444229,1.565823977385377,121.49294928994776,-1.4206371701860905,0.5001,0.5022,193.008,199.639,0.677639976
2024-06-18 17:31:46.625313,1438.4589583873749,1,156.09527297315563,-2.1269661789514833,-167.2156831243658,1.6264950598681416,121.54626360025894,-1.472005662126425,0.5001,0.5022,193.007,199.638,0.677594193
2024-06-18 17:31:47.627604,1439.46124958992,1,156.06332197542287,-1.9200144084910995,-167.06701161675906,1.636284609910298,121.58933803432393,-1.467830548245374,0.4985,0.5022,193.009,199.638,0.677593104
2024-06-18 17:31:48.632918,1440.4665637016296,1,155.86030103908766,-2.053667484577003,-167.26641393042354,1.622506323253849,121.58843440947518,-1.380962863359222,0.4996,0.5022,193.008,199.637,0.677627526
2024-06-18 17:31:49.634240,1441.4678859710693,1,155.95227458161602,-1.8928518274339072,-167.15661839970173,1.6277331374784045,121.63836629007176,-1.5188122891405393,0.4996,0.5022,193.009,199.638,0.677593648
2024-06-18 17:31:50.641569,1442.475214958191,1,155.92901176625878,-2.1568973812184247,-167.23428338104733,1.7159800504698544,121.52574380804765,-1.4837352307988456,0.4991,0.5022,193.008,199.639,0.677610179
2024-06-18 17:31:51.649850,1443.4834954738617,1,155.89915351456182,-1.9795231519437646,-167.2312650373884,1.7512740976803567,121.53237014622702,-1.5336465549427523,0.4991,0.5022,193.009,199.638,0.677620996
2024-06-18 17:31:52.649178,1444.482824087143,1,155.94659451943332,-1.8186131995763448,-167.20795482388027,1.6321635186629422,121.57511517003883,-1.5468889573683806,0.5001,0.5022,193.008,199.637,0.677485281
2024-06-18 17:31:53.653502,1445.487147808075,1,156.0566882581077,-1.8849360232395589,-167.07839118510478,1.6507445571705865,121.58261412826565,-1.4779704382954617,0.5001,0.5022,193.008,199.638,0.677570929
2024-06-18 17:31:54.657808,1446.4914531707764,1,156.03278247543753,-1.6636728651164339,-167.23152193075623,1.709144436489029,121.53855828566341,-1.482694528753407,0.4991,0.5022,193.007,199.638,0.677482152
2024-06-18 17:31:55.659203,1447.4928483963013,1,155.95959988611807,-1.9160555769309546,-167.14854675746273,1.6436501639421384,121.64795189643371,-1.451591750793229,0.5001,0.5022,193.008,199.638,0.677610861
2024-06-18 17:31:56.665465,1448.4991102218628,1,155.88784397034195,-1.7863184362340863,-167.21708968761817,1.443218224415172,121.526797801611,-1.4604862756074772,0.5001,0.5022,193.008,199.637,0.677586165
2024-06-18 17:31:57.665816,1449.4994616508484,1,155.86857465403378,-1.8004087593301066,-167.28711163709124,1.6691558427115503,121.4782287323989,-1.5118297873626467,0.4991,0.5022,193.008,199.637,0.677539906
2024-06-18 17:31:58.668136,1450.5017821788788,1,155.75284532884686,-1.986781238473214,-167.33108735410664,1.6381380374216097,121.48911956646788,-1.3870340964888708,0.5001,0.5022,193.008,199.639,0.677555212
2024-06-18 17:31:59.672422,1451.5060677528381,1,156.05324317014723,-1.838315198325084,-167.17178148224716,1.6446334033348278,121.56832014763678,-1.4668014761499282,0.5001,0.5022,193.007,199.638,0.677488681
2024-06-18 17:32:00.676765,1452.510410785675,1,155.86855483438066,-1.9556107691478,-167.19035465221836,1.5736844578818014,121.58153332716252,-1.4942032059253392,0.4996,0.5022,193.008,199.639,0.677510042
2024-06-18 17:32:01.682050,1453.515695810318,1,155.77938226229918,-2.1271768927219514,-167.27713065965978,1.82126633909237,121.51340304340205,-1.5933620099476309,0.4996,0.5022,193.009,199.639,0.677530586
2024-06-18 17:32:02.682376,1454.5160212516785,1,156.06571921770103,-2.0296024272394217,-167.0594389391811,1.6907380721575855,121.58396816440467,-1.4835690589856259,0.5001,0.5022,193.008,199.639,0.677529294
2024-06-18 17:32:03.688683,1455.5223281383514,1,156.08519246627833,-1.9156532161114228,-167.14372810940188,1.509455256301429,121.62853566165606,-1.419026950078639,0.4996,0.5022,193.008,199.639,0.677464396
2024-06-18 17:32:04.692998,1456.5266439914703,1,156.0502741530127,-1.9827334794850282,-167.05438725740106,1.6835521266927311,121.57430379696855,-1.4548299140138072,0.4996,0.5022,193.008,199.638,0.67754399
2024-06-18 17:32:05.694320,1457.5279657840729,1,156.21680814064337,-2.08652546039045,-166.94021050180916,1.7346566178157905,121.59118026514493,-1.4632983707797955,0.4996,0.5022,193.008,199.638,0.677480723
2024-06-18 17:32:06.699685,1458.5333309173584,1,156.152310232572,-1.8735107188169886,-167.09738519233846,1.6567517465391783,121.59341660779606,-1.478000024697105,0.4996,0.5022,193.008,199.639,0.67756433
2024-06-18 17:32:07.700103,1459.5337483882904,1,156.06840866971515,-1.928748085919816,-167.04494665162508,1.5873848358613234,121.5921393708643,-1.4761902214824154,0.4996,0.5022,193.007,199.638,0.677547525
2024-06-18 17:32:08.703432,1460.5370771884918,1,156.15847487629065,-1.9197563750084994,-167.08631459230887,1.617985226267028,121.57970398312807,-1.4775443965164046,0.4996,0.5022,193.007,199.639,0.677491674
2024-06-18 17:32:09.704816,1461.5384619235992,1,155.96019541043103,-1.9755724956631406,-167.10266777622104,1.5147437550953315,121.57756309697002,-1.5054432879448243,0.4991,0.5022,193.007,199.641,0.677469429
2024-06-18 17:32:10.709130,1462.542775630951,1,155.93033157326275,-1.9649716672806712,-167.16659777905883,1.5416676451440074,121.62820626515935,-1.4533545726264947,0.5001,0.5022,193.008,199.639,0.677536709
2024-06-18 17:32:11.713351,1463.5469961166382,1,155.9891116837414,-1.8399908446618403,-167.14009924798103,1.5893692383754954,121.5882324005426,-1.4922594366532853,0.4985,0.5022,193.008,199.637,0.67747215
2024-06-18 17:32:12.718662,1464.5523080825806,1,156.0539092183147,-2.004048840872588,-167.05313653885102,1.6764498449534775,121.58170327394716,-1.4817297287935358,0.5001,0.5022,193.007,199.639,0.677521606
2024-06-18 17:32:13.725021,1465.558666229248,1,156.04797936706296,-1.8853975951156101,-166.9069983170591,1.547675778160381,121.62068356157174,-1.4861233105396698,0.4985,0.5022,193.008,199.638,0.677484259
2024-06-18 17:32:14.725345,1466.5589909553528,1,155.95791015609598,-1.9723173788988333,-167.15429425466684,1.6436811824289135,121.59812587418229,-1.4517426347498867,0.4996,0.5022,193.008,199.639,0.67752113
2024-06-18 17:32:15.730733,1467.5643784999847,1,155.97719429258353,-1.915288038703142,-167.0745548534314,1.580126156303706,121.60808934106763,-1.485675188400233,0.4996,0.5022,193.009,199.638,0.677508817
2024-06-18 17:32:16.733027,1468.5666720867157,1,155.9049981774961,-2.0999060241181913,-167.2441970363337,1.5246253137119217,121.53113684186665,-1.5455727230790242,0.4996,0.5022,193.008,199.638,0.677558546
2024-06-18 17:32:17.734407,1469.5680522918701,1,156.0599527976083,-2.1022367695302187,-167.06687908648306,1.6148668698553559,121.58426401296981,-1.5014596667234301,0.4996,0.5022,193.008,199.639,0.677428952
2024-06-18 17:32:18.741711,1470.575356721878,1,156.01027859080207,-2.0186390620797847,-167.1418269630056,1.7063131754755345,121.61702144150387,-1.5223746042568806,0.5001,0.5022,193.009,199.639,0.677468068
2024-06-18 17:32:19.743110,1471.5767560005188,1,155.96541234657263,-1.94752764698778,-167.0574559519237,1.6017348005321064,121.60503655544338,-1.4813104563033657,0.5007,0.5022,193.008,199.639,0.677448136
2024-06-18 17:32:20.746433,1472.580078125,1,155.91722143176236,-1.9984404012262054,-167.07345390526817,1.447763168402439,121.54316888329419,-1.4926685021305461,0.5007,0.5022,193.008,199.64,0.677485553
2024-06-18 17:32:21.748746,1473.5823910236359,1,155.97403997815522,-1.9319183530398867,-167.0455524849862,1.548955293168383,121.60273412469361,-1.4788649925970667,0.4996,0.5022,193.009,199.64,0.6774829
2024-06-18 17:32:22.753063,1474.5867080688477,1,155.98868174584015,-1.9420910846639177,-167.0652313948267,1.7257327834999476,121.57339168535631,-1.4544150624594572,0.5007,0.5022,193.008,199.64,0.67747671
2024-06-18 17:32:23.756354,1475.5899999141693,1,156.05802263289598,-1.953118859559855,-167.02734075722339,1.6954091546338554,121.5757507610753,-1.4620721745915388,0.5001,0.5022,193.008,199.64,0.677498955
2024-06-18 17:32:24.760692,1476.5943372249603,1,155.94060352928113,-2.0116179889676205,-167.17325811563757,1.6398141561230002,121.66486800985304,-1.453365816511207,0.4996,0.5022,193.007,199.64,0.677480995
2024-06-18 17:32:25.758999,1477.5926446914673,1,155.9276787621827,-1.977192224582955,-167.16952552080522,1.5670201012921936,121.6489567535412,-1.4250041446124353,0.4996,0.5022,193.007,199.638,0.677505283
2024-06-18 17:32:26.763342,1478.5969874858856,1,155.76084024393757,-1.8690822021384588,-167.2757394319468,1.6624791037937616,121.49444648178526,-1.5461007626956695,0.4996,0.5022,193.008,199.638,0.677467868
2024-06-18 17:32:27.766660,1479.600305557251,1,156.00791642957185,-1.921436193982603,-167.17066712932376,1.5581381212025924,121.68544249574674,-1.4710464558650163,0.4985,0.5022,193.007,199.64,0.677513583
2024-06-18 17:32:28.769948,1480.6035935878754,1,155.800131986931,-1.8126751233545024,-167.27286596599913,1.6873633236571055,121.51527295818826,-1.4796835250865399,0.4996,0.5022,193.008,199.639,0.67748848
2024-06-18 17:32:29.773289,1481.6069343090057,1,155.98056641121644,-1.9493003003022131,-167.13362667996313,1.5568269282986043,121.59221704174725,-1.4608269333883341,0.5007,0.5022,193.007,199.64,0.677506848
2024-06-18 17:32:30.777579,1482.6112246513367,1,155.96358243142723,-1.9823157431148615,-167.16016785881214,1.567518419044413,121.65507026586369,-1.4874584277161784,0.5001,0.5022,193.008,199.638,0.677531883
2024-06-18 17:32:31.778975,1483.612620830536,1,155.9338216020442,-2.0018875770939384,-167.1562377039211,1.6078426774035757,121.6032529320832,-1.5055251728399492,0.5007,0.5022,193.008,199.637,0.677567391
2024-06-18 17:32:32.782291,1484.6159365177155,1,155.74522676094026,-2.080178012448905,-167.26381431727478,1.5472188947275232,121.50153609659196,-1.5623278689516782,0.4996,0.5022,193.008,199.638,0.677524874
2024-06-18 17:32:33.788600,1485.622245311737,1,155.94320279761612,-1.991541592498344,-167.07686472353288,1.7378686281044187,121.5600413399946,-1.533178985546772,0.5001,0.5022,193.008,199.639,0.677520344
2024-06-18 17:32:34.794938,1486.628583431244,1,156.12447734653017,-2.15403534668023,-167.14293722742988,1.6695674676230274,121.65951037208886,-1.4648282224513152,0.5001,0.5022,193.008,199.638,0.677493379
2024-06-18 17:32:35.800249,1487.6338946819305,1,155.9366703625552,-1.991825383012726,-167.11984137379773,1.7481252679129966,121.58032359249694,-1.5321203871802467,0.5001,0.5022,193.008,199.638,0.677494331
2024-06-18 17:32:36.803562,1488.6372077465057,1,155.9443158553881,-1.9414981065700654,-167.08012705772964,1.546657562686647,121.58601237219098,-1.486865367572605,0.4996,0.5021,193.007,199.64,0.677460791
2024-06-18 17:32:37.806893,1489.6405382156372,1,156.09507890641675,-1.8773543837801836,-167.08330463615695,1.633908462287754,121.59214459186131,-1.4887714323221255,0.4991,0.5022,193.008,199.638,0.677504601
2024-06-18 17:32:38.811207,1490.6448528766632,1,155.99422194574842,-1.860910625223762,-167.1414254762657,1.6071334075069936,121.58019044942961,-1.5013504973896925,0.5007,0.5022,193.008,199.638,0.677534944
2024-06-18 17:32:39.811532,1491.6451778411865,1,156.04346297879687,-2.0812569914239156,-167.09301619416385,1.5829248806301677,121.60398390083733,-1.488410213097124,0.4996,0.5022,193.008,199.64,0.677544264
2024-06-18 17:32:40.815893,1492.6495380401611,1,155.95310927518537,-1.8846080847086928,-167.0664092034054,1.6333164253852561,121.6272077950989,-1.445189950152772,0.4991,0.5022,193.008,199.639,0.67756372
2024-06-18 17:32:41.818243,1493.6518881320953,1,156.01556313380834,-1.992653890968227,-167.1246992887189,1.6957467883233177,121.6206000243106,-1.5089460601136995,0.5001,0.5022,193.008,199.638,0.677539502
2024-06-18 17:32:42.823564,1494.6572096347809,1,155.9147465380896,-1.878706516396306,-167.19195872086502,1.6535933631557462,121.57440974776787,-1.5656033825210411,0.4996,0.5022,193.007,199.64,0.677512222
2024-06-18 17:32:43.823898,1495.6575434207916,1,155.9525097055507,-1.8967448485420602,-167.03293189373375,1.6195026383013638,121.61749880944522,-1.4705477365624207,0.4996,0.5022,193.007,199.639,0.677494127
2024-06-18 17:32:44.824233,1496.6578786373138,1,155.99194717825992,-1.77093752262598,-167.1347077517224,1.6632661256641665,121.60043697619456,-1.4800610216997754,0.5001,0.5022,193.008,199.639,0.677556509
2024-06-18 17:32:45.829546,1497.6631910800934,1,155.98402183162383,-2.0536460620855403,-167.1190533456365,1.6130651003887284,121.59440347684341,-1.5213243183251624,0.5007,0.5022,193.008,199.64,0.677572768
2024-06-18 17:32:46.831885,1498.6655309200287,1,155.8821238293338,-2.092344830181653,-167.16292814254376,1.541987505543049,121.56312596525271,-1.5713182527364724,0.5001,0.5022,193.007,199.64,0.677531951
2024-06-18 17:32:47.836225,1499.6698701381683,1,155.85395041102828,-1.9436234890788924,-167.1796071710513,1.563933430832079,121.6124992530398,-1.402528432199259,0.4996,0.5022,193.008,199.64,0.67755916
2024-06-18 17:32:48.838573,1500.672218322754,1,155.9130661630333,-1.9820029765831324,-167.1547643502527,1.648269045222947,121.65325444824578,-1.5195583888360085,0.5001,0.5022,193.007,199.639,0.677571405
2024-06-18 17:32:49.841890,1501.675535917282,1,155.9093167540742,-1.8018577756944503,-167.16359409997634,1.5935882930271996,121.56905847056156,-1.514362627131282,0.5001,0.5022,193.009,199.64,0.677602834
2024-06-18 17:32:50.844237,1502.6778826713562,1,155.96818646169461,-1.934729628368303,-167.01171227187248,1.732827086834964,121.57901101357805,-1.455157361621204,0.4996,0.5022,193.008,199.64,0.677583174
2024-06-18 17:32:51.846569,1503.6802144050598,1,155.880264311743,-1.8721529419088154,-167.1420668863524,1.6458996809008832,121.63660520863948,-1.557197347681651,0.5007,0.5022,193.007,199.64,0.677535348
2024-06-18 17:32:52.849878,1504.6835238933563,1,156.0674302463195,-1.9814721618368398,-166.9920187525626,1.6101245956122792,121.59316794525076,-1.4908214559095625,0.4996,0.5022,193.007,199.639,0.677559022
2024-06-18 17:32:53.854230,1505.687875032425,1,155.7046045929888,-1.925512948480144,-167.2967116916645,1.6592491591461147,121.49954654095355,-1.5666431051011427,0.5001,0.5022,193.008,199.638,0.677456099
2024-06-18 17:32:54.855940,1506.6895852088928,1,155.89215503340168,-1.9865842417043906,-167.1522671930118,1.512737228734221,121.59089914522285,-1.4195761135179208,0.4991,0.5022,193.006,199.638,0.677556849
2024-06-18 17:32:55.859257,1507.6929025650024,1,155.89143647046723,-2.06482800736196,-167.12397804402724,1.708233692190946,121.55581666577699,-1.480704390575651,0.4991,0.5022,193.007,199.639,0.677490833
2024-06-18 17:32:56.861578,1508.69522356987,1,155.82631029704072,-1.8457541621264881,-167.24069069332626,1.7102035978741705,121.49052539783985,-1.5369887446879686,0.5001,0.5021,193.007,199.639,0.677497798
2024-06-18 17:32:57.864894,1509.6985392570496,1,155.89363155859795,-1.996392098894371,-167.1390860976956,1.5968298193744537,121.62013335453068,-1.5497775763264208,0.4996,0.5022,193.005,199.64,0.677546439
2024-06-18 17:32:58.867215,1510.7008609771729,1,155.97995351037054,-2.0517583868660982,-166.98590110093397,1.6705476146231226,121.58965731764631,-1.4767266575010662,0.4996,0.5022,193.006,199.64,0.677540588
2024-06-18 17:32:59.872526,1511.7061717510223,1,155.91368761332762,-1.8774190043797752,-167.12622543784656,1.6423287048638016,121.5858605139837,-1.5311146310160062,0.5007,0.5022,193.006,199.639,0.677491064
2024-06-18 17:33:00.878917,1512.7125630378723,1,156.13273153148285,-1.9577339749611593,-166.96155029648494,1.429104081946516,121.60298868612821,-1.5432032915249296,0.4996,0.5022,193.005,199.639,0.677450859
2024-06-18 17:33:01.879244,1513.7128891944885,1,155.8677904838792,-1.8301214987435903,-167.16751862051365,1.6636196928969902,121.54732534788197,-1.536416245956648,0.5001,0.5022,193.006,199.639,0.677556779
2024-06-18 17:33:02.881590,1514.715235710144,1,155.99082841326583,-2.0028921338523493,-167.10454081128083,1.6928698018262363,121.60422780274999,-1.5082978365095128,0.4996,0.5022,193.007,199.639,0.677543581
2024-06-18 17:33:03.884907,1515.7185525894165,1,155.89180983274093,-2.019827852416863,-167.06893208111757,1.4540659275877212,121.54856305148694,-1.50640971430271,0.4996,0.5022,193.007,199.639,0.677538411
2024-06-18 17:33:04.887227,1516.7208724021912,1,155.87245524625968,-1.9494549917642023,-167.125566585892,1.7066087769481706,121.6050219116724,-1.423074793278892,0.4996,0.5022,193.007,199.639,0.677569636
2024-06-18 17:33:05.891602,1517.7252480983734,1,155.9844281048919,-2.0330785622125775,-167.00222507430382,1.5929804862292134,121.59405527773616,-1.4876275228758638,0.4991,0.5022,193.007,199.64,0.677580725
2024-06-18 17:33:06.896209,1518.7298550605774,1,155.815319641321,-2.0096966411180968,-167.1871637433548,1.6825888140451264,121.58888324350399,-1.3859189935150613,0.5001,0.5022,193.006,199.64,0.677549908
2024-06-18 17:33:07.899550,1519.7331955432892,1,155.95190872456985,-2.063278803036113,-167.00274349763015,1.6477272082535697,121.60431025285315,-1.4612233677135122,0.4996,0.5022,193.006,199.64,0.677594603
2024-06-18 17:33:08.903841,1520.7374866008759,1,155.8463928848703,-1.9966418598118305,-167.15064897652928,1.565506471070903,121.61413843634072,-1.3929175030968073,0.4991,0.5022,193.007,199.64,0.677684876
2024-06-18 17:33:09.906162,1521.7398080825806,1,155.9320911305347,-1.960567697894257,-167.0153251560922,1.522165172404866,121.58803049295452,-1.4738902418762023,0.4991,0.5022,193.006,199.64,0.677580115
2024-06-18 17:33:10.909501,1522.7431461811066,1,155.87209538746956,-2.001630516670259,-167.0587764819744,1.4730414485704115,121.55423719850448,-1.4696483133637652,0.5001,0.5022,193.006,199.641,0.67758338
2024-06-18 17:33:11.913793,1523.7474381923676,1,155.8815438512442,-2.1305088880815437,-167.08228905541299,1.4687581044276696,121.54439811280203,-1.4579461134416472,0.4996,0.5022,193.008,199.64,0.677525896
2024-06-18 17:33:12.915115,1524.7487602233887,1,155.8948463987843,-1.8945992358057757,-167.10787395731683,1.6013298653717,121.6043557768183,-1.4188447140854017,0.5001,0.5022,193.007,199.639,0.677567938
2024-06-18 17:33:13.915441,1525.7490861415863,1,155.91182077025624,-1.9365632943601543,-167.05011728783643,1.5986227494713958,121.63479534496335,-1.4874518663328893,0.5001,0.5022,193.006,199.64,0.677583584
2024-06-18 17:33:14.917767,1526.7514128684998,1,155.90602191643796,-1.8528245508480945,-167.07729786687386,1.6218522190405615,121.61110547203826,-1.415465169126027,0.4991,0.5022,193.006,199.64,0.677579026
2024-06-18 17:33:15.918095,1527.7517402172089,1,155.80844242813242,-2.1538501455542605,-167.1859896065819,1.5885035424706508,121.51604973742636,-1.5037358885221463,0.5001,0.5022,193.005,199.639,0.677622224
2024-06-18 17:33:16.920450,1528.7540950775146,1,155.89644763302815,-2.025611646044241,-167.11455565160014,1.638754813318194,121.58675305819112,-1.4889368771895652,0.4991,0.5022,193.006,199.639,0.677560863
2024-06-18 17:33:17.923824,1529.7574698925018,1,155.8962732511745,-1.955615611796407,-167.1060548285759,1.719932203503056,121.56774175440886,-1.4307685891308815,0.4991,0.5022,193.006,199.639,0.677565557
2024-06-18 17:33:18.929186,1530.76283121109,1,155.68037310390287,-1.9062498325402797,-167.19295426447792,1.8657901854361283,121.46527807454217,-1.4285535112144907,0.4996,0.5022,193.006,199.639,0.677588074
2024-06-18 17:33:19.933951,1531.7675971984863,1,155.85685346609475,-2.043925432433353,-167.11161459287715,1.645932953935684,121.61615565235917,-1.4263124899501218,0.4996,0.5022,193.006,199.64,0.677623653
2024-06-18 17:33:20.934275,1532.7679204940796,1,155.90443692644328,-1.9526674300768758,-167.10843946813475,1.6769267656021425,121.60728273197205,-1.5211226915513238,0.4996,0.5022,193.007,199.638,0.677606101
2024-06-18 17:33:21.939587,1533.7732322216034,1,155.86098312900202,-2.0330361124555836,-167.11536286270092,1.6258598362393442,121.63538166233859,-1.414925780936227,0.4991,0.5022,193.006,199.64,0.677675422
2024-06-18 17:33:22.942932,1534.7765769958496,1,155.9287037434748,-1.9398061125153032,-167.10514780399413,1.702122028069653,121.59185350096816,-1.5121697538629733,0.5007,0.5022,193.006,199.641,0.677629367
2024-06-18 17:33:23.940262,1535.7739074230194,1,155.92331784695588,-1.926466240683009,-167.10675854135593,1.7127189198054593,121.60038916301292,-1.5086571686695252,0.4996,0.5022,193.005,199.64,0.677734131
2024-06-18 17:33:24.943554,1536.7771995067596,1,155.89823555763516,-1.912904549113956,-167.07338108545102,1.6023771271767226,121.60235459686776,-1.5055777868684022,0.4991,0.5022,193.005,199.64,0.677704334
2024-06-18 17:33:25.945873,1537.7795190811157,1,155.9770255816608,-2.132082959890191,-167.07860325551917,1.6368120570599787,121.56204472853527,-1.4473077744014355,0.4996,0.5022,193.006,199.639,0.677657531
2024-06-18 17:33:26.948195,1538.7818400859833,1,155.7958059142991,-2.034144048862053,-167.11287473255075,1.632596876957106,121.63592979592508,-1.417426027582509,0.4996,0.5022,193.005,199.64,0.677578278
2024-06-18 17:33:27.950542,1539.784187078476,1,155.8969612210229,-1.9547655212738502,-166.9559169245978,1.6941709550761626,121.57563217895631,-1.4774587552364613,0.4996,0.5022,193.004,199.64,0.677524672
2024-06-18 17:33:28.954860,1540.7885053157806,1,155.90159939886647,-2.0335085303166123,-166.99731877011553,1.5934344537029757,121.62108606920725,-1.4807492702037126,0.4991,0.5022,193.005,199.639,0.677614265
2024-06-18 17:33:29.957281,1541.7909264564514,1,155.7682718804936,-1.9567642317249332,-167.15123000933968,1.4879986915261034,121.51813222966477,-1.4213648095071925,0.5007,0.5021,193.005,199.64,0.677585761
2024-06-18 17:33:30.959598,1542.7932438850403,1,155.76245988566984,-1.949423096757904,-167.19042202623987,1.5901478945967047,121.80420701456171,-1.4144671327658624,0.4991,0.5021,193.005,199.639,0.677580455
2024-06-18 17:33:31.965908,1543.7995536327362,1,156.0238542127376,-1.9146936438095619,-167.02725923908076,1.5743733593042697,121.60436810896428,-1.474529625871996,0.4991,0.5022,193.005,199.639,0.677594943
2024-06-18 17:33:32.962244,1544.7958891391754,1,155.861873565902,-1.9061557623080039,-167.10573396183827,1.6359255106964368,121.62565127543203,-1.548751673776039,0.4991,0.5021,193.006,199.639,0.677601882
2024-06-18 17:33:33.966650,1545.8002960681915,1,155.9131388022026,-1.9297645271987105,-167.03562035466115,1.5458412918427271,121.5967459824627,-1.5017314881175745,0.5007,0.5021,193.006,199.639,0.677576099
2024-06-18 17:33:34.968972,1546.802617073059,1,155.90986904507704,-1.8539300824438123,-167.07069857867458,1.6455521426525161,121.58072243074949,-1.5218877349585431,0.5007,0.5021,193.005,199.639,0.677563038
2024-06-18 17:33:35.969295,1547.8029403686523,1,155.82779543795314,-1.97665477397623,-167.13403790804333,1.6119758170852192,121.68844920987696,-1.4328856825229297,0.5001,0.5021,193.005,199.638,0.677647255
2024-06-18 17:33:36.968653,1548.8022990226746,1,155.7808253864318,-2.0029446565455946,-167.1232527105481,1.4418554601049391,121.51213434612343,-1.4436168591135068,0.4991,0.5022,193.007,199.639,0.67753147
2024-06-18 17:33:37.982910,1549.816555261612,1,155.79004787642916,-1.923692199604975,-167.10762971961063,1.6248161870988798,121.61393215848878,-1.5343537450676152,0.4991,0.5021,193.005,199.64,0.677592288
2024-06-18 17:33:38.977252,1550.8108971118927,1,155.90172867939216,-1.9541162469452484,-167.01530303782906,1.5220761301564254,121.58371894845162,-1.4902047862715881,0.5001,0.5022,193.006,199.639,0.677526368
2024-06-18 17:33:39.978582,1551.812227487564,1,155.81222795362422,-1.8713199113217203,-167.1330663655488,1.603489765185007,121.59939194985182,-1.3874279366240494,0.4996,0.5021,193.005,199.64,0.677561675
2024-06-18 17:33:40.982888,1552.8165333271027,1,155.83321557102929,-1.83122846399616,-167.11889281834183,1.6321188548280132,121.65774329339025,-1.5992153116997192,0.4996,0.5022,193.005,199.64,0.677563784
2024-06-18 17:33:41.985208,1553.8188531398773,1,155.88919267008694,-1.9685385821070134,-166.9610415532027,1.7427698512884922,121.56809006895423,-1.4992035411928397,0.4991,0.5021,193.005,199.641,0.677601676
2024-06-18 17:33:42.989550,1554.82319521904,1,155.92027119523652,-1.9048581501528272,-167.0031856429135,1.591444809427218,121.60873233709363,-1.4527005924399967,0.4991,0.5021,193.004,199.64,0.677523443
2024-06-18 17:33:43.997868,1555.8315131664276,1,155.88053087236182,-1.972579383302067,-167.07880507652652,1.6174980074727907,121.61217104201435,-1.4968746214787492,0.5001,0.5022,193.006,199.64,0.677530178
2024-06-18 17:33:45.001186,1556.8348319530487,1,155.8446215416876,-2.047514622829736,-166.93519650791407,1.582498488030206,121.59353322418033,-1.4804858915563317,0.4996,0.5021,193.004,199.639,0.677428201
2024-06-18 17:33:46.001520,1557.8341805934906,1,156.0062931828694,-1.9513753030651169,-166.98917311726123,1.5820284353079166,121.60570212095391,-1.4736669979970491,0.4996,0.5022,193.003,199.641,0.677419154
2024-06-18 17:33:47.004858,1558.838504076004,1,155.89719420951465,-2.086497170159811,-167.0474034112147,1.6111168661971536,121.62267234860201,-1.4278152363632588,0.4991,0.5022,193.003,199.641,0.677481266
2024-06-18 17:33:48.008207,1559.8418521881104,1,156.05237316112493,-1.9698757311303248,-167.04532572103642,1.5591722286699072,121.61348425992628,-1.4783275740189399,0.5007,0.5021,193.004,199.64,0.677478817
2024-06-18 17:33:49.012521,1560.8461666107178,1,155.94368950719507,-1.9302906919295177,-166.91285633252792,1.6288942913522269,121.58668526814728,-1.4702718311494425,0.4985,0.5021,193.003,199.641,0.677470381
2024-06-18 17:33:50.015864,1561.8495094776154,1,155.88412342068554,-2.021223214257307,-167.08783043060524,1.6357380713504917,121.60783714032596,-1.4896462916780544,0.5001,0.5022,193.004,199.64,0.677471333
2024-06-18 17:33:51.016523,1562.8501682281494,1,155.86937559665054,-2.0163767787958107,-167.0770309704167,1.7041242576668663,121.58794589660246,-1.4787169995389562,0.4996,0.5021,193.004,199.639,0.67752528
2024-06-18 17:33:52.021858,1563.8555035591125,1,155.8198046333986,-1.77630880373057,-167.14494115341887,1.6144302066154936,121.51651300081606,-1.4238661080904043,0.4996,0.5021,193.004,199.64,0.677505143
2024-06-18 17:33:53.020166,1564.8538117408752,1,155.8064809800798,-1.951069807750529,-167.14522179683854,1.4791834693575432,121.50842112086978,-1.5143192967800745,0.5001,0.5022,193.003,199.64,0.677465075
2024-06-18 17:33:54.022486,1565.8561317920685,1,155.87639667001014,-1.8820136675032895,-167.02134743690286,1.5608507498470152,121.57386989503733,-1.4809339044848067,0.4985,0.5022,193.004,199.64,0.67750222
2024-06-18 17:33:55.023807,1566.8574528694153,1,155.84729873802684,-1.8814502859482434,-167.08517660432076,1.5936127844616519,121.5970712183406,-1.5258278450543217,0.4996,0.5022,193.004,199.639,0.677529023
2024-06-18 17:33:56.027637,1567.8612825870514,1,155.8702810818357,-1.9668114552451104,-167.05635041190015,1.7317894045005566,121.57388857209104,-1.4529694737496945,0.5001,0.5022,193.003,199.639,0.677493513
2024-06-18 17:33:57.028959,1568.8626041412354,1,155.8597555911911,-1.977427363897817,-167.04843855665038,1.7135240150771227,121.58118006902743,-1.457987747470542,0.4996,0.5022,193.004,199.64,0.677434804
2024-06-18 17:33:58.030255,1569.863900899887,1,155.74451446605605,-1.980326429287913,-167.13620707323662,1.7445282706484198,121.546444007804,-1.407345305089409,0.4991,0.5022,193.005,199.639,0.677460859
2024-06-18 17:33:59.031577,1570.865222454071,1,155.92956312136047,-1.988715063325477,-166.88380970923865,1.6365274539651233,121.57817838054757,-1.4748657210483462,0.4991,0.5022,193.004,199.639,0.677397321
2024-06-18 17:34:00.035912,1571.8695571422577,1,155.95372738256415,-2.092158727984027,-167.03983716145927,1.6371341702525088,121.57747270542366,-1.4942558834890018,0.4996,0.5022,193.005,199.64,0.677418681
2024-06-18 17:34:01.038233,1572.8718781471252,1,155.89196790574792,-2.128284789915357,-166.99934275080864,1.6002980614554185,121.5906870371334,-1.455312867946909,0.5007,0.5022,193.004,199.641,0.677485825
2024-06-18 17:34:02.044519,1573.8781650066376,1,155.8394722157186,-2.0142563111442784,-167.07979792935475,1.651687333478965,121.62769562163709,-1.436557964979596,0.5007,0.5022,193.005,199.641,0.677459566
2024-06-18 17:34:03.047269,1574.8809144496918,1,155.8968633848485,-1.9552535607995092,-166.95533675028187,1.7434725495500827,121.58919869175182,-1.4840148144505056,0.4991,0.5022,193.005,199.641,0.677436709
2024-06-18 17:34:04.052608,1575.8862533569336,1,155.88351754687466,-1.9653532835498657,-167.04767286431286,1.5949528825554171,121.6184961694583,-1.4914538492020004,0.5001,0.5022,193.005,199.64,0.677479295
2024-06-18 17:34:05.056907,1576.890552997589,1,155.89831072207244,-1.9473781245467154,-166.89215385053276,1.6332307653172606,121.57967900481403,-1.4870502439206026,0.4996,0.5021,193.003,199.639,0.677508751
2024-06-18 17:34:06.059274,1577.8929200172424,1,155.98934334246294,-1.878046331477258,-166.9647811289378,1.624262993654077,121.59090294163329,-1.4722334500228382,0.4985,0.5021,193.003,199.64,0.677536098
2024-06-18 17:34:07.060568,1578.8942139148712,1,155.95225550071382,-2.0115284305601353,-167.05769784904956,1.584639047168916,121.6143111228681,-1.4767277935726684,0.5001,0.5021,193.004,199.64,0.677589705
2024-06-18 17:34:08.063888,1579.897532939911,1,155.88608514032828,-1.9292822957945297,-167.07433992964803,1.6192217125073243,121.61831652085142,-1.4735901510848564,0.4996,0.5021,193.004,199.639,0.677552289
2024-06-18 17:34:09.066230,1580.8998758792877,1,155.8562725879096,-1.8758538739560686,-167.07879627046535,1.629174865051921,121.63095311625436,-1.4774975153703227,0.4991,0.5022,193.004,199.64,0.677514331
2024-06-18 17:34:10.068526,1581.9021713733673,1,155.98612440596412,-1.9211072576344614,-166.96708586108954,1.6062522889879038,121.58642416128794,-1.4825661133815897,0.4991,0.5022,193.005,199.64,0.67750229
2024-06-18 17:34:11.071849,1582.9054942131042,1,155.96170618375038,-1.7689517471754725,-167.06439092908997,1.621665288179922,121.54949809914959,-1.4805115322713793,0.4991,0.5022,193.004,199.639,0.677637054
2024-06-18 17:34:12.075172,1583.9088172912598,1,155.89317497212863,-1.7481905952702035,-167.0814731095309,1.612139085774934,121.54382505928386,-1.5043818296334128,0.5001,0.5021,193.003,199.641,0.677549638
2024-06-18 17:34:13.081507,1584.9151525497437,1,155.71952570148136,-2.1183762853643393,-167.16552220222022,1.6298054755167586,121.56158738334285,-1.5848942189323658,0.4991,0.5021,193.004,199.639,0.677538725
2024-06-18 17:34:14.084797,1585.918442249298,1,155.8578581699084,-1.933810246573913,-167.0850097104843,1.6360291186753684,121.64040665691222,-1.5454386268947236,0.4996,0.5022,193.004,199.639,0.677514533
2024-06-18 17:34:15.086118,1586.9197635650635,1,155.8547387696336,-2.016740033202848,-167.03048515522687,1.7047437032978647,121.58407966375191,-1.4739984542733953,0.4991,0.5022,193.005,199.64,0.677590181
2024-06-18 17:34:16.088444,1587.9220900535583,1,155.73403486650116,-2.0127739746512447,-167.10380412470613,1.4650791748089194,121.50713989410634,-1.4664716351232487,0.4996,0.5022,193.003,199.64,0.677532903
2024-06-18 17:34:17.090764,1588.924409866333,1,155.8110329399908,-2.1484288378259517,-167.10196440835546,1.6234822266776094,121.54427166797974,-1.4219163644690644,0.4991,0.5022,193.004,199.64,0.677552495
2024-06-18 17:34:18.096081,1589.9297270774841,1,155.9609282641443,-2.029857504638428,-167.0507682602924,1.575388702028294,121.62499234788521,-1.4799600475262433,0.4991,0.5022,193.003,199.64,0.677570046
2024-06-18 17:34:19.098424,1590.9320697784424,1,155.698596499599,-1.9875470921227316,-167.148607299866,1.4559246518026052,121.49471939332386,-1.4702543829760848,0.5001,0.5022,193.004,199.639,0.677463922
2024-06-18 17:34:20.101718,1591.9353640079498,1,155.773477755478,-2.059640226093664,-167.09692776728647,1.4992764398873504,121.5480301599607,-1.425841257468168,0.5001,0.5022,193.003,199.639,0.677458548
2024-06-18 17:34:21.106033,1592.9396781921387,1,155.97571027063321,-2.0568855846956478,-166.95850703648318,1.6322865771596733,121.58662116855712,-1.4645833677808409,0.4996,0.5022,193.004,199.64,0.677584945
2024-06-18 17:34:22.107355,1593.941000699997,1,155.77158534048482,-1.9864241125808186,-167.10202038508746,1.6292763083368313,121.68853923219274,-1.4203038007894273,0.5001,0.5022,193.003,199.64,0.677521678
2024-06-18 17:34:23.108704,1594.942349910736,1,155.9573578129409,-1.857078774217215,-167.01747626087888,1.5951824538064072,121.5918648629837,-1.4631436982563677,0.5001,0.5022,193.003,199.641,0.677505896
2024-06-18 17:34:24.112994,1595.9466390609741,1,155.84927002913705,-1.9730346902886577,-167.04808531826836,1.6063199689955008,121.58490000161805,-1.4872282026675128,0.5001,0.5022,193.004,199.639,0.677552699
2024-06-18 17:34:26.522550,1598.3561959266663,1,155.94743231878735,-2.180813385928223,-167.0675223949508,1.620632940559358,121.56461447352063,-1.479658183816652,0.4996,0.5022,193.003,199.639,0.677584128
2024-06-18 17:34:27.525894,1599.3595399856567,1,155.8562583774879,-1.9939663343338723,-167.07281176707357,1.6970603509726216,121.61543017497218,-1.5390221927038337,0.5001,0.5022,193.004,199.639,0.67749678
2024-06-18 17:34:28.526219,1600.359864473343,1,155.85051548985885,-2.0617411702327724,-167.058140528999,1.5900291998103662,121.57710104563606,-1.5054573542814491,0.4996,0.5021,193.003,199.64,0.677553718
2024-06-18 17:34:29.533498,1601.3671431541443,1,155.86569137322996,-1.9667457297109994,-167.04129627120886,1.5964857700785229,121.59271048754528,-1.4957128449960673,0.5001,0.5022,193.003,199.64,0.677529908
2024-06-18 17:34:30.531852,1602.3654971122742,1,155.759918753341,-2.1077720117859156,-167.08085553393414,1.6017459705415642,121.59181713655585,-1.396256104051185,0.5001,0.5022,193.002,199.64,0.677505185
2024-06-18 17:34:31.533224,1603.3668694496155,1,155.87152734226055,-2.0664642910590625,-167.01359354772677,1.6622197486919232,121.60829389430926,-1.4745395948654145,0.5001,0.5022,193.003,199.64,0.67755841
2024-06-18 17:34:32.535535,1604.3691802024841,1,155.79894108680818,-2.157606061514236,-167.09302306752173,1.5514343792611232,121.54327446790728,-1.4566971609061885,0.5001,0.5021,193.003,199.64,0.677545212
2024-06-18 17:34:33.538095,1605.3717410564423,1,156.02931126582973,-2.0689935178592025,-166.9819545311057,1.5716938514563212,121.58097260904297,-1.4879127570228146,0.4996,0.5021,193.003,199.641,0.677578412
2024-06-18 17:34:34.544404,1606.3780496120453,1,155.84859491228931,-1.9509118312786016,-166.97027615104776,1.7662848113035488,121.5598655965356,-1.505598143820285,0.4996,0.5022,193.003,199.64,0.677468274
2024-06-18 17:34:35.546393,1607.3800384998322,1,155.7713799572778,-2.020677609298183,-167.04547539010562,1.6245974262032576,121.66714509452797,-1.4636695010529475,0.5001,0.5022,193.003,199.64,0.677485009
2024-06-18 17:34:36.551721,1608.3853664398193,1,155.8753334926851,-1.8018629300384945,-167.06375395538427,1.5996537075128143,121.5563412327006,-1.4603340314325226,0.5001,0.5021,193.003,199.64,0.677482424
2024-06-18 17:34:37.558028,1609.3916733264923,1,156.22257252839051,-1.7900873145573755,-166.9323730686104,1.6398390161558893,121.57620998288303,-1.4650706834470926,0.4996,0.5021,193.004,199.641,0.677590247
2024-06-18 17:34:38.557335,1610.3909804821014,1,155.88324350147505,-1.9998790409849372,-166.97427180505778,1.4684269127553322,121.57217988185566,-1.4454214872895146,0.4996,0.5022,193.004,199.64,0.677616914
2024-06-18 17:34:39.564641,1611.398286819458,1,155.9759696113061,-2.0629355404322283,-166.98134417501254,1.5889036866556372,121.5940825625215,-1.4793236957313323,0.4996,0.5021,193.003,199.64,0.67760222
2024-06-18 17:34:40.563968,1612.3976130485535,1,155.7883384155165,-1.9340563435105287,-167.08051307301312,1.5044524336145766,121.56723534784716,-1.4137355200754462,0.4991,0.5022,193.004,199.64,0.677509633
2024-06-18 17:34:41.564306,1613.3979518413544,1,155.73078329436441,-1.86245714664474,-167.0776448176636,1.5157146934747157,121.56284079051503,-1.410322851206247,0.4991,0.5021,193.003,199.64,0.6774863
2024-06-18 17:34:42.566683,1614.4003283977509,1,155.82169241894863,-1.8276010293806833,-167.0269978881938,1.6475921693384228,121.58040054193361,-1.422244234276833,0.4996,0.5022,193.003,199.64,0.677605213
2024-06-18 17:34:43.569026,1615.4026715755463,1,155.77770614130935,-2.0779479538426506,-167.08529873011034,1.5597843262545452,121.55459687620663,-1.5199325654046312,0.4991,0.5022,193.004,199.64,0.677607322
2024-06-18 17:34:44.569336,1616.402981519699,1,155.7298090346288,-1.9870054838646327,-167.11423402136847,1.5574976526814,121.60917330773728,-1.590394178209026,0.4996,0.5022,193.003,199.64,0.677572153
2024-06-18 17:34:45.572762,1617.4064073562622,1,155.82004299637546,-1.966887935186763,-166.8988649570686,1.4851619742826536,121.56850568752905,-1.4922529302466832,0.4996,0.5022,193.002,199.64,0.67768508
2024-06-18 17:34:46.575102,1618.4087479114532,1,156.00722559151322,-1.895650652629295,-166.96696013687654,1.632774221028716,121.59910823438129,-1.4773645303493035,0.5001,0.5022,193.003,199.64,0.677615691
2024-06-18 17:34:47.579887,1619.41353225708,1,155.81723252408352,-1.9068766080437778,-167.0292588691727,1.613336383861957,121.65491418589103,-1.438751582912228,0.4991,0.5021,193.003,199.64,0.677548411
2024-06-18 17:34:48.583235,1620.4168801307678,1,155.68146285962735,-2.011315881753731,-167.07354262002025,1.867519064129495,121.55060578460716,-1.5942580557919734,0.4991,0.5022,193.003,199.639,0.677534534
2024-06-18 17:34:49.587519,1621.4211647510529,1,155.90727294601052,-2.009362487350021,-166.89220174502947,1.673123152352156,121.5968345178942,-1.4756285888446479,0.4991,0.5022,193.004,199.64,0.677599433
2024-06-18 17:34:50.589861,1622.4235064983368,1,155.78595750822598,-1.998354202979474,-167.06369209838223,1.569611666707428,121.60355281014232,-1.5298528337680426,0.4991,0.5021,193.003,199.638,0.677543922
2024-06-18 17:34:51.589168,1623.4228134155273,1,155.7740231722587,-1.982478129539108,-167.02387639295034,1.7651460083478332,121.55664625329189,-1.5299886184288252,0.5001,0.5022,193.004,199.64,0.6775212
2024-06-18 17:34:52.594479,1624.4281249046326,1,155.85371029422905,-2.150959920396786,-167.05325741075436,1.6330932290776903,121.57938269971237,-1.5359751099303487,0.5007,0.5022,193.004,199.641,0.677547663
2024-06-18 17:34:53.596836,1625.4304811954498,1,156.0428525738555,-2.1050754123819884,-166.7900082675357,1.6491535555507366,121.60216085564699,-1.4821428255806115,0.5001,0.5021,193.003,199.64,0.677504261
2024-06-18 17:34:54.602151,1626.4357962608337,1,155.9508686708015,-2.047610442279812,-166.89954734524346,1.6282490020239968,121.58827241762137,-1.4781555361908474,0.5001,0.5022,193.002,199.64,0.677480179
2024-06-18 17:34:55.602475,1627.4361209869385,1,155.74874904730865,-1.9653846744929688,-166.9910555816816,1.785278426508739,121.55139742037704,-1.5224356921149866,0.5007,0.5022,193.003,199.641,0.677585213
2024-06-18 17:34:56.604792,1628.4384379386902,1,155.78785841159808,-1.864591930210313,-167.00786416989004,1.6405631867235684,121.64215376051985,-1.449129573368363,0.5001,0.5022,193.003,199.64,0.677529634
2024-06-18 17:34:57.608138,1629.4417836666107,1,155.79182680736923,-1.949145133807259,-166.9713151988052,1.7856053452399698,121.5541519752308,-1.4959676665936301,0.4991,0.5021,193.001,199.64,0.677491606
2024-06-18 17:34:58.612452,1630.4460973739624,1,155.80905249062405,-2.041715263355853,-167.01363715674972,1.6212078811774344,121.63403147693518,-1.5259432957358645,0.4991,0.5022,193.002,199.64,0.677554804
2024-06-18 17:34:59.613747,1631.4473927021027,1,155.87424145176544,-1.9624749130863028,-166.9319569310177,1.516718633931318,121.58977499406814,-1.4769165352917688,0.5012,0.5022,193.001,199.641,0.677499565
2024-06-18 17:35:00.616067,1632.4497129917145,1,155.85045980121077,-1.9102569982658,-166.95597043153586,1.6217154577326225,121.64796949141751,-1.4993208858232436,0.4996,0.5021,193.001,199.64,0.677587118
2024-06-18 17:35:01.618387,1633.452032327652,1,155.88631265327695,-1.9238450122022992,-167.031302118897,1.5927146005015866,121.63743219985118,-1.457498957340759,0.4985,0.5022,193.002,199.642,0.677550995
2024-06-18 17:35:02.621705,1634.4553501605988,1,155.81757519146285,-1.9737906392961888,-167.01868415419852,1.5318806903492197,121.58746172398081,-1.5011639593024935,0.4996,0.5022,193.003,199.641,0.677547389
2024-06-18 17:35:03.624025,1635.4576706886292,1,155.7702815989025,-2.0027631845650142,-167.05858368042786,1.547872575081632,121.64348977649983,-1.4109473836933217,0.4996,0.5022,193.003,199.641,0.677521742
2024-06-18 17:35:04.627342,1636.460987329483,1,155.7936740417541,-1.9132124314657168,-167.0045132493858,1.6177526198698717,121.62764534399943,-1.4284759294831648,0.4996,0.5022,193.003,199.641,0.677444598
2024-06-18 17:35:05.630714,1637.4643597602844,1,155.85431772258917,-1.9413141391445532,-167.0194775377012,1.5494846109817815,121.60790538336859,-1.4402083448850398,0.4991,0.5022,193.002,199.64,0.67751494
2024-06-18 17:35:06.634078,1638.4677231311798,1,155.83546950051942,-1.8882114888949912,-166.96617621766504,1.5908967446614979,121.63401257820475,-1.5080065388694899,0.4996,0.5021,193.002,199.64,0.677529295
2024-06-18 17:35:07.635377,1639.469022989273,1,155.89854337617902,-2.0590341939379786,-166.98491482047925,1.6522057906340573,121.5996188458341,-1.4823609759971703,0.4991,0.5022,193.002,199.64,0.677454192
2024-06-18 17:35:08.638726,1640.4723715782166,1,155.78473044979174,-2.0745931113092944,-167.01350825616856,1.7072795353787182,121.5669439109504,-1.5051922844009982,0.4991,0.5022,193.002,199.64,0.677532563
2024-06-18 17:35:09.640049,1641.4736940860748,1,155.8504670501393,-1.9533200086424805,-166.894477320206,1.5258162094595342,121.57230906607279,-1.4841051134905785,0.5001,0.5021,193.002,199.64,0.677498277
2024-06-18 17:35:10.643366,1642.4770114421844,1,155.68995781322243,-1.9855894355240558,-166.8913812326596,1.2937722957565287,121.51406753494892,-1.5015464451193075,0.5001,0.5022,193.003,199.639,0.677503173
2024-06-18 17:35:11.644688,1643.4783337116241,1,155.7578170061526,-1.9982299552577962,-166.99516798840543,1.7393741747865397,121.55620773493646,-1.4809808073808297,0.4991,0.5022,193.002,199.641,0.677521948
2024-06-18 17:35:12.647700,1644.4813454151154,1,155.76419287618214,-1.9325756835088028,-166.98327356963236,1.459396693316351,121.54668286340649,-1.4976961022815842,0.4996,0.5022,193.002,199.642,0.677591952
2024-06-18 17:35:13.651302,1645.4849474430084,1,155.85522914147077,-2.07885449573229,-166.9521204137258,1.5882844565587526,121.59669680208,-1.5086090319853804,0.4991,0.5022,193.001,199.641,0.677529434
2024-06-18 17:35:14.653622,1646.4872677326202,1,155.79911484115573,-1.9532442145714073,-167.04155490240754,1.5952394765132614,121.691580658101,-1.4989106932169842,0.4991,0.5022,193.003,199.64,0.67752542
2024-06-18 17:35:15.659931,1647.4935762882233,1,155.83000501481092,-1.9826418980046552,-167.03935737356363,1.6781101805238159,121.67955148942696,-1.4601669577699778,0.5001,0.5022,193.002,199.642,0.677591203
2024-06-18 17:35:16.661277,1648.494922876358,1,155.65768836478748,-2.061359209574859,-167.12559793135426,1.5706126137001233,121.53819338584849,-1.5546072869695169,0.5001,0.5021,193.002,199.641,0.677470249
2024-06-18 17:35:17.667564,1649.5012097358704,1,155.81098006164422,-1.8062374137988566,-167.02310366935524,1.6149953650794415,121.58451187691296,-1.4302697238444722,0.5007,0.5022,193.002,199.64,0.677492018
2024-06-18 17:35:18.669884,1650.5035293102264,1,155.86165198739732,-1.909044300893206,-167.01684842044833,1.6267668787358478,121.59835495339752,-1.4761562050474855,0.5001,0.5022,193.002,199.641,0.677505692
2024-06-18 17:35:19.673199,1651.506844997406,1,155.7954784815888,-1.9614215670581203,-167.04474771932237,1.587242812510674,121.67548650977811,-1.4825282900837515,0.5007,0.5021,193.003,199.641,0.677436371
2024-06-18 17:35:20.679509,1652.513155221939,1,155.72552216727834,-1.9969680150870144,-167.07691520015058,1.5664943271061438,121.65346012712871,-1.5687595719466036,0.5007,0.5021,193.002,199.642,0.677515148
2024-06-18 17:35:21.681850,1653.5154960155487,1,155.8148531097485,-1.9838160819439214,-167.0113524418784,1.6610575468110926,121.60110121124943,-1.4563830653168852,0.4996,0.5022,193.001,199.642,0.677493515
2024-06-18 17:35:22.684173,1654.517818927765,1,155.7003354663408,-2.0797683257553388,-167.08674446147256,1.5635673566109864,121.54692504115313,-1.5488553880752691,0.4996,0.5022,193.002,199.641,0.677564876
2024-06-18 17:35:23.688487,1655.5221328735352,1,155.74204311978465,-1.9009138096255347,-167.032985869006,1.4488630926640422,121.5428868730362,-1.5007240943193987,0.4991,0.5022,193.002,199.64,0.677574196
2024-06-18 17:35:24.691805,1656.5254504680634,1,155.67936624059809,-1.9656599862415645,-167.0970230469346,1.5878307651653412,121.6190240681837,-1.5839968063656371,0.5001,0.5021,193.001,199.641,0.677494331
2024-06-18 17:35:25.693127,1657.5267724990845,1,155.6950086485501,-2.1110540074287476,-167.0911940743602,1.6244594600630504,121.56756469195545,-1.3897573402935468,0.5001,0.5022,193.002,199.64,0.677534773
2024-06-18 17:35:26.698459,1658.5321049690247,1,155.66663977561277,-1.8732945197483846,-167.08314063535676,1.7025874680487898,121.59200945600176,-1.3791096037591837,0.5001,0.5022,193.002,199.64,0.67756297
2024-06-18 17:35:27.707779,1659.5414242744446,1,155.91071986010525,-1.9965119273231406,-166.8917187606952,1.610639192167272,121.59794388774284,-1.4901446924448352,0.5001,0.5021,193.002,199.64,0.677517186
2024-06-18 17:35:28.713072,1660.5467171669006,1,155.95246926023026,-2.0690633373529965,-166.93717177762755,1.5980621943331867,121.59053591056752,-1.4802399145098193,0.5007,0.5022,193.002,199.64,0.677557255
2024-06-18 17:35:29.712400,1661.5460450649261,1,155.8760521784454,-1.787111601727703,-167.01009701286625,1.588126269300059,121.55869461309238,-1.482939379358637,0.4991,0.5022,193.0,199.64,0.677599569
2024-06-18 17:35:30.718709,1662.552354335785,1,155.898922522809,-2.1023063179947954,-166.989746066,1.5839992428040783,121.6006107564032,-1.481689062760652,0.5001,0.5022,193.001,199.639,0.677518071
2024-06-18 17:35:31.724054,1663.5576996803284,1,155.6315081682978,-1.958173694386364,-167.08001907484004,1.330604901785409,121.49855738858382,-1.3626196320494892,0.5007,0.5022,193.001,199.639,0.677547799
2024-06-18 17:35:32.725366,1664.5590114593506,1,155.7831794085357,-1.9687742617545285,-167.01498620227457,1.690983349993774,121.59264545516812,-1.4194035653058636,0.5001,0.5021,193.001,199.639,0.677522016
2024-06-18 17:35:33.728716,1665.5623619556427,1,155.8363354233664,-1.8857925040402186,-167.0091874434599,1.5420623751750053,121.60620944794312,-1.4341930568167802,0.4996,0.5022,193.001,199.64,0.677521676
2024-06-18 17:35:34.731495,1666.565140247345,1,155.73717749344263,-2.3057956722286743,-167.08003222716295,1.6020050559077978,121.54360567532417,-1.3446570831035292,0.4996,0.5021,193.001,199.64,0.677561475
2024-06-18 17:35:35.736807,1667.5704526901245,1,155.6557062433989,-2.0609411189436835,-167.09969526053396,1.6620167159842554,121.55148365596149,-1.3748528762036465,0.4996,0.5021,193.001,199.641,0.677582768
2024-06-18 17:35:36.737139,1668.570784330368,1,155.8248912579032,-2.0331304237196735,-167.03037492645169,1.6551378401802888,121.65724707249724,-1.4275337984714638,0.4996,0.5022,193.001,199.641,0.677589061
2024-06-18 17:35:37.742452,1669.5760974884033,1,155.76365749099338,-2.0908175361735593,-167.04519906486203,1.629740322558213,121.57882065235995,-1.4136867914945737,0.4996,0.5022,193.002,199.641,0.677660934
2024-06-18 17:35:38.743776,1670.5774211883545,1,155.827746311093,-2.0223796157379232,-166.86632176844364,1.6119098246795052,121.61147194928317,-1.470419037033352,0.4996,0.5021,193.002,199.64,0.677630594
2024-06-18 17:35:39.743103,1671.5767483711243,1,155.7387643026744,-1.795672551918577,-167.04559652070887,1.5475674196020395,121.53490219999178,-1.4912469240345219,0.5001,0.5022,193.002,199.639,0.67759821
2024-06-18 17:35:40.745430,1672.5790750980377,1,155.8087928427503,-2.0727102464927896,-167.02564839090618,1.5915407695254635,121.65560965750085,-1.4814893698294662,0.4996,0.5022,193.001,199.639,0.677555965
2024-06-18 17:35:41.748750,1673.5823950767517,1,155.82688361532863,-1.96599397570219,-166.9514608410153,1.5186292734117375,121.59297673810781,-1.506465596643494,0.5001,0.5022,193.002,199.64,0.677589162
2024-06-18 17:35:42.749072,1674.582717180252,1,155.8686151704258,-1.9664411602951148,-166.82769486190918,1.6686619637644187,121.58587810225319,-1.4680607563410848,0.5001,0.5022,193.002,199.639,0.677582496
2024-06-18 17:35:43.754405,1675.5880510807037,1,155.91011476215473,-1.8381828354590068,-166.92448952574443,1.6084909457814072,121.58437379060278,-1.456702882287233,0.5001,0.5022,193.001,199.641,0.677571881
2024-06-18 17:35:44.758725,1676.59237074852,1,155.9920963870981,-1.9836819681109048,-166.90734003328294,1.5986780597374757,121.59802907343168,-1.4764346546307083,0.5001,0.5022,193.002,199.64,0.677614263
2024-06-18 17:35:45.763012,1677.5966572761536,1,155.80928875679527,-1.7408285220522988,-167.01683265720675,1.6173787358025307,121.57519581295088,-1.4309154011105125,0.4991,0.5022,193.002,199.64,0.677605215
2024-06-18 17:35:46.766502,1678.6001479625702,1,155.81093817156662,-1.8610068281743577,-166.93974699402656,1.6109131248385928,121.64164806335626,-1.4281083381795066,0.4996,0.5021,193.002,199.641,0.67760746
2024-06-18 17:35:47.768872,1679.6025173664093,1,155.83461009683023,-1.974829505526647,-166.90612538446965,1.740190403657256,121.57774699928089,-1.5068182899216092,0.5007,0.5021,193.001,199.64,0.677580113
2024-06-18 17:35:48.770162,1680.6038076877594,1,155.70613841894317,-1.9271217926045483,-167.01770103634675,1.6150132042305099,121.6742476252222,-1.4781491154044781,0.5001,0.5021,193.0,199.64,0.677489635
2024-06-18 17:35:49.771485,1681.6051301956177,1,155.90092540893406,-1.9849313657143326,-166.97879572268226,1.7013407884802914,121.61975830645774,-1.5004045647277522,0.5001,0.5022,193.001,199.64,0.677508071
2024-06-18 17:35:50.773833,1682.6074783802032,1,155.78472912565982,-2.009402898371633,-166.9575643667727,1.7628964809031553,121.57436788481175,-1.4759560302175143,0.5001,0.5022,193.001,199.64,0.677538343
2024-06-18 17:35:51.779116,1683.6127619743347,1,155.78642651889916,-1.884888150059229,-166.9605808527478,1.6212032152986886,121.62758242366768,-1.4187799967077297,0.5001,0.5022,193.0,199.64,0.677486029
2024-06-18 17:35:52.782433,1684.61607837677,1,155.84200743834276,-2.111945722159922,-166.98281535426594,1.625924923320045,121.63064512759809,-1.5081741120012757,0.5007,0.5022,193.001,199.64,0.677493511
2024-06-18 17:35:53.787757,1685.62140250206,1,155.9179945097098,-1.9996443611009238,-166.9503967532377,1.704560735417952,121.6203402596459,-1.4973181395863782,0.4996,0.5021,193.001,199.642,0.677547049
2024-06-18 17:35:54.788094,1686.6217393875122,1,155.7805145666715,-2.024420776646399,-166.99727993251713,1.6627924366082953,121.60593689970823,-1.5132243224929192,0.5001,0.5022,193.001,199.64,0.677536232
2024-06-18 17:35:55.788419,1687.622064590454,1,155.69042676218052,-1.7821601538800513,-167.0566380889454,1.687650582799521,121.61522781959843,-1.6495947226122183,0.4996,0.5022,193.001,199.641,0.677509973
2024-06-18 17:35:56.793730,1688.627375125885,1,155.66702585158646,-1.8550654339661676,-167.07524663328456,1.6873557356511308,121.53395196974772,-1.5616953706813623,0.5001,0.5021,193.001,199.64,0.677497866
2024-06-18 17:35:57.797048,1689.630693912506,1,155.6805127323086,-1.9710315307563298,-167.06158840226965,1.7320785877340612,121.56589250122084,-1.3846094380066267,0.5007,0.5021,193.0,199.64,0.677546303
2024-06-18 17:35:58.798371,1690.6320164203644,1,155.46697805143762,-2.2946188677241053,-167.2470507584171,1.6497570416444836,121.38867328476574,-1.4288805834192124,0.5007,0.5022,193.0,199.639,0.677624943
2024-06-18 17:35:59.805737,1691.6393826007843,1,155.76792091988284,-1.965300881431322,-166.9894460337431,1.7078756721176678,121.57776107522206,-1.446463017892547,0.5001,0.5022,193.001,199.64,0.677561065
2024-06-18 17:36:00.810052,1692.643697977066,1,155.80938771305904,-2.0763958614473585,-166.92270986901195,1.6250986600282622,121.598549133419,-1.4464717714470103,0.5007,0.5022,193.001,199.64,0.677578752
2024-06-18 17:36:01.812372,1693.646017074585,1,155.86734065079554,-1.845564195256577,-166.94624090938413,1.613949593078111,121.5820611316292,-1.4402105197099275,0.5001,0.5022,193.002,199.639,0.677533037
2024-06-18 17:36:02.818709,1694.6523549556732,1,155.71624252365854,-1.8444096752080765,-167.00645302035386,1.6297536960064012,121.63399463454202,-1.4049673139237897,0.5001,0.5022,193.001,199.64,0.677560316
2024-06-18 17:36:03.821025,1695.654670715332,1,155.67505085155997,-1.9243429615382786,-167.06380498503935,1.6526981661264706,121.65916850927557,-1.5640754288785432,0.5007,0.5022,193.002,199.64,0.677565489
2024-06-18 17:36:04.821354,1696.6549994945526,1,155.774650773319,-1.9691460765244972,-166.98437818333323,1.5479902680700806,121.58943084653896,-1.4517536414543468,0.5007,0.5022,193.002,199.64,0.67760787
2024-06-18 17:36:05.825714,1697.65935921669,1,155.64337145963995,-2.0104359304242294,-166.98793022573705,1.4376558811438926,121.52342768985476,-1.5093791840453148,0.4991,0.5022,193.002,199.641,0.677564672
2024-06-18 17:36:06.829005,1698.6626501083374,1,155.72546043206555,-1.9786969509791352,-167.03995203373134,1.5477363222516094,121.607219909282,-1.3967468517839314,0.4991,0.5022,193.002,199.64,0.677621816
2024-06-18 17:36:07.831332,1699.6649777889252,1,155.78212811258436,-1.9735776658664754,-166.91946005173617,1.522648827360558,121.59656910736568,-1.4635728549380538,0.5001,0.5022,193.0,199.64,0.677630388
2024-06-18 17:36:08.834649,1700.668294429779,1,155.64316814241033,-2.075155380828804,-167.06900830928495,1.674165063423517,121.5370482730376,-1.3820750634118943,0.4996,0.5021,193.0,199.64,0.677594945
2024-06-18 17:36:09.836997,1701.6706428527832,1,155.7952638656904,-2.1222097517222402,-166.88219205454132,1.6588111065467999,121.58615578004154,-1.463313102170376,0.4996,0.5022,193.001,199.64,0.677606782
2024-06-18 17:36:10.838293,1702.6719386577606,1,155.86888243265318,-2.183936481953783,-166.95950982643825,1.5435697050407295,121.59659281092516,-1.4702458115514199,0.4996,0.5022,193.001,199.641,0.677628007
2024-06-18 17:36:11.838644,1703.6722893714905,1,155.78381150749902,-1.9990945196777616,-166.96737800390108,1.596036174868295,121.60804346044945,-1.502188881528036,0.5001,0.5022,193.001,199.641,0.677612632
2024-06-18 17:36:12.845923,1704.6795682907104,1,155.56866100897932,-1.9077228381112867,-167.06424067033853,1.7472485982581698,121.50063654750144,-1.4651987359959067,0.4996,0.5022,193.001,199.64,0.677567597
2024-06-18 17:36:13.846247,1705.6798927783966,1,155.7020545107323,-1.9956043041564955,-167.0231663185689,1.6593743564769194,121.61944642951647,-1.4276434452903206,0.5007,0.5022,193.001,199.641,0.677561543
2024-06-18 17:36:14.853578,1706.6872231960297,1,155.8078845105209,-2.030995965422647,-166.85867740584146,1.546972515062093,121.5872107120292,-1.4762554349918038,0.4996,0.5022,193.001,199.64,0.677507801
2024-06-18 17:36:15.855903,1707.6895480155945,1,155.82810880347006,-1.9538112660555427,-166.92698311548355,1.7068725015080846,121.59388518594578,-1.4927478973524526,0.4996,0.5022,193.002,199.64,0.677559434
2024-06-18 17:36:16.860202,1708.6938471794128,1,155.77588929469113,-1.9862436845449065,-166.91590605359426,1.7142344331634751,121.59545079119816,-1.5041992077651185,0.4996,0.5022,193.0,199.641,0.677596577
2024-06-18 17:36:17.863551,1709.6971962451935,1,155.75202298625183,-2.0403877002176722,-166.94134687333874,1.7115452467015413,121.58651930256484,-1.4888008086034472,0.4991,0.5022,193.001,199.64,0.67758855
2024-06-18 17:36:18.866907,1710.7005529403687,1,155.82496583305576,-2.012949308680644,-166.96607847614808,1.698395367153374,121.61993949608436,-1.456904816208901,0.4991,0.5022,193.0,199.64,0.677505011
2024-06-18 17:36:19.867269,1711.700914144516,1,155.7459908015751,-1.8908014281728796,-166.9892916404197,1.5965804393441618,121.58329374461026,-1.5283669767857222,0.5007,0.5021,193.002,199.64,0.677582019
2024-06-18 17:36:20.868565,1712.702210187912,1,155.59506691283394,-1.9519576518400605,-167.08435849077037,1.4781948702719525,121.49023701412806,-1.4341540460176185,0.4991,0.5022,193.001,199.64,0.677559162
2024-06-18 17:36:21.870921,1713.704567193985,1,155.801875156237,-2.025083068306617,-166.97014526628104,1.6178612386908222,121.61320932440563,-1.475217627308465,0.4996,0.5022,193.0,199.641,0.677558005
2024-06-18 17:36:22.871237,1714.704882144928,1,155.71211844331083,-2.0064043520005077,-167.0078119912281,1.5900270892845954,121.67501004878777,-1.4319067747775878,0.4991,0.5022,193.0,199.64,0.677513175
2024-06-18 17:36:23.873576,1715.7072212696075,1,155.64457358500604,-1.9291818442279078,-167.03347263509494,1.4625277339115748,121.5278516774122,-1.5109622917379022,0.4991,0.5022,193.0,199.64,0.677596033
2024-06-18 17:36:24.878953,1716.712598323822,1,155.8747741354788,-1.9911240891303286,-166.92263972338642,1.4241034089941689,121.61463257347427,-1.5648518916414358,0.5001,0.5022,193.001,199.64,0.677602836
2024-06-18 17:36:25.881244,1717.7148897647858,1,155.70044636448202,-1.92362630551856,-167.00069075099609,1.6347726486616783,121.63980037083492,-1.5642979305197489,0.5001,0.5022,193.0,199.64,0.677593788
2024-06-18 17:36:26.882604,1718.7162499427795,1,155.8027329815993,-1.971945941034909,-166.85926967668718,1.4213716566278642,121.57751716616696,-1.5056362319244354,0.5007,0.5022,193.001,199.641,0.677632564
2024-06-18 17:36:27.885922,1719.7195670604706,1,155.72813124604764,-2.013379805981375,-166.9933331484401,1.60260985689019,121.66104931947153,-1.5153731887428104,0.5001,0.5022,193.0,199.64,0.677560318
2024-06-18 17:36:28.889254,1720.7228994369507,1,155.76078223071795,-1.9574990752201973,-166.95501501021153,1.6019385266432973,121.61964528590087,-1.5017354737688886,0.4996,0.5022,193.001,199.64,0.677638687
2024-06-18 17:36:29.893628,1721.7272734642029,1,155.64374113614303,-1.8935047934999887,-167.03887593465194,1.711883730118379,121.54258673360171,-1.5585607892174396,0.5001,0.5022,193.001,199.642,0.677659708
2024-06-18 17:36:30.898915,1722.7325608730316,1,155.71418239920257,-2.0107501292806718,-167.0262602563419,1.6075179862440339,121.67216036555529,-1.540607902063383,0.4991,0.5022,193.001,199.64,0.67758787
2024-06-18 17:36:31.901265,1723.7349104881287,1,155.7394857868861,-1.9388466330549143,-166.95376779760173,1.6570536323790548,121.6223149051272,-1.4821875211636888,0.5007,0.5021,193.001,199.641,0.677662973
2024-06-18 17:36:32.908570,1724.7422151565552,1,155.69075805709346,-1.9115619605607093,-167.01360483233202,1.6541015609151026,121.63467741207242,-1.551866764497311,0.4991,0.5022,193.001,199.64,0.677548141
2024-06-18 17:36:33.912857,1725.7465023994446,1,155.7501864187774,-1.9843042475331596,-166.98286955230654,1.6431775219763811,121.62768253818085,-1.4174584545949376,0.4996,0.5022,193.001,199.641,0.677541611
2024-06-18 17:36:34.915201,1726.7488462924957,1,155.73040274845087,-1.9478364041034304,-166.84161593962978,1.7199540617053035,121.57476197381384,-1.476752121126967,0.4996,0.5022,193.001,199.641,0.677544672
2024-06-18 17:36:35.920489,1727.7541346549988,1,155.75784924624375,-1.871351151570972,-166.9599127009178,1.6176776515862072,121.59858046797098,-1.5055124389092764,0.4996,0.5022,193.001,199.639,0.677558822
2024-06-18 17:36:36.921838,1728.7554836273193,1,155.78167818069522,-2.002652269541585,-166.9659008277265,1.538113296058019,121.6157418587835,-1.5246261364454725,0.5007,0.5022,193.0,199.64,0.677532155
2024-06-18 17:36:37.925157,1729.7588021755219,1,155.7763436569929,-1.773700724130377,-166.998216924848,1.6075232074214898,121.53687189044773,-1.436481007907318,0.5001,0.5022,193.0,199.639,0.677583108
2024-06-18 17:36:38.929469,1730.7631142139435,1,155.77064906037643,-1.9525622013469428,-166.94540610181323,1.6716780389592698,121.60364464811445,-1.470837950449677,0.5007,0.5022,193.001,199.64,0.677607394
2024-06-18 17:36:39.926821,1731.7604665756226,1,155.84139381399626,-1.9831101651168355,-166.84377091290037,1.677006372290714,121.58677044486265,-1.4920606196263628,0.5007,0.5022,193.001,199.64,0.677594333
2024-06-18 17:36:40.930139,1732.7637841701508,1,155.63087195155907,-1.9832692292191407,-167.04950435422032,1.5520770932664598,121.5817149753966,-1.3642963653011966,0.4996,0.5022,193.0,199.639,0.677666851
2024-06-18 17:36:41.933489,1733.7671344280243,1,155.85159123704284,-1.923137838175954,-166.93316786463998,1.5586876452367786,121.60773602194138,-1.4794986844299014,0.4996,0.5022,193.0,199.64,0.677628619
2024-06-18 17:36:42.935881,1734.769526720047,1,155.6025369764666,-1.804347881050875,-167.05827174742234,1.5335641892425351,121.51557477323226,-1.5129499522147563,0.4996,0.5022,193.0,199.64,0.677688251
2024-06-18 17:36:43.941192,1735.774837255478,1,155.74207563908618,-1.9587043600227352,-166.94558472661828,1.6327573837609821,121.6290477925322,-1.5307939005442586,0.4996,0.5022,193.0,199.641,0.677675284
2024-06-18 17:36:44.941517,1736.7751626968384,1,155.71818965976757,-1.9764889563725063,-166.97668141468748,1.5479236611623874,121.6106151575411,-1.532354739144582,0.4996,0.5022,193.001,199.641,0.677665148
2024-06-18 17:36:45.942846,1737.7764914035797,1,155.6561916444814,-1.9680350717327126,-167.01055834955613,1.6282611319012175,121.65493584400697,-1.5577264736637852,0.5001,0.5022,193.001,199.641,0.677726169
2024-06-18 17:36:46.945167,1738.7788121700287,1,155.71109021833942,-2.0530253116494754,-166.96336843883694,1.603141923348667,121.71599329783582,-1.552819987896598,0.5001,0.5021,193.0,199.64,0.677761544
2024-06-18 17:36:47.950526,1739.7841711044312,1,155.69728324967173,-1.903325170082926,-166.98220110229207,1.6825608155411291,121.58051726927569,-1.536167198751284,0.5007,0.5022,193.0,199.64,0.677655964
2024-06-18 17:36:48.955820,1740.7894659042358,1,155.71496453739098,-1.899790228915362,-166.93922834016365,1.7295789333935696,121.56410142581736,-1.4778247556159172,0.5001,0.5022,193.001,199.641,0.677751544
2024-06-18 17:36:49.960162,1741.7938077449799,1,155.64771574176478,-2.05640769451118,-167.0226275263242,1.7044989139049096,121.5360439921676,-1.4137693164533165,0.4996,0.5022,193.0,199.641,0.677663583
2024-06-18 17:36:50.967468,1742.8011133670807,1,155.73836548852063,-1.9565391188972625,-166.94529562702854,1.680888644050983,121.59480335897621,-1.4701391736725968,0.4991,0.5022,193.0,199.64,0.677634739
2024-06-18 17:36:51.968762,1743.8024079799652,1,155.62272732419677,-1.9539481519026614,-167.00831864518295,1.460583734647352,121.53988673117048,-1.5529531104585006,0.4996,0.5022,193.0,199.641,0.677691271
2024-06-18 17:36:52.971082,1744.8047275543213,1,155.73870943305835,-1.9828038293610402,-166.92882419768083,1.554823923274685,121.60273567302832,-1.474002289087511,0.4991,0.5022,193.001,199.639,0.677641542
2024-06-18 17:36:53.979414,1745.8130593299866,1,155.696231701746,-2.051419725287623,-166.95844119896216,1.4737285181741098,121.5468865386261,-1.4752626779882432,0.4996,0.5022,193.0,199.64,0.677722496
2024-06-18 17:36:54.981733,1746.815378665924,1,155.60821909752835,-1.9372961730523366,-167.02591019954207,1.7312720665634687,121.55900032608562,-1.5406812601748328,0.5001,0.5022,193.001,199.639,0.677684876
2024-06-18 17:36:55.985077,1747.8187220096588,1,155.73691826055386,-1.9364598466412266,-166.92360535374684,1.5468609988031965,121.56842663933524,-1.4910096022047075,0.5007,0.5022,193.0,199.639,0.67765957
2024-06-18 17:36:56.989387,1748.8230321407318,1,155.64592925549243,-2.131791209560124,-167.03612326169403,1.664488358087878,121.53630746695634,-1.4187864922664886,0.5007,0.5022,193.0,199.641,0.677663583
2024-06-18 17:36:57.992698,1749.8263437747955,1,155.80997573941667,-1.9698789673137491,-166.9538809368403,1.7030797108285043,121.61614774994621,-1.425573391458926,0.5007,0.5022,193.0,199.642,0.677701407
2024-06-18 17:36:59.001982,1750.8356277942657,1,155.74510618475432,-2.0988292523276417,-166.92133889685402,1.612562129726868,121.61808297205837,-1.4479423457050318,0.5001,0.5022,193.0,199.64,0.677590931
2024-06-18 17:36:59.997346,1751.8309917449951,1,155.69649371853345,-2.0135736343737847,-166.9696991649971,1.6116734334675604,121.69006939701728,-1.492607467776049,0.5001,0.5022,193.001,199.64,0.677624877
2024-06-18 17:37:00.999697,1752.8333430290222,1,155.6662949322059,-2.1495762433054506,-167.01684723142455,1.6702342034465112,121.5394251087171,-1.4307498597463986,0.5001,0.5022,193.001,199.64,0.677621408
2024-06-18 17:37:02.002017,1753.8356626033783,1,155.56716002701876,-1.9200842945453294,-167.07668695363296,1.5004170908899406,121.48093023600332,-1.4551304127634364,0.5001,0.5022,192.999,199.639,0.677647259
2024-06-18 17:37:03.005334,1754.838979959488,1,155.87243754577335,-1.8762857323337503,-166.9507397690512,1.581670122451973,121.56736176583406,-1.4615364177200225,0.4991,0.5022,193.0,199.638,0.677753723
2024-06-18 17:37:04.006678,1755.8403234481812,1,155.72882180978976,-2.0443096408192813,-166.93641025576244,1.6381274906321035,121.60667582853544,-1.5164614142120174,0.5001,0.5022,193.0,199.639,0.677665558
2024-06-18 17:37:05.007979,1756.8416249752045,1,155.80270509412128,-1.935850167041685,-166.93694902314186,1.79929590734447,121.64082053159215,-1.3839085714821135,0.5001,0.5022,193.001,199.64,0.6776793
2024-06-18 17:37:06.012294,1757.845939397812,1,155.53805773688953,-2.115819212094856,-167.0112074139313,1.3061075917742282,121.463230539822,-1.4930766334039873,0.4996,0.5022,193.001,199.64,0.677672769
2024-06-18 17:37:07.014620,1758.8482661247253,1,155.755087799918,-1.985320533815742,-166.94215626472518,1.6907941384538754,121.60261125397464,-1.417846252952327,0.5001,0.5022,193.001,199.64,0.677674334
2024-06-18 17:37:08.018934,1759.8525795936584,1,155.55255813026744,-1.8798879015783465,-167.07121604869124,1.5049279637357194,121.48383396844193,-1.4517790920621703,0.4996,0.5022,192.999,199.641,0.677651272
2024-06-18 17:37:09.022309,1760.8559546470642,1,155.795112367614,-1.95232666744331,-166.92482237349728,1.7100632993579845,121.61040605118214,-1.436157834501446,0.4996,0.5022,193.0,199.641,0.677641476
2024-06-18 17:37:10.025603,1761.8592488765717,1,155.68615185359786,-1.8395570909575283,-166.99294933023214,1.625266236218039,121.58106344040577,-1.4079106371231191,0.4985,0.5022,192.999,199.64,0.677650318
2024-06-18 17:37:11.029944,1762.8635895252228,1,155.72399384135605,-1.9560990857955478,-166.91010213625447,1.52761420832425,121.57862720303244,-1.4643065256708898,0.5007,0.5022,193.0,199.64,0.677639569
2024-06-18 17:37:12.033235,1763.8668808937073,1,155.74252158457526,-2.083732519661599,-166.97364473316418,1.606834451620855,121.61667610258195,-1.5624270883371756,0.5007,0.5022,193.0,199.639,0.677701473
2024-06-18 17:37:13.037611,1764.8712565898895,1,155.69412990903976,-1.9543741823692202,-166.9617457420075,1.703375431760177,121.59906186707971,-1.4339934146805362,0.4996,0.5022,193.001,199.639,0.677653377
2024-06-18 17:37:14.038927,1765.8725724220276,1,155.7581247238966,-1.9290879028151786,-166.88086227061012,1.7098506825274158,121.60393847887616,-1.4793622556285488,0.4996,0.5022,193.0,199.64,0.677611948
2024-06-18 17:37:15.041253,1766.8748989105225,1,155.6027826936462,-1.8732838659101059,-167.03924869929082,1.5255254666295432,121.52760632697796,-1.5360111889026553,0.5001,0.5022,193.001,199.64,0.677637323
2024-06-18 17:37:16.043573,1767.87721824646,1,155.61875853821206,-1.9043390896215764,-166.9718181464569,1.6110100209888114,121.66268159841366,-1.4314080466539687,0.4996,0.5022,193.0,199.638,0.677623201
2024-06-18 17:37:17.047880,1768.8815259933472,1,155.77080212501264,-1.9704246593654051,-166.7964992019258,1.5760890654024549,121.58961364283866,-1.4664836346230439,0.5007,0.5022,193.0,199.639,0.677652155
2024-06-18 17:37:18.053206,1769.88685131073,1,,,,,,,0.5007,0.5022,192.999,199.639,0.677665828
2024-06-18 17:37:19.256855,1771.090500831604,1,155.75886624266928,-1.9938625386823032,-166.8556914296301,1.550008218114846,124.53184393492673,1.230245090123139,0.5001,0.5022,192.999,199.641,0.677703108
2024-06-18 17:37:20.259951,1772.093596458435,1,155.7263549825997,-1.9190030361834085,-166.84170687857238,1.746905328389385,121.67817655310617,-1.3637602637349944,0.5001,0.5022,192.999,199.64,0.677661883
2024-06-18 17:37:21.259364,1773.093009710312,1,155.66817259462283,-2.050974498469195,-166.93964120163645,1.6271338699240485,121.58931867175548,-1.4615397874929863,0.4996,0.5022,193.0,199.64,0.677744809
2024-06-18 17:37:22.260694,1774.0943393707275,1,155.82950324043034,-1.916772989712675,-166.79583820193102,1.6127307016780992,121.58845846101545,-1.4870910694978723,0.5001,0.5022,192.999,199.641,0.67771406
2024-06-18 17:37:23.262985,1775.0966303348541,1,155.782605419356,-1.946700414539795,-166.8922011313379,1.6992070638177759,121.60849458554107,-1.4481277947328852,0.5001,0.5022,192.999,199.64,0.677695625
2024-06-18 17:37:24.267311,1776.1009566783905,1,155.9236331639466,-2.0653887887165814,-166.89195118598548,1.6294319576718983,121.58163258823897,-1.4751944182778676,0.4996,0.5022,192.999,199.64,0.67766474
2024-06-18 17:37:25.272611,1777.1062562465668,1,155.74794724273318,-1.8730030929163737,-166.91857277702553,1.6707983950543772,121.59223215637573,-1.441057760907837,0.5001,0.5021,192.999,199.639,0.677689298
2024-06-18 17:37:26.274938,1778.1085839271545,1,155.68745101877283,-1.8926271734971605,-166.8800865481616,1.415353175458467,121.56145948919794,-1.4856485969022315,0.5007,0.5022,193.0,199.642,0.677618004
2024-06-18 17:37:27.276305,1779.10995054245,1,155.674375567545,-1.913722033530306,-166.96430331614715,1.5712709509173233,121.59367426397807,-1.425223091956274,0.5001,0.5022,192.999,199.64,0.677698076
2024-06-18 17:37:28.279665,1780.1133103370667,1,155.71532077439832,-1.911768014431099,-166.94682328815327,1.6081306062675753,121.60647428571502,-1.42964733853008,0.5001,0.5022,193.0,199.639,0.677557665
2024-06-18 17:37:29.283952,1781.1175973415375,1,155.67103518845465,-1.9244270617665995,-166.9609624236512,1.6261119781617446,121.65931111137581,-1.51797036691317,0.4985,0.5021,193.001,199.64,0.67759304
2024-06-18 17:37:30.284279,1782.1179242134094,1,155.77552312132838,-1.9724490769945418,-166.79936502884289,1.5786506411257797,121.57865123237853,-1.4919240443854072,0.4996,0.5022,193.001,199.641,0.677546032
2024-06-18 17:37:31.288602,1783.1222479343414,1,155.78462492765854,-1.8261307989192936,-166.9730908100944,1.657210114363977,121.53248682194989,-1.4623727049326984,0.4996,0.5022,193.0,199.639,0.67760787
2024-06-18 17:37:32.290922,1784.124567747116,1,155.666460944374,-1.9290353158275089,-166.98711382754055,1.5425004754615046,121.60727047520496,-1.5674560025970599,0.5001,0.5022,193.0,199.639,0.677609231
2024-06-18 17:37:33.292291,1785.1259362697601,1,155.72159818510247,-1.971348359394815,-166.93995495787414,1.6083818724807544,121.61433703021646,-1.459636716978705,0.5001,0.5022,193.0,199.64,0.677592972
2024-06-18 17:37:34.294611,1786.128257036209,1,155.81943622984247,-2.1702875254180327,-166.9251840013742,1.6085392983474904,121.55415353166966,-1.467702626206567,0.4996,0.5022,192.999,199.64,0.677681613
2024-06-18 17:37:35.296945,1787.1305902004242,1,155.78023107183137,-2.035990046876784,-166.90754344454962,1.7090851864692176,121.58177422120946,-1.5062674788587733,0.4996,0.5022,192.999,199.639,0.677596714
2024-06-18 17:37:36.300286,1788.1339321136475,1,155.66912863263593,-1.7774246048550846,-166.98160798619077,1.6733631920033007,121.51165315766835,-1.4862554047038548,0.4996,0.5022,193.0,199.639,0.677692836
2024-06-18 17:37:37.304577,1789.138222694397,1,155.7342589343812,-1.9732583471587097,-166.9095852943032,1.701333177850293,121.58606720779271,-1.517039579989856,0.5007,0.5022,193.001,199.639,0.677702632
2024-06-18 17:37:38.307895,1790.141541004181,1,155.75070725390043,-2.019907175467685,-166.82484267688466,1.6665345743697098,121.5960738243343,-1.4881089255090114,0.5007,0.5022,192.999,199.64,0.677663789
2024-06-18 17:37:39.307221,1791.1408667564392,1,155.62509937523646,-2.151626976761181,-166.98784511878569,1.6400107582077559,121.57192723200579,-1.53383280997143,0.4996,0.5022,193.001,199.639,0.67762617
2024-06-18 17:37:40.308568,1792.1422138214111,1,155.75959372424458,-2.084982968103907,-166.91000923517515,1.5963215065275926,121.6021465794288,-1.47620135170344,0.4996,0.5022,193.0,199.639,0.677732974
2024-06-18 17:37:41.314855,1793.1484999656677,1,155.67479510855367,-1.9739542742716867,-166.9582022778457,1.6494390267757624,121.68343811908633,-1.4710959941997561,0.5001,0.5022,192.998,199.641,0.677649027
2024-06-18 17:37:42.316209,1794.1498551368713,1,155.6951507543185,-1.9782950813988525,-166.86835639585212,1.7705546187639183,121.542514993302,-1.445661053521992,0.4991,0.5022,192.999,199.639,0.677648143
2024-06-18 17:37:43.320517,1795.1541621685028,1,155.61303449688774,-1.9763305042061465,-166.8214532422854,1.952569016495776,121.47013370775362,-1.4287001016704672,0.4996,0.5022,193.0,199.64,0.677607258
2024-06-18 17:37:44.319819,1796.1534640789032,1,155.74669973556377,-2.1041832022128784,-166.9041014731099,1.5996909766449119,121.5790777461519,-1.4594934437596983,0.5001,0.5022,193.0,199.64,0.677631952
2024-06-18 17:37:45.326155,1797.15980052948,1,155.64538316179974,-2.0109713270031464,-166.97635831134974,1.5362672143688503,121.57528004862876,-1.5460324532397405,0.4996,0.5022,193.0,199.64,0.677580999
2024-06-18 17:37:46.331467,1798.1651122570038,1,155.73818498629984,-1.887964787934394,-166.91687399058557,1.5498351293222503,121.57949828231023,-1.4826364401249394,0.4991,0.5022,193.0,199.639,0.677576645
2024-06-18 17:37:47.335754,1799.1693994998932,1,155.6959121984706,-1.8737990337514787,-166.86071845978825,1.6202882831962142,121.63185426798566,-1.5062301133559135,0.4996,0.5022,193.0,199.64,0.677552497
2024-06-18 17:37:48.338074,1800.1717195510864,1,155.7646159215713,-1.9026345409842236,-166.90617004992043,1.5575135648217528,121.59547009648067,-1.4678916013877066,0.4996,0.5022,192.999,199.64,0.677627804
2024-06-18 17:37:49.344385,1801.178030014038,1,155.66971715207544,-1.9501738531184605,-166.87289619683816,1.783852243916489,121.55264265667562,-1.498086545888075,0.5001,0.5022,192.999,199.639,0.677585693
2024-06-18 17:37:50.347699,1802.181344985962,1,155.50530256802716,-1.879006872701779,-167.05322901685042,1.692615943822244,121.50558849123631,-1.4151091769427295,0.4996,0.5022,193.0,199.64,0.67756059
2024-06-18 17:37:51.353040,1803.186686038971,1,155.78348519905546,-1.8781999604197417,-166.86326771422392,1.6424086068660821,121.5890139636517,-1.433537582354113,0.5001,0.5022,193.0,199.64,0.677558686
2024-06-18 17:37:52.352339,1804.1859848499298,1,155.66270231959552,-1.9778601073321693,-166.91867170899178,1.7590317526991401,121.5630063653139,-1.524787334136007,0.5001,0.5022,193.0,199.641,0.677577666
2024-06-18 17:37:53.357680,1805.191325187683,1,155.70156991287368,-1.975906777751946,-166.896774755618,1.7307422100450307,121.57788799563053,-1.4477202414643977,0.5001,0.5022,193.0,199.639,0.677570523
2024-06-18 17:37:54.362963,1806.1966080665588,1,155.76144068318308,-1.8179443909874926,-166.908421333228,1.6247713059251319,121.57964272486304,-1.4265884887423115,0.4996,0.5022,192.998,199.639,0.677529229
2024-06-18 17:37:55.367279,1807.200924396515,1,155.62293289579696,-2.0274714647939307,-166.96663107748105,1.7624592496453422,121.52299336152151,-1.4580848261004744,0.5001,0.5022,193.0,199.64,0.677547189
2024-06-18 17:37:56.368628,1808.2022733688354,1,155.78913243221712,-2.0142158843052034,-166.81758440250263,1.5283333503515315,121.57491604276112,-1.479698362374543,0.5001,0.5022,192.999,199.639,0.677647533
2024-06-18 17:37:57.372938,1809.2065830230713,1,155.6354935363476,-1.784245081823263,-166.9900246542764,1.6758176395821556,121.49793097429051,-1.4850710754088337,0.4996,0.5022,192.999,199.64,0.677634199
2024-06-18 17:37:58.373262,1810.2069079875946,1,155.7457777308826,-2.0586147991111425,-166.74089288763474,1.721848644484095,121.6028417664588,-1.4690932498685199,0.5001,0.5022,192.999,199.64,0.677670456
2024-06-18 17:37:59.378593,1811.2122383117676,1,155.7514680003011,-1.8939197183428669,-166.92117158343135,1.6295350144401948,121.60466632737989,-1.472121921279896,0.5001,0.5022,192.999,199.639,0.677646646
2024-06-18 17:38:00.379914,1812.2135591506958,1,155.43763847496356,-1.9508126345875778,-167.10974635553535,1.6574303600624023,121.46537822140158,-1.415830046057144,0.5001,0.5022,193.0,199.639,0.677631884
2024-06-18 17:38:01.386224,1813.2198691368103,1,155.6534768781542,-1.9252981861337384,-166.9728258173147,1.5173953837622374,121.55696742983362,-1.4013883135272844,0.5001,0.5022,193.0,199.638,0.677616918
2024-06-18 17:38:02.387895,1814.221540927887,1,155.7710070611547,-1.853493737560035,-166.86860864347477,1.6624486481482625,121.60663388591945,-1.4534838705445101,0.5001,0.5022,193.0,199.639,0.677607155
2024-06-18 17:38:03.394225,1815.2278699874878,1,155.73275519667763,-1.9342895610623718,-166.7865402248774,1.5323513639479587,121.57969534204874,-1.4683827288615094,0.4996,0.5022,193.0,199.641,0.677602902
2024-06-18 17:38:04.402558,1816.2362034320831,1,155.6326570089058,-1.9992473683139944,-166.94345483094173,1.7454021540861697,121.56978419534612,-1.516151252490691,0.4991,0.5022,192.999,199.64,0.677589773
2024-06-18 17:38:05.406871,1817.2405169010162,1,155.66262052609957,-1.892745739424992,-166.9237381931592,1.6401426497385223,121.57852750235436,-1.4816027334067543,0.5001,0.5022,192.999,199.639,0.677552085
2024-06-18 17:38:06.412186,1818.2458312511444,1,155.69451183196418,-1.9651451337485832,-166.95778233997783,1.5851125924966831,121.64659421103502,-1.4732627627487664,0.5007,0.5022,193.0,199.64,0.67753154
2024-06-18 17:38:07.416522,1819.2501678466797,1,155.63635791912043,-2.001054557764719,-166.93508971754213,1.7591055827313204,121.55294771738686,-1.5191624963135222,0.5007,0.5022,193.0,199.64,0.677666577
2024-06-18 17:38:08.420854,1820.254499912262,1,155.75489573991456,-1.7980625704536328,-166.92967562497017,1.6224330701502485,121.55025702692983,-1.4669806498518816,0.5001,0.5022,193.0,199.639,0.677553854
2024-06-18 17:38:09.424172,1821.2578175067902,1,155.67819858182426,-1.8949035693853233,-166.87667753036152,1.6069891320433196,121.62949239138516,-1.5028768044858514,0.4996,0.5022,192.998,199.639,0.677505418
2024-06-18 17:38:10.425493,1822.2591388225555,1,155.88278237898524,-1.9154346507360722,-166.87021299344843,1.6141755158165267,121.58226994809688,-1.4694883220534447,0.4991,0.5022,192.998,199.64,0.677525418
2024-06-18 17:38:11.429810,1823.2634553909302,1,155.65411643571218,-1.911744381707023,-166.92799765590647,1.6099878508008614,121.64158776804094,-1.4080990387465209,0.5001,0.5022,192.998,199.641,0.677526438
2024-06-18 17:38:12.431244,1824.264889717102,1,155.65810289772475,-1.8915850079841952,-166.89324653663417,1.61769854630608,121.66052870273315,-1.4896667852748402,0.4996,0.5022,192.997,199.64,0.67748705
2024-06-18 17:38:13.432545,1825.2661910057068,1,155.68169869174096,-2.0118858455295725,-166.89207628871173,1.7581792123549222,121.55555207502634,-1.5215339175918192,0.4991,0.5022,192.997,199.64,0.677504941
2024-06-18 17:38:14.435253,1826.268898010254,1,155.58559797629204,-2.0447000147999193,-166.93306823285107,1.8934046151069255,121.52791725146402,-1.5758417701838572,0.4996,0.5022,192.998,199.64,0.677473716
2024-06-18 17:38:15.435605,1827.2692503929138,1,155.7048711657323,-1.9410679035562817,-166.82129495138597,1.552271039153225,121.58155137118969,-1.485650507025551,0.5007,0.5022,192.999,199.64,0.677492492
2024-06-18 17:38:16.438168,1828.2718133926392,1,155.73740533677048,-1.9033512096574319,-166.9090365361418,1.5855489103077525,121.64054369820224,-1.4675292373759972,0.4996,0.5022,192.999,199.639,0.677560316
2024-06-18 17:38:17.442512,1829.2761580944061,1,155.62297002550793,-1.8678639938234578,-166.94984491262957,1.5090023038087506,121.55559644878184,-1.454710136696175,0.5001,0.5022,192.999,199.639,0.67750569
2024-06-18 17:38:18.448819,1830.2824647426605,1,155.456101589175,-1.8689411965598304,-167.0701036400345,1.6383355333340195,121.50525725747393,-1.5386761858671394,0.5001,0.5022,192.999,199.639,0.677527187
2024-06-18 17:38:19.449172,1831.2828176021576,1,155.617777127879,-1.8406564619543053,-166.96103782209286,1.5352988031787635,121.5353764621536,-1.46839326138197,0.4991,0.5022,192.998,199.64,0.677537459
2024-06-18 17:38:20.450467,1832.2841124534607,1,155.69766552301965,-1.8470907867130033,-166.86300503384618,1.6004038048853848,121.62556754385258,-1.5069446787705347,0.4996,0.5022,192.998,199.639,0.677549772
2024-06-18 17:38:21.455779,1833.2894248962402,1,155.7252804580983,-1.9319875994148108,-166.81228670009702,1.5292974561773267,121.58529159371777,-1.4610469087892848,0.5001,0.5022,192.998,199.64,0.677639433
2024-06-18 17:38:22.461091,1834.2947361469269,1,155.66133709463838,-1.9905655651147143,-166.93436885350445,1.5702219920857365,121.63732313488121,-1.5229992395167797,0.4996,0.5021,192.999,199.64,0.677579364
2024-06-18 17:38:23.463411,1835.2970569133759,1,155.76239020537486,-1.9979861649288622,-166.83527389296736,1.497216657487873,121.58907185909415,-1.4858724041079192,0.5007,0.5022,192.998,199.641,0.677634263
2024-06-18 17:38:24.467822,1836.3014678955078,1,155.67294976754638,-1.996666143892173,-166.86758167332357,1.747469122358417,121.5639766598829,-1.516327183139682,0.5001,0.5022,192.997,199.641,0.677633447
2024-06-18 17:38:25.470180,1837.3038258552551,1,155.67791443446723,-2.001275612248818,-166.8415452583994,1.6817368690015795,121.57641084382988,-1.4856037129241535,0.4991,0.5022,192.998,199.639,0.677543922
2024-06-18 17:38:26.472526,1838.3061714172363,1,155.53644255416233,-1.991306747937493,-167.00862067658096,1.7068130280269518,121.56764519975638,-1.36431899599107,0.4996,0.5022,192.997,199.638,0.677540724
2024-06-18 17:38:27.478810,1839.3124551773071,1,155.77836036738964,-1.9326411224083024,-166.80827622637096,1.5677642002989023,121.59176885262613,-1.4763079169413464,0.4991,0.5021,192.998,199.64,0.677527661
2024-06-18 17:38:28.481221,1840.3148667812347,1,155.43729220325665,-1.6597742636126775,-167.10383235592096,1.7835990566151632,121.44442898940781,-1.5544318320288664,0.4991,0.5022,192.998,199.64,0.677585349
2024-06-18 17:38:29.484618,1841.318263053894,1,155.6713366412541,-1.9455680656736054,-166.9247282246642,1.535319824046381,121.59138901795886,-1.4262395527704255,0.4996,0.5021,192.998,199.64,0.677548614
2024-06-18 17:38:30.488903,1842.3225486278534,1,155.601057265255,-2.0021008285500406,-166.97189708847222,1.5571871611368913,121.64621482241124,-1.5508482644329527,0.4996,0.5022,192.998,199.639,0.677582288
2024-06-18 17:38:31.491224,1843.3248691558838,1,155.64731484969343,-1.9618261764459988,-166.80026841149933,1.503656520929933,121.5787692550193,-1.4797090524029082,0.4996,0.5022,192.999,199.64,0.677569634
2024-06-18 17:38:32.492489,1844.3261346817017,1,155.58101093788792,-1.9127023518330895,-166.888978517526,1.4604022932953642,121.53203281737224,-1.4841346004773075,0.5001,0.5021,192.998,199.639,0.677579771
2024-06-18 17:38:33.493865,1845.3275110721588,1,155.59444474239243,-1.9615964226902998,-166.96354255522533,1.7011096015694718,121.595647063368,-1.3814873539362793,0.5001,0.5022,192.997,199.64,0.677559702
2024-06-18 17:38:34.496184,1846.3298296928406,1,155.46948339875794,-2.008740477365981,-167.05376653161827,1.6018835764606294,121.4963921410643,-1.554691804604736,0.5001,0.5022,192.997,199.641,0.67758324
2024-06-18 17:38:35.499359,1847.33300447464,1,155.5211029328107,-1.830852990272688,-167.00262205121263,1.6784282803768704,121.51433049294425,-1.5285078723584118,0.4991,0.5022,192.997,199.639,0.677666098
2024-06-18 17:38:36.505787,1848.339432001114,1,155.6244621221642,-1.990623136516155,-166.85085781399323,1.7581333137853359,121.57179780195347,-1.4856190533774258,0.4991,0.5022,192.997,199.639,0.677560587
2024-06-18 17:38:37.506097,1849.3397424221039,1,155.65049126441772,-1.9634758865420276,-166.83516657918085,1.7921952394307903,121.55891450477274,-1.4810191191591187,0.4996,0.5022,192.998,199.639,0.677543647
2024-06-18 17:38:38.510410,1850.3440556526184,1,155.7068145087867,-1.9890685307869094,-166.79495880295508,1.718164245873591,121.57391081345432,-1.4897219738145693,0.4991,0.5022,192.998,199.639,0.677527865
2024-06-18 17:38:39.510743,1851.3443884849548,1,155.65078477110941,-1.9315740217157928,-166.90276773903292,1.7272740274976648,121.57951128163636,-1.528177004213937,0.5001,0.5022,192.998,199.639,0.677514599
2024-06-18 17:38:40.512078,1852.3457231521606,1,155.49962787095276,-1.9429058991491488,-167.0268642604674,1.6792655638904626,121.49416808498042,-1.4409804900615582,0.4996,0.5021,192.997,199.64,0.677571471
2024-06-18 17:38:41.514911,1853.3485560417175,1,155.55712071156023,-2.0665680500707575,-166.99133632580336,1.6428282199461706,121.57778805452895,-1.3727162794567875,0.4996,0.5022,192.997,199.639,0.677535552
2024-06-18 17:38:42.519203,1854.3528487682343,1,155.59588483711607,-1.9510737521701793,-166.96248007425424,1.7334653632627248,121.57031937142598,-1.3796069628655143,0.4985,0.5022,192.998,199.639,0.677608819
2024-06-18 17:38:43.520567,1855.3542129993439,1,155.6300065200752,-2.016261147009977,-166.91117914441207,1.546295313693489,121.60197904510508,-1.4271044267273032,0.5001,0.5022,192.997,199.639,0.677587798
2024-06-18 17:38:44.525850,1856.3594954013824,1,155.708714436126,-1.9964400126507946,-166.79717671629894,1.7071738457169723,121.58609117979127,-1.473765699942795,0.5001,0.5022,192.997,199.639,0.677613581
2024-06-18 17:38:45.528229,1857.3618750572205,1,155.67137074346923,-1.8797619391125449,-166.90129135574924,1.6297174591857766,121.58614662245627,-1.488715733946532,0.4996,0.5022,192.996,199.639,0.677622084
2024-06-18 17:38:46.531574,1858.3652198314667,1,155.57947900228805,-1.9748721747049545,-166.898577720057,1.4502993882528123,121.52809856188013,-1.4378813949243536,0.4996,0.5022,192.997,199.639,0.67761637
2024-06-18 17:38:47.532209,1859.3658547401428,1,155.78741339542927,-2.1256306261150457,-166.8871579604729,1.5358896598846072,121.58856464191004,-1.49121924286512,0.4991,0.5022,192.997,199.639,0.677511334
2024-06-18 17:38:48.535504,1860.3691492080688,1,155.58774913665104,-1.8631674695173726,-166.97152896131954,1.712744043397509,121.52368752712279,-1.440725610451503,0.4991,0.5021,192.997,199.639,0.677584533
2024-06-18 17:38:49.539818,1861.3734636306763,1,155.8472114391535,-1.9322953742464353,-166.82227460145634,1.6151036744905198,121.58027275528764,-1.4724930304210198,0.5001,0.5022,192.997,199.638,0.677623037
2024-06-18 17:38:50.540171,1862.3738169670105,1,155.70885805406866,-1.9829344558513968,-166.86451113700056,1.674289041550764,121.5904029553445,-1.4824925150745485,0.4996,0.5022,192.997,199.639,0.677592696
2024-06-18 17:38:51.544511,1863.3781569004059,1,155.65093977489946,-1.925317832731936,-166.81139555005274,1.5733175011574756,121.59592329204473,-1.4619482225505835,0.5007,0.5022,192.997,199.638,0.677560312
2024-06-18 17:38:52.546833,1864.380478143692,1,155.69386616034276,-1.8956376605127967,-166.81097555863803,1.5913458611926057,121.60588548973288,-1.454687799856199,0.5001,0.5022,192.997,199.638,0.677629021
2024-06-18 17:38:53.552144,1865.3857901096344,1,155.52747134564672,-1.8878136403382497,-166.97263530334533,1.7502176460768752,121.5032650208562,-1.4199576414181039,0.5007,0.5022,192.996,199.639,0.67751657
2024-06-18 17:38:54.553189,1866.3868343830109,1,155.60493333034972,-1.9623957537980272,-166.94232180298448,1.5332947552972742,121.6088404774144,-1.391565054895232,0.5001,0.5022,192.995,199.639,0.677556231
2024-06-18 17:38:55.561518,1867.3951632976532,1,155.51472482288307,-1.9005731619815525,-167.01315351243628,1.6102575714530225,121.63724731389549,-1.570285174695457,0.5007,0.5022,192.995,199.64,0.677609837
2024-06-18 17:38:56.557840,1868.3914852142334,1,155.6763369850991,-1.9585827316627435,-166.87713948514406,1.7217782986455938,121.58713225239295,-1.530783953684962,0.4991,0.5022,192.996,199.638,0.677567728
2024-06-18 17:38:57.559163,1869.3928084373474,1,155.6709884517095,-2.164901177605078,-166.93192131009937,1.5935801056841938,121.52982501285648,-1.478737871245251,0.4996,0.5022,192.996,199.638,0.677647661
2024-06-18 17:38:58.559487,1870.3931331634521,1,155.4761415180326,-2.0270809790931565,-166.9609737759408,1.6923238589309537,121.59050350216877,-1.3813132256598768,0.4991,0.5022,192.996,199.639,0.677669702
2024-06-18 17:38:59.564799,1871.398444890976,1,155.7567418589599,-1.9143628698556907,-166.82352611003466,1.5550897248743567,121.57967930576025,-1.4768119387652774,0.5007,0.5022,192.995,199.64,0.677502761
2024-06-18 17:39:00.567119,1872.4007642269135,1,155.48051212133598,-1.8998183886164521,-167.0111341402342,1.708916980186466,121.48004040981345,-1.4361097310535074,0.5001,0.5022,192.997,199.639,0.677548882
2024-06-18 17:39:01.571506,1873.4051518440247,1,155.62377428638027,-2.0187879034795713,-166.91551282543557,1.6267361236585816,121.57354141434989,-1.518948569196871,0.4991,0.5021,192.997,199.639,0.677663237
2024-06-18 17:39:02.573808,1874.4074532985687,1,155.57923089459067,-2.0214745426175122,-166.9478703165772,1.58856336625843,121.64503458297031,-1.5589623406310853,0.4991,0.5021,192.995,199.638,0.677662761
2024-06-18 17:39:03.573164,1875.4068093299866,1,155.654196342034,-1.9826155561716081,-166.93741103536323,1.557426200278605,121.71841986254181,-1.3978625860902392,0.5007,0.5021,192.996,199.638,0.677669564
2024-06-18 17:39:04.577480,1876.4111258983612,1,155.63371296458791,-1.7831643418113645,-166.94202593288995,1.5944000009494974,121.5560349884231,-1.402794832942689,0.5007,0.5021,192.995,199.64,0.677530718
2024-06-18 17:39:05.577804,1877.4114496707916,1,155.5741535813186,-2.033283457577816,-166.95809333697292,1.5901177102979103,121.65596252395245,-1.5524810338356385,0.5001,0.5022,192.996,199.639,0.677603236
2024-06-18 17:39:06.581144,1878.4147894382477,1,155.77085158800315,-1.8091002120461257,-166.8716170115661,1.6326648875960794,121.5718709641919,-1.489903565676877,0.5001,0.5021,192.997,199.639,0.677697864
2024-06-18 17:39:07.583440,1879.4170858860016,1,155.6279412887959,-1.7516638655501706,-166.9387070941068,1.569484915017031,121.53854115375617,-1.4842028631715343,0.4996,0.5021,192.995,199.639,0.677564324
2024-06-18 17:39:08.586865,1880.4205102920532,1,155.64140809236278,-2.0233916948641504,-166.91783186406082,1.6776774359030335,121.59779542281227,-1.5544891319619831,0.5007,0.5021,192.996,199.638,0.677510106
2024-06-18 17:39:09.590207,1881.423851966858,1,155.63755892181283,-1.8619029635928224,-166.85244759783473,1.6380282912470818,121.62736425385741,-1.413604508715793,0.4996,0.5022,192.995,199.639,0.67755412
2024-06-18 17:39:10.595493,1882.429138660431,1,155.60323976357907,-1.7756737256706274,-166.93027458020953,1.5897489101921365,121.53760874391087,-1.4138516467126478,0.4996,0.5021,192.996,199.639,0.677502146
2024-06-18 17:39:11.598811,1883.432456254959,1,155.56117812885657,-1.9003073678628026,-166.942799380147,1.6216837920124032,121.63609185685975,-1.5630119468331023,0.4996,0.5021,192.996,199.638,0.6776131
2024-06-18 17:39:12.600133,1884.433779001236,1,155.52444595857554,-1.8209976718082537,-166.9829089915348,1.7068347835643205,121.52602838870105,-1.5448767334201725,0.4991,0.5022,192.995,199.64,0.677562215
2024-06-18 17:39:13.603768,1885.4374134540558,1,155.70291787006727,-1.857759895178336,-166.8548976541478,1.653461304521989,121.57447299294527,-1.5035687548415761,0.5007,0.5022,192.996,199.639,0.677653917
2024-06-18 17:39:14.605090,1886.438735485077,1,155.47863172293168,-2.0354790782681444,-167.0041161943098,1.6075342182868697,121.54489595095566,-1.595059986429817,0.5001,0.5022,192.997,199.639,0.677646162
2024-06-18 17:39:15.607432,1887.441077709198,1,155.58385868822603,-1.9850145738527623,-166.9309116028653,1.5387585439006681,121.60636788293746,-1.3945244399099297,0.5001,0.5022,192.996,199.639,0.677569358
2024-06-18 17:39:16.607763,1888.4414088726044,1,155.68537520122635,-2.0181167566895906,-166.87528316091962,1.6322722752965246,121.61171886157864,-1.48577177224012,0.5007,0.5022,192.995,199.64,0.677551263
2024-06-18 17:39:17.613046,1889.4466910362244,1,155.5162434343094,-1.8101212553391355,-166.98453035133946,1.6640583096829065,121.6579029802442,-1.653467172488454,0.5001,0.5022,192.996,199.64,0.677652763
2024-06-18 17:39:18.613408,1890.4470536708832,1,155.64432217115936,-1.9418442394222564,-166.8288822106648,1.5668256523217987,121.62826582942046,-1.476950981609647,0.5001,0.5022,192.995,199.639,0.677614463
2024-06-18 17:39:19.620323,1891.4539682865143,1,155.7902948009692,-2.094368020148453,-166.810603452479,1.602993688627026,121.59647367594833,-1.4472498523192445,0.4996,0.5022,192.995,199.638,0.677674356
2024-06-18 17:39:20.621645,1892.455290555954,1,155.7160511395122,-2.0759701301436357,-166.83034275626773,1.6069392737320405,121.5938997289453,-1.4319989703419798,0.5001,0.5022,192.996,199.64,0.677705351
2024-06-18 17:39:21.625961,1893.4596064090729,1,155.66462031905715,-1.976204465506957,-166.8854713001773,1.682652837918932,121.59673301575432,-1.5075533816837712,0.4996,0.5022,192.995,199.64,0.677729365
2024-06-18 17:39:22.628279,1894.4619240760803,1,155.77126184440087,-2.020637705783883,-166.83807394670035,1.6912514752618606,121.6063958793655,-1.4861251404673919,0.5007,0.5022,192.995,199.64,0.677654602
2024-06-18 17:39:23.633592,1895.4672377109528,1,155.59198981577586,-1.844119426202594,-166.92696528068058,1.7360849861551553,121.52278691163788,-1.4486414378847752,0.4996,0.5022,192.995,199.639,0.677720589
2024-06-18 17:39:24.636940,1896.4705855846405,1,155.76986304687773,-2.03437845155871,-166.8449970511214,1.5631554280971014,121.57724490844413,-1.484147752723646,0.5007,0.5022,192.995,199.639,0.677700385
2024-06-18 17:39:25.641233,1897.4748787879944,1,155.5859836480886,-1.9169628676896777,-166.90785728896796,1.6078357407740351,121.67019953743564,-1.4568395836529737,0.4996,0.5022,192.995,199.638,0.677692493
2024-06-18 17:39:26.642684,1898.4763295650482,1,155.80635111215184,-1.9086532326176335,-166.80622896519768,1.6067938234022732,121.57534502637286,-1.4714360903452017,0.4996,0.5022,192.995,199.639,0.677759978
2024-06-18 17:39:27.643513,1899.4771585464478,1,155.6279018304097,-2.0624733324959785,-166.89531364123482,1.6539864429833229,121.58573762814838,-1.5287406031587263,0.4996,0.5022,192.996,199.639,0.6777461
2024-06-18 17:39:28.645858,1900.4795038700104,1,155.65776020224686,-1.8579042925299944,-166.87082841663937,1.634661511794619,121.58097622372547,-1.4982330856192165,0.4996,0.5022,192.996,199.637,0.677652899
2024-06-18 17:39:29.650148,1901.483793258667,1,155.6258391851532,-2.0003311862112216,-166.8932446014905,1.5358668356197767,121.57895614460121,-1.4269347963912022,0.4996,0.5022,192.996,199.638,0.677660042
2024-06-18 17:39:30.653497,1902.4861149787903,1,155.62153356715027,-1.9472272084753726,-166.87405290384672,1.7114176786233954,121.55769973501333,-1.4618297785526413,0.4991,0.5022,192.996,199.638,0.677700071
2024-06-18 17:39:31.655786,1903.4894316196442,1,155.64670423330986,-2.02392340638331,-166.8285314753187,1.5201798888261893,121.56662408040184,-1.4843684704991877,0.5001,0.5022,192.994,199.638,0.677643037
2024-06-18 17:39:32.658104,1904.4917497634888,1,155.54058221207893,-1.971684138467116,-166.94764299284026,1.534401963929175,121.5991784042537,-1.3695347920386625,0.5007,0.5021,192.994,199.638,0.677623241
2024-06-18 17:39:33.660424,1905.4940693378448,1,155.6313780955592,-2.1766667084091873,-166.9335018668542,1.5986831423185932,121.5226125764039,-1.4667298505621176,0.5001,0.5022,192.995,199.638,0.677662629
2024-06-18 17:39:34.663741,1906.4973862171173,1,155.77755770417087,-1.96308751048155,-166.88093281111,1.6544061518595738,121.62440197201458,-1.4840321151120253,0.4996,0.5021,192.995,199.638,0.677675146
2024-06-18 17:39:35.667086,1907.5007317066193,1,155.751356984098,-2.0826684845564984,-166.8239401234813,1.625978175649226,121.58991482944411,-1.4697894840200336,0.5001,0.5022,192.995,199.638,0.677655418
2024-06-18 17:39:36.671373,1908.505018234253,1,155.68866350659854,-2.0119559680199575,-166.7696672871954,1.5678873917920415,121.57800669321159,-1.4626168143928697,0.4996,0.5022,192.995,199.638,0.677648003
2024-06-18 17:39:37.676687,1909.510332107544,1,155.70403760977098,-2.0500774842277325,-166.87195992960503,1.6166781946613242,121.60802737294165,-1.4692696366308415,0.4996,0.5022,192.994,199.639,0.677673105
2024-06-18 17:39:38.681996,1910.5156419277191,1,155.40152194788945,-1.9219572236601474,-166.98371068682147,1.4740208921996667,121.49378170901869,-1.422464733869631,0.4996,0.5021,192.994,199.639,0.677675827
2024-06-18 17:39:39.678652,1911.5122978687286,1,155.6388510843237,-1.9473225272612975,-166.82776808227564,1.6850145790897708,121.58365212141379,-1.476817473649843,0.4996,0.5022,192.994,199.639,0.677605213
2024-06-18 17:39:40.682988,1912.5166330337524,1,155.614249628143,-1.8533316598106566,-166.86455307419425,1.6226595940266402,121.61801031897937,-1.4141343202380752,0.5001,0.5022,192.994,199.639,0.677610655
2024-06-18 17:39:41.687354,1913.5209999084473,1,155.650022529547,-1.9276291707441555,-166.7822956681634,1.7060978226562244,121.58287540739246,-1.466786616972354,0.5001,0.5022,192.994,199.638,0.677676678
2024-06-18 17:39:42.689674,1914.5233194828033,1,155.79265596089482,-1.8521396606224139,-166.80801023883348,1.6298145422241757,121.57661924885605,-1.4872808906646373,0.4996,0.5021,192.995,199.637,0.677643447
2024-06-18 17:39:43.693989,1915.527634382248,1,155.65162094076706,-1.9255121408683438,-166.86602225906051,1.6054064166537798,121.59132914262361,-1.4843031703887566,0.5001,0.5022,192.995,199.638,0.677607868
2024-06-18 17:39:44.697324,1916.5309693813324,1,155.63392067865578,-1.980657059139685,-166.87028349440672,1.6426095625598214,121.59849878757142,-1.48872379355408,0.5007,0.5022,192.994,199.638,0.677658209
2024-06-18 17:39:45.700646,1917.5342915058136,1,155.58794788432252,-1.8310768275671654,-166.88890051510526,1.6251801256157803,121.61589182163662,-1.39863140498808,0.5001,0.5022,192.994,199.637,0.677728074
2024-06-18 17:39:46.704007,1918.5376529693604,1,155.67142061798435,-2.0638520797311424,-166.7889192588765,1.550097332238707,121.58816615054191,-1.4681013347208403,0.4996,0.5022,192.995,199.638,0.677628683
2024-06-18 17:39:47.706362,1919.5400075912476,1,155.73461344712177,-1.8500017543088945,-166.85384710787218,1.5872690096827176,121.56611956612474,-1.4904513378339512,0.4996,0.5022,192.994,199.638,0.67766086
2024-06-18 17:39:48.711646,1920.5452921390533,1,155.57600865195175,-2.108825567655995,-166.90757700697898,1.579246161504919,121.56609996854803,-1.545336652942657,0.5007,0.5021,192.996,199.638,0.677627116
2024-06-18 17:39:49.715962,1921.5496072769165,1,155.66433114366353,-1.950976445384891,-166.84408619933203,1.6877473028206442,121.58562917364668,-1.4977097165450386,0.5007,0.5022,192.995,199.638,0.677593782
2024-06-18 17:39:50.717284,1922.5509300231934,1,155.60699252430945,-1.9875778586064967,-166.9083251849368,1.5831804309476376,121.65184146148228,-1.4278201204865106,0.4996,0.5022,192.995,199.637,0.677626028
2024-06-18 17:39:51.723620,1923.5572652816772,1,155.67390481857367,-2.1469955120747994,-166.86490345117824,1.626589547486914,121.56259571911406,-1.4478637361727589,0.5001,0.5021,192.994,199.637,0.67762664
2024-06-18 17:39:52.724398,1924.5580432415009,1,155.60561479236603,-2.0087090365050098,-166.8802915045619,1.6262183569719753,121.62485621874512,-1.4130850721029966,0.5007,0.5022,192.995,199.639,0.677618205
2024-06-18 17:39:53.727769,1925.5614144802094,1,155.47174638166652,-2.054136242637876,-166.98136712368773,1.619197854044894,121.55807516261652,-1.5739067633956074,0.4996,0.5022,192.994,199.638,0.67760732
2024-06-18 17:39:54.732083,1926.5657289028168,1,155.28126651321563,-1.7213638533497644,-167.14247025461293,1.455077133545189,121.38447168908347,-1.3855754601575885,0.4991,0.5022,192.994,199.639,0.677530856
2024-06-18 17:39:55.736398,1927.5700430870056,1,155.6206933383302,-1.9986453378317952,-166.85209803510648,1.6867517498297706,121.58143283832345,-1.4547730808453352,0.4991,0.5021,192.994,199.637,0.677551741
2024-06-18 17:39:56.739717,1928.5733630657196,1,155.48126618499535,-1.859896335102685,-166.96052063697746,1.5095313063289393,121.5074624494399,-1.5143822444667123,0.5001,0.5022,192.994,199.638,0.677637048
2024-06-18 17:39:57.740102,1929.5737473964691,1,155.68916219160266,-1.7995261861544276,-166.91447249240463,1.6124157209736574,121.53701106725998,-1.4394610993064123,0.4991,0.5022,192.994,199.637,0.67754521
2024-06-18 17:39:58.743391,1930.577036857605,1,155.61929207528314,-1.7817593698887912,-166.88689742903213,1.629780033623173,121.53805044779578,-1.4442102771233494,0.4996,0.5022,192.993,199.638,0.677657933
2024-06-18 17:39:59.744714,1931.5783593654633,1,155.6305611934557,-1.8507302476331675,-166.8568179962684,1.614127752479502,121.59739200220783,-1.4195929052266878,0.5001,0.5022,192.994,199.638,0.677663988
2024-06-18 17:40:00.747084,1932.5807299613953,1,155.47926832365388,-1.9789234569154477,-166.96551326607528,1.6623192923730057,121.56588507384517,-1.5754929628531849,0.5001,0.5022,192.993,199.639,0.677660994
2024-06-18 17:40:01.751398,1933.585043668747,1,155.42506470726957,-1.8954108774479654,-166.97962485980062,1.763013507197649,121.47515371717387,-1.4877733059709812,0.5001,0.5022,192.994,199.639,0.677660724
2024-06-18 17:40:02.752779,1934.58642411232,1,155.47616466830078,-1.9947335099103132,-166.9522045114707,1.4768105766108137,121.50553661340514,-1.4602108224826549,0.5001,0.5022,192.993,199.638,0.677624465
2024-06-18 17:40:03.754072,1935.5877175331116,1,155.56815601418225,-1.9059807075473905,-166.90463795845474,1.7089757923090796,121.561548918768,-1.4961707650615048,0.4985,0.5022,192.994,199.638,0.677652289
2024-06-18 17:40:04.759391,1936.5930371284485,1,155.40064737338167,-1.8163730521240395,-167.0245048569914,1.6029865470205489,121.59564516180373,-1.2794632742719618,0.4996,0.5021,192.995,199.638,0.67763018
2024-06-18 17:40:05.763706,1937.597351551056,1,155.63250743127094,-1.9792732629510779,-166.74093192332452,1.563395507921333,121.5603579735572,-1.4524840830170125,0.5001,0.5022,192.993,199.639,0.677625281
2024-06-18 17:40:06.766054,1938.5996992588043,1,155.74755299755736,-2.024451731444655,-166.7566267985246,1.658192337559407,121.58280781653298,-1.4628050795994143,0.4996,0.5022,192.993,199.639,0.677612084
2024-06-18 17:40:07.767349,1939.6009945869446,1,155.58472344972026,-2.031625954367429,-166.84777993097003,1.4982999391792624,121.55654896708138,-1.4601683707909208,0.5001,0.5022,192.993,199.638,0.677673309
2024-06-18 17:40:08.766699,1940.6003444194794,1,155.6501567701298,-1.9843657481239116,-166.83694075515405,1.6796424246072208,121.58358768205517,-1.4822649114315574,0.4996,0.5021,192.994,199.636,0.677707392
2024-06-18 17:40:09.770018,1941.6036636829376,1,155.623897664732,-1.8591377218631535,-166.83859460453974,1.6546296516340406,121.57195867846073,-1.506352716786944,0.5001,0.5022,192.993,199.637,0.677659976
2024-06-18 17:40:10.770358,1942.60400390625,1,155.57910346012062,-1.9113400645821184,-166.90631878968847,1.5756922055586386,121.59506347886004,-1.5376605574034254,0.5001,0.5022,192.994,199.639,0.677695555
2024-06-18 17:40:11.775702,1943.6093473434448,1,155.69349816439453,-1.9354129296181117,-166.79794888229668,1.686619394209289,121.58122155753274,-1.4765748439073172,0.4996,0.5021,192.994,199.639,0.677650588
2024-06-18 17:40:12.778987,1944.6126329898834,1,155.69070593630946,-2.1152261711861287,-166.87680303220725,1.6131008110203917,121.55082328434806,-1.4926919788194108,0.5007,0.5021,192.993,199.638,0.677702019
2024-06-18 17:40:13.784323,1945.6179687976837,1,155.46143730089918,-1.9110915086468228,-166.97999935265432,1.48872996276529,121.4815275968929,-1.4455551831316649,0.5001,0.5021,192.993,199.638,0.677618685
2024-06-18 17:40:14.785720,1946.6193652153015,1,155.63079213117737,-1.901596458579982,-166.83043293489226,1.5571742472482306,121.5814540079273,-1.4656482452778798,0.5007,0.5021,192.993,199.639,0.677702087
2024-06-18 17:40:15.789008,1947.6226539611816,1,155.54131543915798,-1.7470360738231157,-166.94465722917363,1.6028975885360441,121.50745180661293,-1.4090640439046058,0.5001,0.5021,192.994,199.638,0.677702496
2024-06-18 17:40:16.793385,1948.6270306110382,1,155.48970859610674,-2.0380121902207904,-166.9327310712031,1.71577520144804,121.54140996087003,-1.3953120947666704,0.4996,0.5021,192.994,199.639,0.677679434
2024-06-18 17:40:17.797699,1949.631344795227,1,155.4923510988901,-1.7606104614471512,-166.95911073890966,1.6175937103503244,121.4916992531421,-1.4191730016034294,0.4996,0.5022,192.993,199.637,0.677643243
2024-06-18 17:40:18.800021,1950.6336660385132,1,155.6657408667658,-1.7996753968700916,-166.8737744751438,1.584992094126625,121.54710353698944,-1.4513631742474842,0.4996,0.5021,192.993,199.638,0.677709298
2024-06-18 17:40:19.799355,1951.6330001354218,1,155.78385309499998,-1.9475241954213725,-166.82310863904203,1.5607810933485435,121.60196717996459,-1.4582117488361466,0.5001,0.5021,192.992,199.639,0.677677529
2024-06-18 17:40:20.801674,1952.635318994522,1,155.67588578426728,-1.932067331900737,-166.90526748560356,1.641426906557679,121.66283190942748,-1.529361653874252,0.5001,0.5022,192.993,199.639,0.677707802
2024-06-18 17:40:21.802037,1953.634685754776,1,155.59159585096683,-1.9935017282443295,-166.87800986013966,1.6098113596422718,121.65120686514416,-1.4148494349997645,0.5007,0.5021,192.993,199.637,0.677648549
2024-06-18 17:40:22.809414,1954.6430594921112,1,155.60605290718763,-1.9615605775486695,-166.84660464995838,1.613596610380916,121.6096481230616,-1.4858026177894719,0.5001,0.5022,192.994,199.637,0.677615147
2024-06-18 17:40:23.813757,1955.6474022865295,1,155.53328237559035,-2.0451443609501996,-166.9009479691216,1.5265747070939748,121.55984468538098,-1.4112649339936787,0.4996,0.5021,192.993,199.639,0.67767848
2024-06-18 17:40:24.813111,1956.6467566490173,1,155.59803638646977,-1.7934101027050073,-166.95624667592799,1.598150050389458,121.5015855403211,-1.4275290000291259,0.4991,0.5021,192.993,199.639,0.677704058
2024-06-18 17:40:25.815403,1957.6490485668182,1,155.54236097675064,-2.019296884670117,-166.92228345393525,1.6098002117691819,121.65556609925693,-1.5188003121842235,0.4996,0.5022,192.993,199.638,0.677709024
2024-06-18 17:40:26.824713,1958.6583588123322,1,155.62924024184866,-1.8787775751798124,-166.82468359457042,1.6316504011982214,121.60109528535916,-1.4938139764177514,0.5001,0.5021,192.993,199.638,0.677667255
2024-06-18 17:40:27.826037,1959.659682750702,1,155.6559031846846,-1.9674410543269385,-166.68819163287333,1.5564941347101466,121.57857885877078,-1.456471535923851,0.5001,0.5022,192.991,199.638,0.677645962
2024-06-18 17:40:28.829353,1960.6629984378815,1,155.559285793552,-1.9495474997557416,-166.80839713920759,1.4304503276255138,121.57228308379045,-1.4675048400020323,0.5007,0.5022,192.993,199.639,0.677654125
2024-06-18 17:40:29.834696,1961.6683418750763,1,155.71607155161072,-1.9468905173044564,-166.8003379559403,1.6669526624146958,121.58818186536436,-1.4841233347137852,0.4996,0.5022,192.992,199.638,0.677681337
2024-06-18 17:40:30.839016,1962.6726610660553,1,155.23805682126707,-2.086200040944121,-167.0520744978531,1.3261306321299546,121.39940530116714,-1.42901389122393,0.4996,0.5021,192.991,199.637,0.677693718
2024-06-18 17:40:31.845305,1963.6789507865906,1,155.63471615768336,-1.9727501768342997,-166.83724803820857,1.5270106910508323,121.57812518678486,-1.4457891626704336,0.5001,0.5021,192.992,199.637,0.677666643
2024-06-18 17:40:32.844652,1964.6782977581024,1,155.48219487491235,-1.9847931732947326,-166.89501247395248,1.7807557886264775,121.50757337437265,-1.4128614538361062,0.4996,0.5022,192.993,199.638,0.67767433
2024-06-18 17:40:33.846944,1965.6805894374847,1,155.44027808974263,-1.8932321470076554,-166.97806071541248,1.6159799190476432,121.53709790658051,-1.3646955141066022,0.4996,0.5022,192.992,199.637,0.67766399
2024-06-18 17:40:34.850261,1966.6839063167572,1,155.41171748039267,-1.934219421729488,-166.97482450349145,1.552222625546984,121.5628881292446,-1.3601748853207012,0.4996,0.5021,192.991,199.64,0.677654466
2024-06-18 17:40:35.855574,1967.689219713211,1,155.47061344538645,-2.151149007831136,-166.97510024408453,1.6508293363618511,121.4991010854281,-1.5209398760005854,0.5001,0.5021,192.992,199.639,0.677674466
2024-06-18 17:40:36.857893,1968.6915385723114,1,155.64390800292642,-2.125406506933286,-166.81726019319333,1.5931623306286664,121.57903181758921,-1.434545331074049,0.4985,0.5022,192.992,199.638,0.677642833
2024-06-18 17:40:37.858220,1969.691865682602,1,155.55674533917397,-1.9370711401927725,-166.88433740870886,1.6996403506959756,121.57275779106693,-1.5140590779944527,0.4996,0.5021,192.992,199.638,0.677568546
2024-06-18 17:40:38.860541,1970.6941862106323,1,155.72612818461548,-1.8619959775994186,-166.8571986318042,1.6442212202991002,121.61028134038179,-1.4700418135414974,0.4996,0.5022,192.993,199.638,0.677593784
2024-06-18 17:40:39.863863,1971.697508096695,1,155.46868809098325,-1.9879781398135854,-166.95038213294984,1.5453051702264298,121.54174716840129,-1.3736981696548993,0.5001,0.5022,192.992,199.636,0.677535484
2024-06-18 17:40:40.863503,1972.697148323059,1,155.78424999565482,-1.9864921555920325,-166.81138823410265,1.6641500580025892,121.59045733843244,-1.4606918801574835,0.4991,0.5021,192.993,199.637,0.677550586
2024-06-18 17:40:41.864805,1973.6984503269196,1,155.6656939960067,-2.17247404132971,-166.87227518735938,1.6154165360525827,121.52702667889946,-1.4543817714027916,0.5001,0.5021,192.992,199.638,0.677613581
2024-06-18 17:40:42.870178,1974.7038238048553,1,155.79625376073741,-2.071184572232297,-166.80090349109926,1.6439353375721537,121.58640998383798,-1.4629534025461577,0.5007,0.5022,192.992,199.638,0.677656847
2024-06-18 17:40:43.873525,1975.707171201706,1,155.60258762124056,-1.9884095537877313,-166.79509112383658,1.6813035440471256,121.59864311172191,-1.482695076921848,0.5001,0.5022,192.993,199.638,0.677525552
2024-06-18 17:40:44.877810,1976.711455821991,1,155.51630425738017,-2.091171658800313,-166.89565392209815,1.524950419232458,121.54986647711524,-1.4028752717950355,0.5001,0.5021,192.992,199.637,0.677634533
2024-06-18 17:40:45.881155,1977.7148005962372,1,155.66756648814143,-1.9582578001465607,-166.8527139337615,1.5522761034855235,121.606542544159,-1.4851205818899287,0.4996,0.5022,192.991,199.638,0.677610179
2024-06-18 17:40:46.887514,1978.721159696579,1,155.59617250544156,-1.8555470036993014,-166.8430335491624,1.5914694695459703,121.57698673226746,-1.4631024052143602,0.5007,0.5021,192.992,199.638,0.677620315
2024-06-18 17:40:47.888823,1979.7224686145782,1,155.61378786100877,-2.0287880030860586,-166.82218599258138,1.5072556200858522,121.57927965347972,-1.4659121730773241,0.5001,0.5022,192.992,199.638,0.677699909
2024-06-18 17:40:48.893194,1980.726839542389,1,155.48787326814605,-1.8564945362708798,-166.9258016939776,1.552925758413537,121.54279005063002,-1.556915829473377,0.4991,0.5022,192.992,199.639,0.677707392
2024-06-18 17:40:49.900499,1981.7341449260712,1,155.48260708517776,-1.9610551352619217,-166.926798326941,1.6142019562317333,121.64835125126949,-1.3846064448441977,0.5001,0.5021,192.992,199.638,0.677708956
2024-06-18 17:40:50.903817,1982.7374622821808,1,155.52935699148736,-1.980715564218823,-166.89414875879962,1.6530679321871242,121.67961622650328,-1.4972141649558035,0.5001,0.5021,192.992,199.639,0.677667051
2024-06-18 17:40:51.907178,1983.740823507309,1,155.39947791332872,-1.911152054118339,-166.95594836363634,1.6071005399307605,121.5809718004036,-1.3651716092756387,0.5007,0.5022,192.992,199.638,0.677729705
2024-06-18 17:40:52.910517,1984.7441620826721,1,155.6623953491422,-1.931675186125744,-166.83343694660002,1.560085214132579,121.61244689980553,-1.4740242510038153,0.5001,0.5022,192.991,199.636,0.677621268
2024-06-18 17:40:53.913507,1985.7471528053284,1,155.59397598521568,-1.979160301943965,-166.84150921569915,1.67105235779798,121.57282105809843,-1.487366815160526,0.5007,0.5021,192.991,199.638,0.677602968
2024-06-18 17:40:54.915807,1986.749452829361,1,155.41589778530252,-1.9693691913226612,-166.97729584525567,1.5840971406031945,121.5348487772996,-1.3646692215207192,0.5001,0.5022,192.992,199.639,0.677653717
2024-06-18 17:40:55.923128,1987.7567737102509,1,155.54577232310598,-2.0223280102548453,-166.84669515282064,1.6183452115112031,121.58949342009738,-1.4324260628354335,0.5001,0.5022,192.991,199.637,0.677568546
2024-06-18 17:40:56.920487,1988.7541325092316,1,155.57041640359697,-2.0322002738248335,-166.85524750229953,1.63922340575351,121.58989089717072,-1.4222471892135815,0.4996,0.5022,192.991,199.637,0.677648275
2024-06-18 17:40:57.923780,1989.7574255466461,1,155.48049418081465,-2.0357194578357003,-166.90804409765175,1.7662341761470968,121.51887030704978,-1.4236802592875168,0.5001,0.5021,192.991,199.637,0.677543035
2024-06-18 17:40:58.925123,1990.7587687969208,1,155.6656024038462,-1.890235526023954,-166.80791822735307,1.7156067664392294,121.59935152997261,-1.4348028199058136,0.4996,0.5021,192.991,199.638,0.677561949
2024-06-18 17:40:59.930435,1991.7640810012817,1,155.42892184883007,-2.149381150189012,-166.9674689410603,1.4766011993325296,121.5023848039793,-1.3353474883800853,0.4996,0.5022,192.991,199.638,0.677637394
2024-06-18 17:41:00.932733,1992.7663779258728,1,155.35621540598868,-1.9160919093463578,-167.013141495745,1.5324547429041422,121.45993247125526,-1.479160885798758,0.5007,0.5021,192.99,199.639,0.677674606
2024-06-18 17:41:01.937049,1993.7706942558289,1,155.54092847491057,-1.9435580607958065,-166.89079365198046,1.5178356190232545,121.5874366249308,-1.403078952351012,0.5001,0.5021,192.99,199.638,0.677562629
2024-06-18 17:41:02.939367,1994.7730128765106,1,155.5755733463258,-1.957119374919777,-166.77834131910393,1.4905806798304928,121.55934233683669,-1.4531549322326407,0.5001,0.5021,192.99,199.636,0.677595487
2024-06-18 17:41:03.948668,1995.7823138237,1,155.5016565462124,-1.9307952497081824,-166.89357331571432,1.6422251555594904,121.65058477642168,-1.38143942195311,0.4996,0.5022,192.99,199.638,0.677643719
2024-06-18 17:41:04.943009,1996.7766544818878,1,155.54179591037538,-1.9394838841422355,-166.87198540929293,1.6609861069360594,121.6613001588536,-1.4850173793060448,0.5001,0.5022,192.991,199.638,0.677628821
2024-06-18 17:41:05.945329,1997.7789750099182,1,155.61583839893095,-1.7978055717570778,-166.88030114130632,1.6288774933111971,121.5315620180642,-1.451026096697946,0.4985,0.5022,192.99,199.637,0.677622562
2024-06-18 17:41:06.952110,1998.7857556343079,1,155.48603366341422,-2.024055056733665,-166.91083344593793,1.5834878720218344,121.62011952135047,-1.3763186876661448,0.4996,0.5021,192.99,199.638,0.677621406
2024-06-18 17:41:07.953404,1999.7870500087738,1,155.6235302292808,-1.8932608709757177,-166.85351004016468,1.6302944940691588,121.59523400681606,-1.4629675335588794,0.4996,0.5022,192.99,199.637,0.677585419
2024-06-18 17:41:08.958738,2000.792384147644,1,155.45783389521486,-1.8478689924389244,-166.9919666923802,1.5602825203431079,121.4734060757348,-1.4728591667876523,0.4996,0.5022,192.99,199.637,0.677589433
2024-06-18 17:41:09.960122,2001.79376745224,1,155.5829267350504,-1.9040331741280279,-166.74990225868842,1.6431474011469709,121.57681741509438,-1.4593699065290486,0.4996,0.5021,192.99,199.637,0.677603106
2024-06-18 17:41:10.965419,2002.799064397812,1,155.56215466464843,-1.7827189555605274,-166.8639066587966,1.6181202554800544,121.55362672828963,-1.529020035746954,0.5007,0.5021,192.991,199.637,0.67760848
2024-06-18 17:41:11.966786,2003.8004319667816,1,155.55899695593482,-1.8945016272873076,-166.81628962928116,1.615228677312854,121.61987851413834,-1.5252711141388982,0.5001,0.5022,192.992,199.636,0.677625828
2024-06-18 17:41:12.970130,2004.8037750720978,1,155.66431538705208,-1.9850147951841104,-166.86150510530328,1.5334831384384515,121.71754105129094,-1.4401470167519497,0.4996,0.5022,192.989,199.637,0.677699298
2024-06-18 17:41:13.975528,2005.8091735839844,1,155.75032281485827,-1.9577190666941284,-166.78717381702046,1.6574110160116275,121.60668944630486,-1.4615786609960701,0.5007,0.5022,192.99,199.638,0.677655964
2024-06-18 17:41:14.977898,2006.8115437030792,1,155.67307424058995,-1.9187570109583112,-166.83364302985854,1.5857573944465917,121.61661602863354,-1.4686204959861133,0.5001,0.5021,192.99,199.639,0.677592492
2024-06-18 17:41:15.980188,2007.81383395195,1,155.4713580981783,-2.063401202590944,-166.89459585297385,1.513410395664491,121.51503938753125,-1.4820131712030675,0.5001,0.5021,192.99,199.637,0.677607322
2024-06-18 17:41:16.981572,2008.8152177333832,1,155.51566193520952,-2.006426033810766,-166.91168621067789,1.4996036564024455,121.56216643348115,-1.5514263534746269,0.4991,0.5022,192.991,199.637,0.677571199
2024-06-18 17:41:17.984861,2009.8185064792633,1,155.5582713824465,-1.9310647858341203,-166.79093857942226,1.6473623265549595,121.61904752765444,-1.4760636006111747,0.4991,0.5021,192.99,199.636,0.677648003
2024-06-18 17:41:18.989325,2010.8229706287384,1,155.54412467075437,-1.9384325372745685,-166.8584444929132,1.6492959790288668,121.63171376147373,-1.410024060299502,0.5001,0.5021,192.99,199.636,0.677514735
2024-06-18 17:41:19.990668,2011.824313879013,1,155.39623286226623,-1.7965184430729397,-166.98486003748215,1.619566006487685,121.4733062448952,-1.4743155628849474,0.4996,0.5021,192.991,199.636,0.677578954
2024-06-18 17:41:20.994961,2012.8286066055298,1,155.32423450145802,-1.5963111424425098,-167.05381715760095,1.6832451297728634,121.41049746923072,-1.4089395135729523,0.5001,0.5022,192.99,199.637,0.677576301
2024-06-18 17:41:21.997299,2013.8309450149536,1,155.37765069287906,-1.8058915789470122,-167.00136095916082,1.6168773973482868,121.46259379052495,-1.4901770028942214,0.5001,0.5021,192.99,199.637,0.677579226
2024-06-18 17:41:23.000628,2014.8342733383179,1,155.34114699953454,-2.104032399358106,-166.89290647291853,1.5003973724907629,121.51828218660283,-1.4862859936871335,0.4991,0.5022,192.989,199.637,0.677576981
2024-06-18 17:41:24.002955,2015.8366005420685,1,155.55518116427518,-1.9412509159346372,-166.85943517808533,1.5788258848392756,121.63245047299061,-1.4334075281525633,0.4991,0.5021,192.99,199.638,0.677599567
2024-06-18 17:41:25.010261,2016.8439071178436,1,155.49630925208987,-2.0501454536144976,-166.88330713841052,1.6048356468384541,121.61991671297814,-1.3747281775975786,0.5001,0.5022,192.99,199.636,0.677616778
2024-06-18 17:41:26.014548,2017.8481936454773,1,155.47127706564788,-1.9656748350440933,-166.9116846557757,1.6299506847265983,121.65640203774232,-1.3789452035064411,0.4985,0.5022,192.989,199.637,0.677540992
2024-06-18 17:41:27.016892,2018.8505373001099,1,155.5697183516133,-2.172761295221084,-166.86963774394218,1.615687038617785,121.56900082144851,-1.4160595473948796,0.4996,0.5021,192.99,199.637,0.677636368
2024-06-18 17:41:28.021182,2019.854828119278,1,155.5867678993884,-1.8060955892379233,-166.84752332658212,1.6175038315422023,121.5676585327209,-1.5120261643410522,0.4991,0.5022,192.989,199.637,0.677676369
2024-06-18 17:41:29.023530,2020.8571755886078,1,155.58092823305992,-1.971937648072661,-166.74467001646303,1.717300143413339,121.553672862874,-1.4479933526090514,0.4996,0.5021,192.989,199.637,0.677578748
2024-06-18 17:41:30.027817,2021.86146235466,1,155.61071736658758,-2.150586831475734,-166.84406622332048,1.618119205370379,121.5502297272873,-1.502777594122506,0.4996,0.5022,192.99,199.637,0.677538747
2024-06-18 17:41:31.028270,2022.8619151115417,1,155.44432577812762,-1.8632250654951765,-166.91469059977877,1.5739813757889323,121.57620145671137,-1.5765752493723912,0.5001,0.5021,192.991,199.636,0.677630314
2024-06-18 17:41:32.031597,2023.8652427196503,1,155.52777087810426,-2.164093030077242,-166.90453523552858,1.624165726013221,121.52731172560925,-1.525488803677267,0.5001,0.5022,192.99,199.636,0.67761596
2024-06-18 17:41:33.032893,2024.866538286209,1,155.56950418324791,-1.989285194329782,-166.74928060248428,1.724378911434663,121.55502564495946,-1.4620290847413837,0.4985,0.5021,192.989,199.637,0.67755834
2024-06-18 17:41:34.036236,2025.8698818683624,1,155.5273843790512,-2.1898394866050648,-166.86921579411384,1.6304350674808454,121.54627304943877,-1.5099455706924898,0.5007,0.5022,192.989,199.637,0.677561673
2024-06-18 17:41:35.041540,2026.875185251236,1,155.62230896843096,-2.051402343115255,-166.84335460689235,1.6105279695439367,121.5782150753979,-1.4703839308896633,0.5007,0.5022,192.989,199.637,0.677546501
2024-06-18 17:41:36.045836,2027.8794815540314,1,155.58702975628577,-2.02015417040998,-166.8440926432934,1.6376459060544388,121.60491160479712,-1.4681255718076105,0.5001,0.5021,192.99,199.637,0.677524051
2024-06-18 17:41:37.049153,2028.882798910141,1,155.5885430923719,-1.9683701845354702,-166.85288762966542,1.5689740077426524,121.63984538791378,-1.4922898614705022,0.5001,0.5021,192.99,199.638,0.677487996
2024-06-18 17:41:38.051473,2029.8851187229156,1,155.44050980313125,-2.150788052033314,-166.9041166357487,1.505856368113437,121.52010724795001,-1.5032735590625423,0.5001,0.5022,192.99,199.637,0.677543031
2024-06-18 17:41:39.060775,2030.8944208621979,1,155.44614742773052,-2.0246870414969615,-166.8897336910548,1.7535254777130052,121.49879985257343,-1.5177976769169856,0.4991,0.5022,192.989,199.637,0.677547997
2024-06-18 17:41:40.058133,2031.8917787075043,1,155.45780371909558,-1.838080565505073,-166.90248210371695,1.6144862469440118,121.54927546082608,-1.5566462399011751,0.5001,0.5022,192.989,199.637,0.6775348
2024-06-18 17:41:41.063418,2032.8970634937286,1,155.54439770085455,-2.043601585961543,-166.7861840620096,1.615612424467488,121.61984456236341,-1.5075213968686356,0.5001,0.5021,192.99,199.636,0.677510378
2024-06-18 17:41:42.064741,2033.8983862400055,1,155.5657474836006,-2.0730914877105944,-166.79545040186295,1.6145124376662237,121.65357764274589,-1.4596106214766018,0.5001,0.5022,192.989,199.636,0.677535548
2024-06-18 17:41:43.067096,2034.9007415771484,1,155.59034490316108,-1.9329169806839808,-166.7561771804377,1.7267129107138506,121.58814054714948,-1.4303280603260629,0.4996,0.5021,192.989,199.637,0.677685959
2024-06-18 17:41:44.068419,2035.9020640850067,1,155.49474431266742,-1.964407868604906,-166.87437181240608,1.705268324071044,121.62406437214206,-1.5341292686643317,0.4996,0.5021,192.99,199.636,0.677579154
2024-06-18 17:41:45.072734,2036.9063789844513,1,155.5082471268824,-1.8337523717333382,-166.87301716841802,1.6724357841175206,121.56034062731266,-1.4223133223159754,0.5007,0.5022,192.989,199.636,0.677625686
2024-06-18 17:41:46.074148,2037.9077932834625,1,155.69583193737654,-2.085972598657647,-166.81176968512352,1.5898897399785636,121.56817568939128,-1.4490376548319168,0.5001,0.5022,192.99,199.636,0.677629087
2024-06-18 17:41:47.078482,2038.9121277332306,1,155.69937974186251,-2.118024442489808,-166.79612530889094,1.6160922953440011,121.57407640473072,-1.4874867862027168,0.5001,0.5022,192.99,199.637,0.677561875
2024-06-18 17:41:48.080808,2039.9144532680511,1,155.6571614509564,-2.119252805807725,-166.78945885547617,1.5759817578066042,121.57926035353078,-1.4661941757002441,0.5007,0.5022,192.989,199.637,0.677572079
2024-06-18 17:41:49.085094,2040.9187400341034,1,155.60372004324822,-1.8870979423852718,-166.81806045438532,1.6203453875060159,121.58085524917482,-1.4629958798580454,0.4996,0.5021,192.988,199.637,0.677585957
2024-06-18 17:41:50.090456,2041.9241018295288,1,155.53844382917984,-1.8860478093262245,-166.8433461661956,1.628619450776704,121.57980967801808,-1.454534533005541,0.4996,0.5021,192.987,199.637,0.677552419
2024-06-18 17:41:51.093754,2042.9273991584778,1,155.5121674651628,-1.9741269078696893,-166.84334201894916,1.469847828217338,121.54804721113416,-1.4053786025709034,0.4991,0.5021,192.988,199.637,0.677565685
2024-06-18 17:41:52.096113,2043.9297585487366,1,155.55985455097004,-1.950336291408774,-166.85529998867204,1.5370129443349991,121.61806888175005,-1.4150959523920836,0.5001,0.5021,192.989,199.636,0.677530242
2024-06-18 17:41:53.101419,2044.935064792633,1,155.3738332523471,-2.047904268075017,-166.95268393436947,1.5251641982835136,121.49133005401346,-1.5302272231574785,0.4996,0.5022,192.989,199.636,0.677542419
2024-06-18 17:41:54.104770,2045.938416004181,1,155.50234783416272,-1.8536461109191318,-166.85645312771246,1.6107584670027637,121.54674048362673,-1.5068678620864593,0.4996,0.5022,192.988,199.637,0.677513099
2024-06-18 17:41:55.105097,2046.9387426376343,1,155.59469251151805,-1.8324381118907607,-166.8331759528648,1.6122795199719244,121.56666626071733,-1.4647587935673008,0.4996,0.5021,192.989,199.636,0.677597386
2024-06-18 17:41:56.112401,2047.9460468292236,1,155.33493399223536,-2.0094090157548927,-166.97918210085447,1.5490754677357088,121.4903141283697,-1.5136806651255603,0.5007,0.5021,192.988,199.637,0.677592964
2024-06-18 17:41:57.112748,2048.946393966675,1,155.4744031459407,-2.091721314866121,-166.89549412404202,1.6635370969296943,121.55083657926303,-1.5387046495377428,0.4996,0.5022,192.988,199.637,0.67765936
2024-06-18 17:41:58.115048,2049.9486932754517,1,155.4572964404228,-2.0881251647012506,-166.89196236615524,1.5317173467627274,121.52324487036873,-1.507689445394613,0.5001,0.5022,192.989,199.636,0.677608679
2024-06-18 17:41:59.116386,2050.9500319957733,1,155.5141136618015,-1.9059478334640956,-166.81674237481062,1.5657148937456742,121.57014965643124,-1.4602596585311036,0.4996,0.5022,192.989,199.636,0.677637523
2024-06-18 17:42:00.120707,2051.9543528556824,1,155.43192470367916,-1.9740180880422393,-166.91452039617363,1.65821778496772,121.63389515362113,-1.364142696112651,0.5007,0.5022,192.989,199.636,0.677631808
2024-06-18 17:42:01.121040,2052.9546854496,1,155.31636511694538,-2.0302005406655095,-166.99607519635217,1.594786992513568,121.47342570121462,-1.3804728904179846,0.5001,0.5022,192.989,199.637,0.677597864
2024-06-18 17:42:02.126355,2053.9600007534027,1,155.34481933007936,-2.0399545209416146,-166.8881980477427,1.6808552133533057,121.54110207223657,-1.5299086152975587,0.4996,0.5021,192.989,199.636,0.677609293
2024-06-18 17:42:03.128676,2054.9623215198517,1,155.44418570516422,-1.9690732402604334,-166.86299849548627,1.6461717068273216,121.65842261584808,-1.4663989009654763,0.4991,0.5022,192.989,199.637,0.677577932
2024-06-18 17:42:04.129997,2055.963642835617,1,155.6206243949016,-1.9863182542592748,-166.72730460794568,1.5185825886549296,121.58165109960373,-1.4894432768283477,0.4996,0.5022,192.988,199.638,0.677573306
2024-06-18 17:42:05.135311,2056.9689564704895,1,155.5596899631291,-2.059398689212524,-166.75219792115064,1.6087593571250722,121.59392150715372,-1.4927216231612561,0.5001,0.5022,192.989,199.637,0.677593499
2024-06-18 17:42:06.138660,2057.9723052978516,1,155.52884714010023,-1.8730431839740185,-166.84263999694602,1.617518924538743,121.64674225975337,-1.5279563461119796,0.5001,0.5021,192.988,199.637,0.67765991
2024-06-18 17:42:07.139949,2058.9735944271088,1,155.5430329240198,-1.922574892505246,-166.786283922059,1.520519095398191,121.569607739463,-1.4958498921571302,0.5001,0.5021,192.988,199.636,0.677606848
2024-06-18 17:42:08.142270,2059.9759159088135,1,155.5716330114678,-1.9433527647427018,-166.8201656749644,1.5235162311773447,121.59624357560034,-1.425567329264301,0.4991,0.5021,192.988,199.635,0.677643787
2024-06-18 17:42:09.142623,2060.976268529892,1,155.45856620995966,-1.9118019953865273,-166.84433531629537,1.4452279505578431,121.52263550215673,-1.4542642821091438,0.4991,0.5022,192.989,199.637,0.677565555
2024-06-18 17:42:10.146925,2061.9805703163147,1,155.7183884885977,-2.0059047827198637,-166.77647903527867,1.5960489081722204,121.55828947724784,-1.4660159219876976,0.5001,0.5022,192.988,199.636,0.677613447
2024-06-18 17:42:11.147279,2062.9809246063232,1,155.48327689045678,-2.003918534871392,-166.82692174340391,1.759163991077817,121.53110515634371,-1.4546674871798455,0.5001,0.5022,192.988,199.637,0.677643855
2024-06-18 17:42:12.152563,2063.986209154129,1,155.4904493380356,-1.921300433312516,-166.84915611635304,1.6325217635372267,121.65494891073692,-1.4913353868906385,0.4996,0.5021,192.988,199.637,0.677603925
2024-06-18 17:42:13.152924,2064.9865691661835,1,155.55921199688788,-1.9708510167169944,-166.83155093164532,1.6924814430253199,121.61027762661556,-1.5039742556757212,0.4996,0.5022,192.989,199.636,0.677580251
2024-06-18 17:42:14.157239,2065.990884065628,1,155.55824603678582,-1.9613261678790928,-166.8236464949791,1.700042884911466,121.60182258424105,-1.513572887046613,0.5001,0.5021,192.988,199.636,0.677577257
2024-06-18 17:42:15.161628,2066.995273590088,1,155.42345690104742,-1.7991398372401142,-166.90405610977572,1.6422417864000987,121.5089653313104,-1.5308292440783322,0.5001,0.5021,192.989,199.636,0.677617802
2024-06-18 17:42:16.167944,2068.0015897750854,1,155.52575744237913,-2.040255112242199,-166.77668159379013,1.6045380699308185,121.61572695917388,-1.5096793259278565,0.5001,0.5021,192.989,199.636,0.677571719
2024-06-18 17:42:17.166251,2068.9998965263367,1,155.48844356569316,-2.011808637522633,-166.8631150505005,1.647147626310392,121.63971579635052,-1.529576066937361,0.5001,0.5022,192.989,199.637,0.677643991
2024-06-18 17:42:18.173559,2070.0072050094604,1,155.52297551668258,-1.9266623432602679,-166.86335853419823,1.5701652663845715,121.65890157880833,-1.4865646741718201,0.5001,0.5022,192.987,199.637,0.677526438
2024-06-18 17:42:19.178869,2071.0125148296356,1,155.5132382708474,-2.0517496586969024,-166.77497342462755,1.615618962976537,121.62108809384834,-1.4934987990398751,0.5001,0.5021,192.988,199.636,0.677613719
2024-06-18 17:42:20.181219,2072.0148644447327,1,155.5187598469734,-1.9798227984097305,-166.8433172619251,1.515636982223365,121.61521187703192,-1.403566163165813,0.4991,0.5021,192.988,199.637,0.677538751
2024-06-18 17:42:21.183510,2073.0171551704407,1,155.6964956802817,-1.9192019295123803,-166.76809352384313,1.6331769624479522,121.57401975803413,-1.4646531536899827,0.4996,0.5021,192.989,199.636,0.677610317
2024-06-18 17:42:22.184831,2074.018477201462,1,155.46845287424418,-2.0351259708584655,-166.8351096183402,1.744156863714761,121.57130952148462,-1.5296548947956652,0.4996,0.5021,192.989,199.636,0.677539296
2024-06-18 17:42:23.188173,2075.021818637848,1,155.44096109934645,-1.9293254355892644,-166.83657289950506,1.6231179370396764,121.65479868954402,-1.4993515611147032,0.5001,0.5021,192.988,199.637,0.677586915
2024-06-18 17:42:24.189503,2076.023148536682,1,155.45632293368715,-1.992166063327031,-166.79966191508458,1.7720297025377896,121.52916931871805,-1.478096640220247,0.4991,0.5021,192.989,199.638,0.677592562
2024-06-18 17:42:25.189892,2077.023537158966,1,155.45955592099963,-1.870138429698934,-166.8654405661644,1.570032198162505,121.55434976058315,-1.4018844157379515,0.5001,0.5021,192.988,199.636,0.677602358
2024-06-18 17:42:26.194215,2078.0278601646423,1,155.47178502507663,-1.9274075551976513,-166.82744971022964,1.6177866360996234,121.62646456439019,-1.4213831112060789,0.4996,0.5021,192.987,199.636,0.677540384
2024-06-18 17:42:27.197533,2079.031177997589,1,155.53690040478517,-1.9348300647025,-166.7925582511326,1.5526184329565795,121.57970456763549,-1.4786669551867346,0.4991,0.5021,192.987,199.636,0.677581269
2024-06-18 17:42:28.201981,2080.035626888275,1,155.30924120486532,-1.8891829667437114,-166.96229575949604,1.6342903530387412,121.48762346132054,-1.5290767815343194,0.5001,0.5021,192.988,199.636,0.67761127
2024-06-18 17:42:29.206270,2081.0399158000946,1,155.57419702243965,-2.04092605115478,-166.83191363024252,1.6424447661737185,121.58510454161029,-1.4789732771291957,0.4996,0.5021,192.988,199.635,0.677573582
2024-06-18 17:42:30.207593,2082.0412385463715,1,155.59420531271755,-1.9609050343175123,-166.82346458858095,1.6237950611317782,121.5660504900622,-1.47452313911442,0.5001,0.5022,192.987,199.636,0.677536098
2024-06-18 17:42:31.210022,2083.043667078018,1,155.5668132360197,-2.0810322098737695,-166.71351829134116,1.5724674925328768,121.5981037784647,-1.4964319336723786,0.5001,0.5021,192.987,199.636,0.677558276
2024-06-18 17:42:32.213311,2084.0469567775726,1,155.48515947723206,-2.042029466278844,-166.8432312422419,1.6919887206009399,121.56070948907755,-1.527209543168819,0.5007,0.5021,192.989,199.637,0.677527053
2024-06-18 17:42:33.216635,2085.0502808094025,1,155.51663250993812,-2.027260826544725,-166.830942553076,1.587886139856033,121.56531642240458,-1.4798446248114985,0.4991,0.5022,192.989,199.636,0.677632564
2024-06-18 17:42:34.220943,2086.054588317871,1,155.4418616082295,-1.9793449927292437,-166.78828800402388,1.7534106493617052,121.55434903671154,-1.5191799836488877,0.5001,0.5021,192.989,199.636,0.677568006
2024-06-18 17:42:35.227321,2087.060966730118,1,155.34475586076871,-1.907157952718071,-166.92559252935334,1.703977405725326,121.49142545149608,-1.4401673062754095,0.5001,0.5021,192.989,199.636,0.677614197
2024-06-18 17:42:36.232656,2088.066301345825,1,155.45798896439243,-1.9332201267930798,-166.85945834910157,1.709777746960002,121.57317784400406,-1.3915276750525938,0.5007,0.5021,192.988,199.636,0.677551475
2024-06-18 17:42:37.235952,2089.0695974826813,1,155.5195182220455,-1.912494347659374,-166.75635384194246,1.5832534838864796,121.59532019004533,-1.4731231521216872,0.4996,0.5021,192.988,199.636,0.677585897
2024-06-18 17:42:38.241262,2090.074907541275,1,155.51471530381235,-1.9005525081272638,-166.74122480524449,1.5614151419436075,121.6016014482443,-1.4832408741456127,0.4991,0.5021,192.989,199.636,0.677579162
2024-06-18 17:42:39.242585,2091.0762305259705,1,155.73013984450228,-1.9953744248476029,-166.7337315639273,1.6100455670579126,121.57540519635089,-1.476389074700444,0.4991,0.5021,192.989,199.636,0.677583516
2024-06-18 17:42:40.244929,2092.0785744190216,1,155.54266346414886,-1.8997768967965358,-166.823002107707,1.5783762088426763,121.5670859847315,-1.4839377907045288,0.5001,0.5021,192.989,199.636,0.677514739
2024-06-18 17:42:41.250223,2093.0838685035706,1,155.52900707888858,-1.9042859990246566,-166.75135836737056,1.586321317907246,121.61629798269301,-1.4816039611993697,0.4996,0.5022,192.989,199.636,0.677553107
2024-06-18 17:42:42.250548,2094.0841929912567,1,155.2713067600348,-2.0492851957670983,-166.89591208213875,1.6328349527762427,121.58604798955056,-1.3636609994060045,0.4996,0.5022,192.989,199.637,0.677593516
2024-06-18 17:42:43.253912,2095.0875573158264,1,155.5457250410982,-1.8728690732510018,-166.77739269308418,1.6349288127107287,121.57334005807508,-1.4745186158215997,0.4991,0.5021,192.988,199.636,0.67753508
2024-06-18 17:42:44.257253,2096.090898990631,1,155.6540850152418,-1.8562167393634628,-166.73721476289322,1.6619745827536536,121.57687830676288,-1.4710831323042335,0.4996,0.5022,192.989,199.637,0.677542495
2024-06-18 17:42:45.256628,2097.090273618698,1,155.72058257467802,-2.1785513219535058,-166.82106954456063,1.6273538270294556,121.57203362161708,-1.4644314020009888,0.5001,0.5021,192.989,199.637,0.677545146
2024-06-18 17:42:46.260943,2098.0945887565613,1,155.50267971851005,-1.918785700498939,-166.8230900153131,1.6102753617843852,121.64966067399268,-1.4914354108242045,0.5001,0.5021,192.989,199.635,0.677587868
2024-06-18 17:42:47.265494,2099.099139690399,1,155.67136669666866,-2.051485974474233,-166.7883972170718,1.5876193924659918,121.58730031745165,-1.4698417088812825,0.5007,0.5022,192.99,199.634,0.677538411
2024-06-18 17:42:48.268838,2100.102483034134,1,155.4255488645268,-1.8803651026328139,-166.88279032043064,1.6097436483593606,121.60140068572014,-1.5536100122149796,0.5001,0.5021,192.989,199.635,0.677503581
2024-06-18 17:42:49.270134,2101.1037793159485,1,155.5677102466275,-2.046476885926153,-166.79428581434183,1.5811917873620234,121.57601874205105,-1.5079621898521358,0.4996,0.5022,192.988,199.637,0.677541881
2024-06-18 17:42:50.273485,2102.107130765915,1,155.55821752283984,-2.121335838719523,-166.8140765377042,1.6061524299713075,121.55303925807704,-1.4654828630246706,0.5007,0.5021,192.988,199.636,0.677525146
2024-06-18 17:42:51.277764,2103.111409187317,1,155.54898103988168,-2.082555073890944,-166.777857042502,1.5849388553136856,121.58152750434785,-1.5109496934791729,0.5007,0.5022,192.987,199.636,0.677553718
2024-06-18 17:42:52.280103,2104.1137487888336,1,155.57089712280197,-2.119820281991758,-166.80086927992375,1.6136955336160863,121.56503892252697,-1.4389106921833348,0.5001,0.5021,192.989,199.635,0.677499295
2024-06-18 17:42:53.280469,2105.114114522934,1,155.49378769629402,-2.0159979647287956,-166.63815989312775,1.6433361708492444,121.58192657003445,-1.4582378015922317,0.4996,0.5021,192.989,199.635,0.677556915
2024-06-18 17:42:54.283772,2106.117417573929,1,155.40823996280483,-2.0861325621112092,-166.84986599297108,1.6318787293362633,121.56891787896636,-1.3858398609640858,0.5001,0.5021,192.989,199.636,0.677462832
2024-06-18 17:42:55.286711,2107.120356321335,1,155.40493064493216,-2.102525813825151,-166.87876167163515,1.636175028674519,121.5849340515384,-1.3759054152666506,0.5001,0.5021,192.99,199.635,0.677504397
2024-06-18 17:42:56.289007,2108.12265253067,1,155.53990424383878,-1.9349223345368,-166.83086979767873,1.603758533503676,121.59695484186054,-1.4492180192319217,0.4996,0.5021,192.99,199.636,0.677556235
2024-06-18 17:42:57.292326,2109.1259710788727,1,155.42076192247384,-1.6729191804670032,-166.91557256934323,1.7797372769068507,121.4719022010528,-1.5107381763272112,0.4996,0.5021,192.989,199.636,0.677576235
2024-06-18 17:42:58.294707,2110.1283531188965,1,155.4486269871373,-1.880023947150941,-166.82833578922754,1.621620555595454,121.65161716046974,-1.4680804276403694,0.4996,0.5021,192.99,199.636,0.677609705
2024-06-18 17:42:59.296029,2111.1296741962433,1,155.60174677581972,-2.0539989572163244,-166.71268147704112,1.587944328109813,121.57967829764247,-1.4786142675636968,0.5007,0.5021,192.991,199.636,0.677584943
2024-06-18 17:43:00.297352,2112.1309978961945,1,155.4289943344481,-1.8875298256382973,-166.8570149957112,1.678515064167373,121.53116178051064,-1.4990647213093948,0.5001,0.5021,192.991,199.635,0.677573174
2024-06-18 17:43:01.298676,2113.1323211193085,1,155.4919577593753,-1.823177897762128,-166.83435687138441,1.6921571514581724,121.5390099172903,-1.4930459348970238,0.4991,0.5021,192.99,199.635,0.677592562
2024-06-18 17:43:02.302025,2114.1356704235077,1,155.47814354590517,-1.9817278955906295,-166.81999961583557,1.6051723657272572,121.62296287170703,-1.5090055397211355,0.4991,0.5021,192.99,199.637,0.677570861
2024-06-18 17:43:03.308219,2115.141864299774,1,155.43869642800135,-1.965484625053698,-166.80571485442726,1.4528510012648752,121.52852382931164,-1.4181142526237185,0.5007,0.5022,192.99,199.636,0.677574126
2024-06-18 17:43:04.313551,2116.147197008133,1,155.37690881907776,-1.9581749735901648,-166.89125249351898,1.598067289706958,121.61848609648823,-1.5670488017923279,0.5001,0.5022,192.991,199.634,0.677579432
2024-06-18 17:43:05.317703,2117.1513488292694,1,155.48621195291682,-1.870545726088744,-166.80598457390803,1.6743116160238924,121.57002405018322,-1.4764624574799365,0.5001,0.5022,192.992,199.635,0.677508205
2024-06-18 17:43:06.323984,2118.1576294898987,1,155.5461300838045,-1.9607640448391594,-166.81544156987312,1.672179392807411,121.62519161591011,-1.4987955871973693,0.4996,0.5022,192.991,199.635,0.67759222
2024-06-18 17:43:07.325329,2119.1589744091034,1,155.5987691615032,-2.098908847049639,-166.79951822627095,1.5870163721997756,121.5768171021334,-1.4739225942932352,0.4996,0.5022,192.991,199.636,0.677513511
2024-06-18 17:43:08.330618,2120.1642637252808,1,155.61784301645542,-2.019951356500849,-166.80995135662928,1.6882353334220659,121.60198027452782,-1.4992345886719654,0.5007,0.5022,192.991,199.636,0.677570723
2024-06-18 17:43:09.333936,2121.167581319809,1,155.44555390369445,-1.8240812106609299,-166.86149053964968,1.62882070815361,121.54704637647943,-1.4084103374400008,0.4996,0.5022,192.991,199.635,0.677505482
2024-06-18 17:43:10.338251,2122.1718966960907,1,155.45682928217482,-1.8461494861123355,-166.8183619814371,1.6253221205284059,121.60402038056961,-1.403076120656441,0.4991,0.5021,192.991,199.634,0.677517319
2024-06-18 17:43:11.340592,2123.1742374897003,1,155.4278517651733,-1.7992159492223805,-166.8797869606594,1.589819739189022,121.51024030147603,-1.406032586217472,0.5001,0.5022,192.991,199.634,0.677627764
2024-06-18 17:43:12.344905,2124.178550720215,1,155.35817137109632,-1.93943501341307,-166.87582386264165,1.597273125181983,121.62727514420695,-1.3863873082762703,0.4996,0.5021,192.991,199.634,0.677520994
2024-06-18 17:43:13.348275,2125.1819202899933,1,155.5131863810213,-1.9319304520301765,-166.72515285970243,1.516626382836932,121.5504738662895,-1.4883086011575695,0.4991,0.5021,192.991,199.635,0.677550042
2024-06-18 17:43:14.350613,2126.184258699417,1,155.48125735405563,-1.9753736171390244,-166.749206451135,1.4841414072294197,121.53760856079671,-1.4555497513941758,0.4991,0.5022,192.991,199.635,0.677514938
2024-06-18 17:43:15.354880,2127.18852519989,1,155.40482181542836,-1.9685316673423867,-166.87538341339953,1.7216905054330458,121.56008475288417,-1.3665744943550933,0.4996,0.5021,192.992,199.635,0.677516434
2024-06-18 17:43:16.357201,2128.190846681595,1,155.30819618389873,-1.9596479195826426,-166.8218237030578,1.4547229472738714,121.5123579139948,-1.4890192820041743,0.5001,0.5021,192.991,199.636,0.677514325
2024-06-18 17:43:17.362539,2129.196184873581,1,155.49498613246215,-1.9454586307795623,-166.8437094432811,1.685454052359874,121.62081701357923,-1.4302435471095052,0.4996,0.5021,192.992,199.634,0.67751487
2024-06-18 17:43:18.367824,2130.2014689445496,1,155.49958233723893,-1.9370852010176556,-166.75236143107074,1.5784060206911767,121.61004272813605,-1.4838347773310328,0.5007,0.5022,192.992,199.635,0.677466842
2024-06-18 17:43:19.371141,2131.2047865390778,1,155.44395323334646,-1.9716223196665328,-166.8601174771785,1.526089536481236,121.59424620368836,-1.390324060608638,0.4996,0.5021,192.992,199.635,0.677581945
2024-06-18 17:43:20.375475,2132.209120988846,1,155.65231163205976,-2.0172816306440704,-166.7973312346894,1.6806925097797825,121.59920278109661,-1.493183124426668,0.5007,0.5022,192.993,199.635,0.677548748
2024-06-18 17:43:21.376856,2133.210501432419,1,155.47854453841668,-1.9907742980926104,-166.82036625902956,1.6095836617337274,121.59173761095603,-1.4930358846005696,0.5001,0.5021,192.992,199.636,0.677539496
2024-06-18 17:43:22.379173,2134.212818145752,1,155.50248334377773,-2.012296443927799,-166.71023638575033,1.569884015887597,121.6071835991528,-1.4842505565676838,0.4991,0.5022,192.992,199.636,0.677530652
2024-06-18 17:43:23.384526,2135.21817111969,1,155.47112272129266,-1.9737465846591904,-166.81613062929569,1.6958175647666938,121.56270885041693,-1.4249856110485897,0.4991,0.5021,192.992,199.637,0.677499835
2024-06-18 17:43:24.384877,2136.218522787094,1,155.4658479168677,-1.9538490870157992,-166.81556279486784,1.622468936206489,121.56076181512664,-1.4977231454424398,0.4985,0.5021,192.992,199.636,0.67755834
2024-06-18 17:43:25.387280,2137.220925092697,1,155.58265964707422,-1.915403708704729,-166.70390770884973,1.5541270177504225,121.5875790677353,-1.4673110643130356,0.4996,0.5021,192.991,199.635,0.677567726
2024-06-18 17:43:26.391566,2138.2252113819122,1,155.48564516436204,-2.069531947639498,-166.75530806088148,1.5885104706906064,121.60683150936333,-1.4183217356028315,0.4996,0.5021,192.991,199.635,0.677481057
2024-06-18 17:43:27.393886,2139.227531671524,1,155.43117893575143,-1.924253313857656,-166.8222258322819,1.6150133904518418,121.66336726248109,-1.4471765570864323,0.4991,0.5021,192.992,199.634,0.677509559
2024-06-18 17:43:28.395227,2140.22887301445,1,155.47313388298159,-1.8513555494284646,-166.8175327770351,1.6211230576053421,121.5680264316012,-1.4997800440294664,0.5001,0.5021,192.993,199.635,0.677461531
2024-06-18 17:43:29.399523,2141.2331686019897,1,155.47160880681074,-1.958066315484959,-166.79922393195818,1.5431240927139716,121.56758826943074,-1.452740203538189,0.5001,0.5022,192.992,199.636,0.677474187
2024-06-18 17:43:30.405852,2142.2394976615906,1,155.47938424959202,-1.9468341453405613,-166.7977290717712,1.5580398395044186,121.57072426750717,-1.4574260447976015,0.5001,0.5021,192.993,199.636,0.677457656
2024-06-18 17:43:31.405308,2143.2389533519745,1,155.5055008937738,-2.061762105865977,-166.80875913220618,1.6280389184932444,121.56393564415491,-1.4698996761469776,0.5007,0.5021,192.993,199.636,0.677478542
2024-06-18 17:43:32.409593,2144.243238210678,1,155.49157344855942,-2.1273922868030883,-166.7742555475251,1.5970133509714664,121.58504357470555,-1.4258906842113417,0.5007,0.5021,192.992,199.635,0.677449834
2024-06-18 17:43:33.412910,2145.2465550899506,1,155.35746777122856,-1.8188454521324726,-166.87141712956245,1.6045851257291983,121.64743037071834,-1.3112772912798811,0.4996,0.5022,192.993,199.634,0.677394868
2024-06-18 17:43:34.412238,2146.245883703232,1,155.6126609058702,-2.043262010306202,-166.76673854509644,1.667923365221988,121.57913130566797,-1.4505360832391294,0.5001,0.5022,192.993,199.635,0.677441807
2024-06-18 17:43:35.419565,2147.253210067749,1,155.46043974682226,-1.8390054125333113,-166.84696529481576,1.6989449623663166,121.5331462457906,-1.5019577511223114,0.5001,0.5021,192.993,199.635,0.677405888
2024-06-18 17:43:36.422884,2148.2565290927887,1,155.42925569110446,-1.9727490909594028,-166.8471716216429,1.610740456895504,121.63597925570802,-1.5005739999663459,0.4996,0.5021,192.994,199.635,0.677484867
2024-06-18 17:43:37.421266,2149.2549114227295,1,155.39474181006074,-1.8487283415817708,-166.87271972940843,1.697374428810455,121.54331090975882,-1.5294896815932966,0.4996,0.5021,192.995,199.635,0.677535752
2024-06-18 17:43:38.424555,2150.258200645447,1,155.4777277884379,-1.9581927500293526,-166.70827416694462,1.7438527361335998,121.54853079258696,-1.4731812265358926,0.5001,0.5021,192.994,199.635,0.677449832
2024-06-18 17:43:39.426874,2151.2605197429657,1,155.44794954024593,-1.988964616624523,-166.80706806897584,1.609403443822542,121.60635320170991,-1.4437823846707842,0.4991,0.5021,192.994,199.635,0.677490513
2024-06-18 17:43:40.428249,2152.2618947029114,1,155.55188815603915,-1.8447326132763526,-166.74583453476697,1.6283069849291874,121.5677852397107,-1.4867575862499145,0.4991,0.5021,192.994,199.634,0.677508269
2024-06-18 17:43:41.430569,2153.264214038849,1,155.53507099489428,-1.8463952968102069,-166.76119680056766,1.640361790282701,121.57474808219982,-1.493080646437378,0.5007,0.5021,192.995,199.635,0.67755065
2024-06-18 17:43:42.434893,2154.2685384750366,1,155.4729332370309,-2.0348709716640347,-166.76835557648602,1.6133059040819504,121.6083250310351,-1.4263920411390076,0.5001,0.5022,192.993,199.634,0.677529768
2024-06-18 17:43:43.437243,2155.270889043808,1,155.40730445584913,-1.92773693488286,-166.86524604631,1.611120501403248,121.64185054726757,-1.544805231889458,0.5001,0.5022,192.993,199.635,0.677504393
2024-06-18 17:43:44.438573,2156.2722187042236,1,155.49321796728213,-1.9944474005711248,-166.6823481648542,1.5986572880700627,121.57720015084406,-1.4739232550252672,0.4996,0.5021,192.995,199.634,0.677484121
2024-06-18 17:43:45.442888,2157.2765333652496,1,155.3845092830363,-1.834499554320669,-166.8688791653144,1.5770923945923518,121.52645633154248,-1.4030084087482637,0.4991,0.5021,192.995,199.634,0.677482692
2024-06-18 17:43:46.444210,2158.2778556346893,1,155.41340639519328,-1.9378243076788892,-166.83625050678808,1.6141045110279817,121.67388150210716,-1.4571643463200878,0.4991,0.5021,192.995,199.635,0.677474325
2024-06-18 17:43:47.447554,2159.2811999320984,1,155.4046312741389,-2.0362814604151382,-166.7502159564729,1.3514442755006202,121.50166056775092,-1.4373999162352031,0.4991,0.5021,192.995,199.635,0.677477454
2024-06-18 17:43:48.451863,2160.28550863266,1,155.45963166298586,-1.9166377187391976,-166.770656452906,1.5878833044507579,121.61968564908013,-1.44783261900667,0.5001,0.5021,192.995,199.636,0.677509359
2024-06-18 17:43:49.456156,2161.289801120758,1,155.41139562103027,-2.176418952732167,-166.88211382057608,1.6292541404311474,121.50413610165779,-1.408810884878571,0.4991,0.5021,192.994,199.635,0.677544122
2024-06-18 17:43:50.458476,2162.292121887207,1,155.4125364412209,-1.9119878828229613,-166.87665003627478,1.5905679483423667,121.60757635184814,-1.3676884517101235,0.4991,0.5021,192.994,199.636,0.677498271
2024-06-18 17:43:51.463816,2163.297461271286,1,155.48291882719218,-1.9256678440825172,-166.81259483759644,1.6367763753182218,121.55224106627152,-1.4710418448796183,0.4991,0.5021,192.995,199.634,0.677490449
2024-06-18 17:43:52.465144,2164.2987892627716,1,155.43331196426826,-2.112342918408273,-166.8402248656772,1.607513194901855,121.55632487905801,-1.536463740794945,0.5001,0.5021,192.994,199.636,0.67749283
2024-06-18 17:43:53.468460,2165.3021051883698,1,155.38362613147922,-2.0169412863065035,-166.86016657200577,1.601019271343145,121.64400290524101,-1.5369762409125278,0.5007,0.5021,192.995,199.636,0.677563104
2024-06-18 17:43:54.468808,2166.3024537563324,1,155.5272583313143,-1.9878908677232143,-166.81932557117383,1.6242721940385867,121.59910318610376,-1.4106586814553306,0.5007,0.5021,192.995,199.635,0.677576709
2024-06-18 17:43:55.471104,2167.3047502040863,1,155.4992486606619,-1.9366086428310898,-166.7345209934771,1.7147169512344345,121.58095608868817,-1.4607361993966073,0.5001,0.5021,192.995,199.634,0.67755875
2024-06-18 17:43:56.473459,2168.3071048259735,1,155.48510721289588,-1.9390172679409154,-166.80679681721983,1.6339744236477036,121.59128718526533,-1.4912633521667071,0.5001,0.5022,192.995,199.635,0.677497116
2024-06-18 17:43:57.475829,2169.30947470665,1,155.5385498871459,-1.9869194678238737,-166.6026523534604,1.6259211160423719,121.56897214924378,-1.4668621152362902,0.5007,0.5021,192.995,199.636,0.677398543
2024-06-18 17:43:58.478149,2170.311794281006,1,155.50746421582778,-1.972576932874164,-166.77880293522475,1.5885251120401311,121.58583550426076,-1.485077988326378,0.5001,0.5021,192.997,199.635,0.677507458
2024-06-18 17:43:59.481467,2171.31511259079,1,155.42130352366084,-2.105216602251803,-166.84662337090342,1.6367682832421282,121.52992590332099,-1.4131790780519815,0.5001,0.5021,192.996,199.635,0.677482764
2024-06-18 17:44:00.485755,2172.319400072098,1,155.48984704042903,-1.9581665547566514,-166.70376270318445,1.7070050014060232,121.5697249732826,-1.4678922374650958,0.4996,0.5021,192.997,199.634,0.677563516
2024-06-18 17:44:01.489514,2173.3231596946716,1,155.4700078497383,-1.8716693033590686,-166.77349353368234,1.6115623582746508,121.58623817560485,-1.4182955551417629,0.5001,0.5021,192.996,199.635,0.677525828
2024-06-18 17:44:02.492831,2174.3264770507812,1,155.5086388311782,-1.7951567387397303,-166.8558112305439,1.5961644990531016,121.51161546353747,-1.4943717517979318,0.5007,0.5021,192.996,199.635,0.677533719
2024-06-18 17:44:03.497128,2175.3307740688324,1,155.40142778156124,-2.0092810351978754,-166.8658935930559,1.5819216641277356,121.6362940411621,-1.3977894475701769,0.5001,0.5021,192.996,199.636,0.677508345
2024-06-18 17:44:04.500527,2176.334172487259,1,155.6134266215289,-1.8304902621353716,-166.76982068772227,1.5988877554737626,121.55016386912185,-1.4733530835900897,0.4996,0.5021,192.996,199.636,0.677464737
2024-06-18 17:44:05.500846,2177.334491968155,1,155.49881644525016,-1.937363453242904,-166.68440180786325,1.6972884969395021,121.56540143708548,-1.4667543465770727,0.5001,0.5021,192.995,199.635,0.677498547
2024-06-18 17:44:06.503167,2178.336812734604,1,155.28548708699668,-1.9479604493113645,-166.86987207670794,1.510721530557902,121.50350071650377,-1.5176462023551767,0.5001,0.5021,192.996,199.635,0.677523445
2024-06-18 17:44:07.504517,2179.33816242218,1,155.46053626140417,-1.8005448123252983,-166.82794055507637,1.608237950310771,121.52470502326182,-1.448932398985427,0.4991,0.5021,192.997,199.635,0.677563582
2024-06-18 17:44:08.508823,2180.3424689769745,1,155.46524841297511,-1.9695355942697097,-166.7904033670867,1.639576881735249,121.6221211028756,-1.478022036907555,0.4991,0.5021,192.997,199.636,0.677487254
2024-06-18 17:44:09.510148,2181.3437936306,1,155.34950733303424,-1.8633726324391742,-166.88395033789664,1.5233769581766876,121.4936774497936,-1.503769885874795,0.4996,0.5021,192.996,199.634,0.677452764
2024-06-18 17:44:10.513444,2182.3470895290375,1,155.42113391145816,-1.9751744275901406,-166.8658798851707,1.6000766651823468,121.66548839469888,-1.4344202849755516,0.4996,0.5021,192.997,199.634,0.6775495
2024-06-18 17:44:11.516820,2183.350465774536,1,155.46497217930616,-1.956102588610204,-166.80475096776374,1.6127979693760512,121.62460029214071,-1.4460132336697742,0.4996,0.5021,192.997,199.635,0.677481608
2024-06-18 17:44:12.520138,2184.3537833690643,1,155.42053618262614,-1.8708631732845205,-166.8169948903294,1.697966181300979,121.54037688189176,-1.4985244417112786,0.5001,0.5021,192.997,199.636,0.677503309
2024-06-18 17:44:13.524452,2185.3580977916718,1,155.48020813670894,-2.1561003979663016,-166.82219389664345,1.6257701267183295,121.52434088159471,-1.427224210944083,0.4996,0.5021,192.996,199.636,0.677464465
2024-06-18 17:44:14.528768,2186.362413406372,1,155.5226011526944,-1.9698098045119914,-166.8198319148632,1.6725656790860584,121.61139824269318,-1.4191003126554662,0.4996,0.5022,192.996,199.635,0.677465485
2024-06-18 17:44:15.533101,2187.366746902466,1,155.60057262827536,-2.0012881538521192,-166.7669203553602,1.654937442144145,121.59196181863751,-1.4540954949883071,0.5001,0.5022,192.996,199.635,0.677480315
2024-06-18 17:44:16.534463,2188.368108510971,1,155.53403390839648,-2.034858224738781,-166.69471149427045,1.597905270428838,121.56993227234128,-1.453932948430774,0.4996,0.5021,192.997,199.635,0.677460859
2024-06-18 17:44:17.535848,2189.36949300766,1,155.45569057389068,-1.975216079041186,-166.75098198863668,1.5417235931794173,121.5948136614435,-1.4576619015699057,0.5007,0.5022,192.997,199.635,0.677532969
2024-06-18 17:44:18.537183,2190.37082862854,1,155.58001395933982,-2.0715489714385455,-166.69184733470834,1.6329348849078162,121.56941530849237,-1.460365663001972,0.5007,0.5021,192.997,199.636,0.677468206
2024-06-18 17:44:19.541591,2191.3752365112305,1,155.49667818250342,-1.9355968028500388,-166.79057794969643,1.6962123414088959,121.61141821850704,-1.4312848856654663,0.4996,0.5021,192.998,199.636,0.677477934
2024-06-18 17:44:20.545879,2192.379524707794,1,155.52490312664997,-1.819787321706387,-166.7814898784584,1.6055949322763008,121.57416594377135,-1.4508525334799374,0.5001,0.5022,192.998,199.634,0.677459975
2024-06-18 17:44:21.548224,2193.3818695545197,1,155.3996904533664,-2.046826473214083,-166.83119916475874,1.5158303798847779,121.54186032625876,-1.4138039898031558,0.4996,0.5021,192.997,199.635,0.677494125
2024-06-18 17:44:22.549547,2194.3831927776337,1,155.51962048708126,-1.754301270262939,-166.80162996217075,1.5971440136721538,121.54574854237569,-1.441934801316467,0.5001,0.5022,192.997,199.635,0.677501336
2024-06-18 17:44:23.554856,2195.387480735779,1,155.51375431542917,-1.9827100976563194,-166.76330926998526,1.5381891165864179,121.5629852402697,-1.4674607743430141,0.4996,0.5021,192.997,199.635,0.677526506
2024-06-18 17:44:24.558148,2196.3917939662933,1,155.53405506297509,-1.9451961235380746,-166.6118508945832,1.618067238858333,121.55863370154034,-1.4553459126356063,0.5007,0.5021,192.997,199.635,0.677517186
2024-06-18 17:44:25.561466,2197.3951115608215,1,155.35068200541073,-1.941077134579798,-166.8677696152645,1.6163532611703881,121.76331105049356,-1.4050095409574495,0.5001,0.5022,192.996,199.635,0.677469635
2024-06-18 17:44:26.564785,2198.3984303474426,1,155.33246369731967,-2.001507584514324,-166.88643206246408,1.6266546433227764,121.58168169291305,-1.5547350036747145,0.5001,0.5021,192.997,199.635,0.677496642
2024-06-18 17:44:27.567129,2199.400774717331,1,155.57079810460462,-2.0742602063415805,-166.71142427184938,1.614356218112652,121.5702476373874,-1.4509768023478198,0.4991,0.5021,192.998,199.635,0.677516778
2024-06-18 17:44:28.571419,2200.4050645828247,1,155.39706349900916,-1.9494805683689203,-166.82947119433032,1.6061784133936852,121.67225396324919,-1.440515905128162,0.4985,0.5021,192.998,199.635,0.677492764
2024-06-18 17:44:29.575733,2201.409378528595,1,155.62666523426924,-1.9263548066025378,-166.7188076620083,1.6826039915987494,121.5786792311719,-1.4769472202978193,0.5007,0.5021,192.998,199.635,0.67752637
2024-06-18 17:44:30.578054,2202.4116995334625,1,155.59966265439542,-1.855177067769718,-166.69815102691237,1.6035509779862627,121.56019368148412,-1.465454330621911,0.4996,0.5021,192.998,199.635,0.677480859
2024-06-18 17:44:31.582801,2203.4164469242096,1,155.44442199257992,-2.1695610791125985,-166.84794488208792,1.619699003961014,121.50601067232013,-1.433377960882617,0.4991,0.5021,192.999,199.635,0.677522287
2024-06-18 17:44:32.584191,2204.4178364276886,1,155.64249517145834,-2.1404021624962883,-166.63462877764218,1.5927527301082864,121.56885867526177,-1.4305070761446776,0.4996,0.5021,192.999,199.635,0.677513375
2024-06-18 17:44:33.588505,2205.422150373459,1,155.50086939123258,-2.0426298907686,-166.76272972143062,1.6485214168710502,121.5661399362169,-1.5040228347269908,0.4991,0.5021,192.999,199.634,0.67753596
2024-06-18 17:44:34.591840,2206.425485610962,1,155.35687353301978,-1.9308463193867185,-166.8514464165303,1.4896582071298747,121.51875347131374,-1.5474434598028235,0.4996,0.5021,192.999,199.635,0.677477116
2024-06-18 17:44:35.593210,2207.4268555641174,1,155.50830386736814,-2.0774329531896436,-166.72347257734046,1.5744284770965071,121.56800279209719,-1.448569707748478,0.4996,0.5021,192.999,199.635,0.677441197
2024-06-18 17:44:36.596499,2208.4301447868347,1,155.49180624376976,-1.8957581071262612,-166.7658962751785,1.577080203524555,121.5733021994891,-1.4394228822734159,0.5001,0.5021,192.997,199.636,0.677541198
2024-06-18 17:44:37.601812,2209.4354572296143,1,155.537646214794,-1.8461697009046616,-166.71018752856568,1.626728237864208,121.567178519425,-1.4862561983546894,0.5007,0.5021,192.998,199.635,0.677548886
2024-06-18 17:44:38.606127,2210.439773082733,1,155.5832374541495,-1.830012086149992,-166.7686945983779,1.582780316199694,121.55009645178632,-1.4646090554460132,0.4996,0.5021,192.999,199.635,0.67750664
2024-06-18 17:44:39.610441,2211.444086790085,1,155.58756560652574,-1.96281214548301,-166.70999106328767,1.6625667815761398,121.56662198284248,-1.474233468508638,0.5001,0.5021,192.999,199.635,0.677519934
2024-06-18 17:44:40.611763,2212.4454085826874,1,155.2963335260914,-2.0155806215508534,-166.8797705279716,1.5200617980887186,121.52941358479224,-1.3689497379204048,0.5007,0.5021,192.999,199.635,0.677588276
2024-06-18 17:44:41.622062,2213.455707550049,1,155.34404393826642,-1.986614147958021,-166.85985824272066,1.5997044921442216,121.63070285549098,-1.5148944139250142,0.5001,0.5021,193.001,199.634,0.67753018
2024-06-18 17:44:42.629376,2214.4630212783813,1,155.5462018117782,-2.171520010338592,-166.79282286092118,1.61686966119657,121.53698090224547,-1.4689577653495403,0.5001,0.5021,193.0,199.634,0.677572902
2024-06-18 17:44:43.626795,2215.4604408740997,1,155.57336132506768,-1.8859173227874808,-166.7579092401978,1.5745002786200304,121.57437771971352,-1.4709847353970895,0.5007,0.5021,193.0,199.634,0.677560589
2024-06-18 17:44:44.622156,2216.4558012485504,1,155.40065411319014,-2.105251517913601,-166.85483304966147,1.6264852282149167,121.56604912378711,-1.5546446456625997,0.4991,0.5021,193.0,199.634,0.677566575
2024-06-18 17:44:45.623457,2217.4571022987366,1,155.420661499209,-1.9049674198274062,-166.8256233175527,1.6677233270783747,121.63456011940129,-1.4250903954481688,0.4991,0.5021,192.999,199.634,0.677569908
2024-06-18 17:44:46.626772,2218.4604177474976,1,155.3866909168838,-1.9815295643129962,-166.83701982814122,1.6334306030656094,121.67616726643926,-1.490471821836291,0.4996,0.5021,192.999,199.635,0.677508887
2024-06-18 17:44:47.628095,2219.4617400169373,1,155.42899551783316,-2.005593367287568,-166.79569313606476,1.6235720088724126,121.62186010377624,-1.4242729103275147,0.5001,0.5021,192.999,199.634,0.677549024
2024-06-18 17:44:48.632411,2220.466056585312,1,155.42458899449937,-2.029324142844566,-166.76203985060718,1.48675641919039,121.5902429550891,-1.4769531230011925,0.5007,0.5021,192.999,199.634,0.677575557
2024-06-18 17:44:49.643713,2221.4773581027985,1,155.49628760700415,-1.9141504962858602,-166.781245868968,1.624131615459195,121.60198557798532,-1.4551733327068987,0.5001,0.5021,193.0,199.635,0.677546168
2024-06-18 17:44:50.640083,2222.47372841835,1,155.00481765386536,-2.0422436552014593,-167.0268286182171,1.3271212260163936,121.36436845718616,-1.4832599320679454,0.4996,0.5021,193.0,199.635,0.677378172
2024-06-18 17:44:51.642421,2223.4760665893555,1,155.61774704968988,-2.0096817229183404,-166.72134942777473,1.7527201944754542,121.58339613424835,-1.4218902014149593,0.5001,0.5021,192.999,199.635,0.677474056
2024-06-18 17:44:52.647734,2224.4813797473907,1,155.02943453421423,-2.003358152505935,-167.04586886572537,1.5156988412898194,121.4704176123332,-1.2484275383940715,0.5001,0.5021,192.999,199.634,0.6775595
2024-06-18 17:44:53.648102,2225.4817473888397,1,155.3404141689521,-1.9600600406414677,-166.85708871303575,1.497920812820993,121.52346000833616,-1.533538987502143,0.4991,0.5021,193.0,199.636,0.677487254
2024-06-18 17:44:54.652394,2226.486039161682,1,155.4903203905848,-1.9338743270345595,-166.64364038049624,1.6737011742596217,121.56968191672732,-1.471334950176201,0.4996,0.5021,193.0,199.636,0.677422763
2024-06-18 17:44:55.657704,2227.491349697113,1,155.3299839375364,-1.8126252076557277,-166.88285913973817,1.5840058442534934,121.49892894821066,-1.5276702079883941,0.5001,0.5022,193.001,199.636,0.677486778
2024-06-18 17:44:56.661021,2228.494666814804,1,155.28711858429696,-2.004855780863845,-166.86641820460957,1.6246040488607965,121.6494570497754,-1.3798457484676203,0.5001,0.5021,193.0,199.634,0.677565963
2024-06-18 17:44:57.663777,2229.4974229335785,1,155.30283470976357,-1.792580365504536,-166.89265958620553,1.6383702141547638,121.47356102695022,-1.442337356073131,0.4996,0.5021,193.001,199.634,0.677500996
2024-06-18 17:44:58.666097,2230.4997429847717,1,155.4094102892912,-1.9415807928699036,-166.79451471165777,1.6005037226503385,121.60504047171703,-1.4432312975371067,0.4996,0.5021,193.0,199.635,0.677541677
2024-06-18 17:44:59.668418,2231.502063035965,1,155.63468830995222,-2.0773484394729573,-166.7313658440739,1.626855439750256,121.55734609316734,-1.4634517618773852,0.5001,0.5021,193.002,199.634,0.677499497
2024-06-18 17:45:00.672496,2232.5061416625977,1,155.24289386072496,-2.1367503261217626,-166.90383666343038,1.6345860824875278,121.60210448679692,-1.6596244810662457,0.5001,0.5021,193.0,199.634,0.677620724
2024-06-18 17:45:01.674815,2233.5084607601166,1,155.37760824287577,-1.9707472540680884,-166.75455083551202,1.7646716286462651,121.52909770549917,-1.4469996896879094,0.4996,0.5021,193.001,199.634,0.677498981
2024-06-18 17:45:02.680635,2234.5142810344696,1,155.408663356804,-1.8869629141931166,-166.5782278156257,1.7191751942693005,121.61481995843558,-1.453734268632533,0.5007,0.5021,193.0,199.635,0.677515146
2024-06-18 17:45:03.683933,2235.5175788402557,1,155.4651893387702,-2.1632650398833126,-166.78810731476338,1.639713244669812,121.52093929731923,-1.4413933657341629,0.5001,0.5021,193.0,199.636,0.677484533
2024-06-18 17:45:04.684259,2236.517904520035,1,155.54823491491317,-2.0192246448533053,-166.71260730217656,1.6872487788702366,121.56462536914636,-1.4397155681360203,0.4996,0.5021,193.001,199.635,0.677468682
2024-06-18 17:45:05.688604,2237.5222499370575,1,155.45162791571437,-2.1776673137459017,-166.81800895478491,1.6351170233174006,121.51524508324815,-1.4498734250241254,0.5001,0.5021,193.001,199.636,0.677563582
2024-06-18 17:45:06.691899,2238.5255451202393,1,155.29429646513213,-1.8144712890666113,-166.86352249686357,1.6006443556694951,121.51849952319856,-1.5357846710297394,0.5007,0.5021,193.001,199.635,0.677519567
2024-06-18 17:45:07.690252,2239.5238976478577,1,155.46219583384192,-1.9571057285056104,-166.71483539387782,1.6883051598971424,121.60640012811561,-1.4633870467993968,0.4996,0.5021,193.001,199.635,0.677545622
2024-06-18 17:45:08.697536,2240.5311810970306,1,155.54003721717825,-1.8149158790944055,-166.76241829314728,1.61479893347933,121.56226192233473,-1.4551694744489279,0.4991,0.5021,193.001,199.634,0.677505622
2024-06-18 17:45:09.698880,2241.532525062561,1,155.4506150983555,-1.9171101506662802,-166.74625135578,1.6472630465537883,121.5746354019058,-1.4619173630362423,0.4991,0.5021,193.001,199.635,0.67749222
2024-06-18 17:45:10.699229,2242.5328748226166,1,155.3729415555558,-1.9045596565901295,-166.8193874729255,1.6319862564237726,121.56831710517106,-1.4115358939280698,0.5001,0.5021,193.002,199.635,0.677517799
2024-06-18 17:45:11.699598,2243.533243894577,1,155.46578806130555,-1.944293755673578,-166.76468971686367,1.6245451377938886,121.60662126045466,-1.4481070111487848,0.5001,0.5021,193.002,199.635,0.677509703
2024-06-18 17:45:12.702918,2244.536563396454,1,155.53821501311432,-1.9789434603420781,-166.76618625612753,1.5596088240164712,121.61414305343568,-1.4609278508805927,0.4996,0.5021,193.001,199.635,0.677477662
2024-06-18 17:45:13.705233,2245.5388782024384,1,155.30779388604364,-1.952834976970477,-166.87307639064517,1.4997386706859492,121.55053217908252,-1.5634543930190423,0.4996,0.5021,193.002,199.635,0.677408613
2024-06-18 17:45:14.708552,2246.542197227478,1,155.5275101455105,-2.110116491574021,-166.75301929724162,1.6205162520796035,121.55139102357576,-1.4699820025043713,0.5001,0.5021,193.002,199.634,0.677416777
2024-06-18 17:45:15.709872,2247.5435180664062,1,155.53400699163507,-1.8330149519157821,-166.7636490789706,1.594529046398313,121.55788552022483,-1.4661418874381198,0.5007,0.5021,193.003,199.635,0.677443036
2024-06-18 17:45:16.711197,2248.5448427200317,1,155.4272626741975,-1.9384094827864378,-166.78511837148207,1.6334072573172944,121.61037465185363,-1.448656387424426,0.5007,0.5021,193.002,199.636,0.677433171
2024-06-18 17:45:17.713516,2249.5471618175507,1,155.39367513857204,-1.970316442148978,-166.74090133598318,1.7885048119470932,121.5360223782326,-1.425981853932953,0.5001,0.5021,193.002,199.635,0.677470315
2024-06-18 17:45:18.721276,2250.5549211502075,1,155.26839412150045,-1.8496572663925355,-166.87022791586523,1.658535708138787,121.55311615806109,-1.3526889443945664,0.5001,0.5021,193.003,199.636,0.677530928
2024-06-18 17:45:19.723596,2251.5572414398193,1,155.35081156482312,-2.015023472114313,-166.8336541104773,1.5981336893694522,121.58980969215285,-1.3788487426628722,0.4996,0.5021,193.002,199.635,0.677485621
2024-06-18 17:45:20.726084,2252.559730052948,1,155.3751129787706,-1.9821739651230876,-166.74386766161535,1.7653958688230527,121.53191657212568,-1.4247711186101086,0.4996,0.5021,193.001,199.636,0.677518071
2024-06-18 17:45:21.729404,2253.563049554825,1,155.37959448697276,-1.974299870295998,-166.76192122193206,1.7707592830026846,121.52352933181804,-1.4292169000577695,0.4996,0.5022,193.002,199.635,0.677515758
2024-06-18 17:45:22.729379,2254.563024520874,1,155.53482419361688,-1.8493719846719643,-166.75477911166507,1.5738577921247512,121.57969676136267,-1.4518601118675132,0.4991,0.5021,193.003,199.635,0.677632086
2024-06-18 17:45:23.731699,2255.5653443336487,1,155.38542511888923,-2.038592675565203,-166.80814324481355,1.6229583777860783,121.57880893105353,-1.4587836499290217,0.4991,0.5021,193.002,199.634,0.677579636
2024-06-18 17:45:24.735044,2256.568690061569,1,155.38481880230952,-2.015136504206436,-166.81082730703886,1.676092702821976,121.5630427546046,-1.407308694771969,0.5007,0.5021,193.001,199.636,0.677504737
2024-06-18 17:45:25.734374,2257.568019390106,1,155.50943116554723,-2.100034614769353,-166.74125581204387,1.637058386199114,121.54812617431709,-1.4801374450815885,0.4996,0.5022,193.002,199.636,0.677504261
2024-06-18 17:45:26.742290,2258.5759358406067,1,155.4607170748011,-1.9886489750375629,-166.80631395504005,1.6801287584158215,121.56993931604241,-1.4212298393584484,0.5001,0.5021,193.002,199.635,0.677502426
2024-06-18 17:45:27.745635,2259.5792803764343,1,155.46920264558392,-1.934186355409635,-166.74002540166433,1.5419901449988087,121.56708649445147,-1.4550141531812069,0.4996,0.5021,193.003,199.636,0.6775061
2024-06-18 17:45:28.751944,2260.5855898857117,1,155.5132232338471,-1.9359377736160892,-166.78037494359685,1.5571426283400545,121.59463682174344,-1.4478476501414623,0.4996,0.5021,193.003,199.637,0.677531815
2024-06-18 17:45:29.756640,2261.5902860164642,1,155.4099169369872,-1.946907804694553,-166.8056344391772,1.5853146346855254,121.63596102241911,-1.5002219930696272,0.5007,0.5021,193.003,199.638,0.677477732
2024-06-18 17:45:30.762950,2262.59659576416,1,155.13722065770293,-1.9827905450517578,-166.90411574339112,1.513289830106412,121.47343368432398,-1.4960177224235391,0.5007,0.5021,193.003,199.635,0.677504807
2024-06-18 17:45:31.763349,2263.5969944000244,1,155.28610086846138,-1.8296054521388803,-166.86835134875233,1.653006501740984,121.54212255207122,-1.3922127683490908,0.4996,0.5021,193.003,199.635,0.677494467
2024-06-18 17:45:32.769623,2264.6032683849335,1,155.25241558606152,-2.010281194222786,-166.88468561322304,1.5165775859547248,121.48213522081574,-1.4918524865004752,0.4996,0.5021,193.003,199.636,0.677487732
2024-06-18 17:45:33.769210,2265.602855682373,1,155.45094733494423,-2.0914373378938684,-166.7767777415589,1.6127497466639702,121.5621860794328,-1.4382039043859423,0.4991,0.5021,193.003,199.635,0.677535556
2024-06-18 17:45:34.772572,2266.606217622757,1,155.46378015465535,-1.8423412719481516,-166.76056656670247,1.5807637581699803,121.57695196586026,-1.4476294916311931,0.4996,0.5021,193.004,199.634,0.677603993
2024-06-18 17:45:35.774418,2267.608063220978,1,155.49457712541363,-2.1632290411650503,-166.7891663833421,1.618828511920552,121.53224654953881,-1.4650117834799716,0.5001,0.5022,193.004,199.635,0.67752576
2024-06-18 17:45:36.778732,2268.612377643585,1,155.55231211417762,-2.0588132241179125,-166.70023219871788,1.6688927205104358,121.55927574679363,-1.4573776104300378,0.5001,0.5021,193.003,199.635,0.677521542
2024-06-18 17:45:37.787036,2269.6206815242767,1,155.4443547519516,-1.8316687596989647,-166.7851121363792,1.607615714037727,121.54476861700752,-1.5060843567726725,0.5007,0.5021,193.003,199.635,0.677527189
2024-06-18 17:45:38.786370,2270.620015859604,1,155.33092549452178,-2.007877207862704,-166.80856445160765,1.638669405085145,121.61147669118343,-1.5432119137989864,0.5007,0.5021,193.004,199.634,0.677499569
2024-06-18 17:45:39.791676,2271.625321865082,1,155.36525198937562,-2.104195790499017,-166.80673177666375,1.5253556830595423,121.53720158855442,-1.4399298095835857,0.4991,0.5021,193.003,199.635,0.677574264
2024-06-18 17:45:40.793008,2272.626653432846,1,155.59519778745644,-2.0363697009605914,-166.7257951435044,1.6284931712061046,121.56244431525035,-1.4565290520390068,0.5001,0.5021,193.004,199.635,0.677565489
2024-06-18 17:45:41.796325,2273.6299710273743,1,155.39851223403997,-2.1330762577141065,-166.80821826334673,1.6314563883303226,121.53599405123272,-1.5229597198327587,0.4996,0.5021,193.004,199.634,0.677525554
2024-06-18 17:45:42.799660,2274.63330578804,1,155.27868078595353,-2.10008425394976,-166.89829444457038,1.55922529406593,121.50058686506534,-1.397804617713263,0.4991,0.5021,193.004,199.635,0.677503513
2024-06-18 17:45:43.800125,2275.6337707042694,1,155.47849607060306,-1.8330887300152678,-166.76882311866333,1.5894850683455433,121.55311581406264,-1.482564775760363,0.4991,0.5021,193.004,199.635,0.677561473
2024-06-18 17:45:44.804470,2276.638115644455,1,155.3754848888974,-1.979364257480391,-166.73426045021404,1.797042808037245,121.52821684608962,-1.425489258032365,0.5001,0.5022,193.005,199.635,0.67759297
2024-06-18 17:45:45.807757,2277.641402721405,1,155.425185028179,-1.8261178156802478,-166.7832924495708,1.6236606733166161,121.56209869625991,-1.4565221607943468,0.4996,0.5022,193.005,199.635,0.677604875
2024-06-18 17:45:46.808107,2278.6417529582977,1,155.35816767716236,-1.7823751555554637,-166.8587528226047,1.656783209071111,121.47902224208549,-1.4586991925141464,0.4996,0.5021,193.005,199.635,0.677553241
2024-06-18 17:45:47.809406,2279.6430513858795,1,155.31008617698245,-1.7607861770763646,-166.88681753428403,1.6372742178732518,121.46579014543717,-1.4735019375489677,0.4996,0.5021,193.004,199.634,0.677544262
2024-06-18 17:45:48.811727,2280.645372390747,1,155.4205704091438,-2.0626460962964166,-166.79327895727408,1.6012350978712133,121.55375005284361,-1.4542293624740708,0.5001,0.5021,193.005,199.635,0.677561337
2024-06-18 17:45:49.815055,2281.6487004756927,1,155.4493608988322,-1.805072044726528,-166.76528112114082,1.5943097081510724,121.55731435098814,-1.4780870851729233,0.4991,0.5021,193.004,199.635,0.677531676
2024-06-18 17:45:50.815395,2282.6490404605865,1,155.3868876380928,-1.9032486388537913,-166.79650437540215,1.6291674040182986,121.64447492115995,-1.4846619797013376,0.5007,0.5021,193.005,199.635,0.677529976
2024-06-18 17:45:51.819721,2283.653366804123,1,155.44324772084337,-1.8567128859385527,-166.7475848751368,1.6316266449141825,121.57149972411811,-1.425862685891784,0.5001,0.5021,193.004,199.635,0.67750154
2024-06-18 17:45:52.822045,2284.6556911468506,1,155.52717018738286,-2.1074945952067727,-166.70822597158633,1.6129118234405817,121.55616389690064,-1.4869540278089861,0.5007,0.5021,193.005,199.635,0.677494873
2024-06-18 17:45:53.827328,2285.6609737873077,1,,,,,,,0.5001,0.5021,193.004,199.636,0.677549704
2024-06-18 17:45:54.831686,2286.6653316020966,1,155.41320236382128,-2.0483945078746935,-166.77855808932347,1.6180599998312606,126.39251246219763,-1.8846028757155924,0.5001,0.5021,193.005,199.636,0.677452151
2024-06-18 17:45:55.838898,2287.672543525696,1,155.33041253939322,-2.000090788521315,-166.76989117095277,1.774971139128943,121.79730541491918,-1.6087451973007598,0.4996,0.5021,193.006,199.635,0.677445076
2024-06-18 17:45:56.843212,2288.676857948303,1,155.45025913347774,-2.003885529684731,-166.66739877055198,1.6817180701589491,121.56914167422858,-1.475609044186929,0.4996,0.5021,193.007,199.634,0.677426845
2024-06-18 17:45:57.845530,2289.679176092148,1,155.42067746754617,-2.0988783530086073,-166.74892270458523,1.5811053742256398,121.56869616619691,-1.448795569370756,0.4996,0.5021,193.005,199.635,0.677424396
2024-06-18 17:45:58.848847,2290.6824929714203,1,155.41496460638857,-2.0299186987553854,-166.75826766610723,1.653845108421094,121.56698920554473,-1.422213838487934,0.4996,0.5021,193.006,199.636,0.677510043
2024-06-18 17:45:59.852166,2291.685811519623,1,155.28937102176465,-1.9309044610434671,-166.8593026869184,1.5556149553588487,121.5790150865875,-1.5715313103431303,0.5007,0.5021,193.004,199.636,0.677505962
2024-06-18 17:46:00.854509,2292.688154697418,1,155.41187921681177,-1.9751357805000582,-166.7374386234231,1.5259491654928168,121.56275601495582,-1.467942142165306,0.4991,0.5021,193.005,199.636,0.677548616
2024-06-18 17:46:01.856141,2293.6897864341736,1,155.460357445403,-1.9423268540746494,-166.78903741960949,1.5667310880358714,121.63862691661028,-1.4276208099841614,0.5001,0.5021,193.005,199.636,0.677520248
2024-06-18 17:46:02.860463,2294.694108247757,1,155.41101106788474,-2.010073110926951,-166.78313905788772,1.6016850649140066,121.56075124137362,-1.4424117057575632,0.4996,0.5021,193.005,199.637,0.677478478
2024-06-18 17:46:03.862752,2295.696397781372,1,155.28572283592652,-1.9278501614349117,-166.8583165936614,1.5738870506866356,121.57237680061519,-1.5665216933819268,0.4996,0.5021,193.006,199.635,0.677554328
2024-06-18 17:46:04.869061,2296.702707052231,1,155.31957342980112,-1.8007350216419715,-166.80934413873206,1.6023090399243163,121.55668171919324,-1.366945168824836,0.5007,0.5021,193.006,199.635,0.677531266
2024-06-18 17:46:05.873384,2297.7070298194885,1,155.33173752542478,-1.8077567789493834,-166.81277512412257,1.6366473968433806,121.55221089499105,-1.527467206346037,0.5001,0.5021,193.005,199.635,0.677548205
2024-06-18 17:46:06.877698,2298.711343765259,1,155.41490503568693,-2.0158063232261623,-166.80094395057682,1.6272902200770685,121.59113895590335,-1.468616296139936,0.5001,0.5021,193.005,199.636,0.677481674
2024-06-18 17:46:07.881130,2299.7147755622864,1,155.3289065896699,-2.0836627224563187,-166.8400123044384,1.6533681291851074,121.53157447714797,-1.5250604450524907,0.5001,0.5021,193.006,199.636,0.677472966
2024-06-18 17:46:08.888535,2300.722180366516,1,155.26657238340601,-2.137759270446143,-166.84074723592653,1.8662688160453935,121.46855864291496,-1.4600489637132008,0.5001,0.5021,193.005,199.636,0.677491334
2024-06-18 17:46:09.891856,2301.72550201416,1,155.28922836549572,-1.8353656070574942,-166.85736887551775,1.6310912573975382,121.54722683704851,-1.5548505301754414,0.4996,0.5022,193.006,199.635,0.677481538
2024-06-18 17:46:10.893150,2302.726795911789,1,155.4722354751843,-1.9724548108174607,-166.6739806634522,1.673428916444001,121.55562304167621,-1.4470262685484254,0.4996,0.5021,193.006,199.635,0.677473986
2024-06-18 17:46:11.897484,2303.7311294078827,1,155.45034704169214,-2.1093723567012357,-166.72807966870104,1.6093372290983619,121.60396716782276,-1.5003717010278688,0.4996,0.5021,193.004,199.635,0.677455891
2024-06-18 17:46:12.900841,2304.7344868183136,1,155.4128713367382,-2.015316827612836,-166.70566638095653,1.4869421842310433,121.55991612129446,-1.4463035579201,0.4996,0.5021,193.006,199.636,0.677505145
2024-06-18 17:46:13.903161,2305.736806154251,1,155.45545971405977,-1.9548644703081723,-166.75221696415554,1.5259278007173165,121.59603971969457,-1.4305430057542852,0.4996,0.5021,193.006,199.637,0.677437049
2024-06-18 17:46:14.907475,2306.741120815277,1,155.39637663137415,-1.8344570246394163,-166.8002849415009,1.5492989330319937,121.53961077120445,-1.4576186554873132,0.5007,0.5021,193.005,199.635,0.677461063
2024-06-18 17:46:15.909826,2307.7434718608856,1,155.15895867304602,-2.0425143147219353,-166.91820559673917,1.5644622261076084,121.46801574987873,-1.5308976145738424,0.5007,0.5021,193.007,199.636,0.677479499
2024-06-18 17:46:16.913125,2308.7467710971832,1,155.33381460161246,-2.0885115472532347,-166.84718233490267,1.551196459523583,121.49479269208982,-1.5162596891495714,0.4996,0.5021,193.006,199.636,0.677467728
2024-06-18 17:46:17.918443,2309.7520880699158,1,155.39808232952564,-1.8544825908306253,-166.78778278509887,1.606229532854439,121.55210301729926,-1.4293054654820958,0.4996,0.5021,193.007,199.636,0.677507865
2024-06-18 17:46:18.918763,2310.7524087429047,1,155.17206426645015,-1.922572289252266,-166.9272844138358,1.6111930361366846,121.45713142400275,-1.4938922816811666,0.4996,0.5021,193.007,199.635,0.677534022
2024-06-18 17:46:19.922104,2311.7557497024536,1,155.3352341893934,-1.8577580405677965,-166.83933850843442,1.6968347839313274,121.51546606189174,-1.4049135630292546,0.5001,0.5021,193.006,199.636,0.677538887
2024-06-18 17:46:20.926418,2312.760063648224,1,155.4243314976573,-1.8780183796632766,-166.6791363342244,1.636834021192853,121.5995892098503,-1.4394098424553394,0.5001,0.5021,193.007,199.635,0.677477186
2024-06-18 17:46:21.926743,2313.7603883743286,1,155.37805206940243,-1.9376930689805207,-166.77561418797,1.660861258582496,121.57573012731092,-1.4198011506640016,0.5001,0.5021,193.007,199.635,0.677575147
2024-06-18 17:46:22.931340,2314.7649853229523,1,155.28177701397,-2.065671955766688,-166.8400589138385,1.62007753180627,121.59062904935507,-1.3556710474949893,0.4991,0.5021,193.007,199.636,0.677483308
2024-06-18 17:46:23.934679,2315.7683243751526,1,155.147247525383,-1.9275643935128035,-166.93096637797584,1.5686862468668337,121.46668220078425,-1.5191787930588911,0.5001,0.5021,193.007,199.636,0.677512561
2024-06-18 17:46:24.936976,2316.7706212997437,1,155.35263343023655,-2.0790675701067043,-166.7523826924786,1.5928115413556552,121.62824606401247,-1.5579523518369074,0.4996,0.5021,193.007,199.637,0.677524329
2024-06-18 17:46:25.938790,2317.7724351882935,1,155.32458556382412,-2.0134785177531507,-166.79140812723094,1.760506904779525,121.52150473847722,-1.5251520165122567,0.4996,0.5021,193.007,199.638,0.677541541
2024-06-18 17:46:26.944079,2318.7777242660522,1,155.45441022080962,-1.9692585149566049,-166.77328125662734,1.540607442082324,121.59090903340972,-1.4235520253856728,0.4996,0.5021,193.007,199.637,0.677484261
2024-06-18 17:46:27.949391,2319.7830362319946,1,155.37111269822157,-1.865312550901931,-166.7918335284786,1.6586358058781887,121.53338732459396,-1.4419837641124351,0.5001,0.5021,193.007,199.635,0.677516778
2024-06-18 17:46:28.955447,2320.789092063904,1,155.43241430657997,-1.7905922848523745,-166.79825051027368,1.594721459694384,121.53127957422863,-1.455276451146655,0.5001,0.5021,193.007,199.636,0.677453308
2024-06-18 17:46:29.957741,2321.791386604309,1,155.322784716081,-1.8980671734738324,-166.79608284140767,1.4777148621819918,121.51614886166583,-1.4724886332876972,0.4996,0.5021,193.007,199.635,0.677445349
2024-06-18 17:46:30.964051,2322.797696352005,1,155.30149208955157,-1.9569967709155913,-166.68491408893064,1.5248163693431462,121.56863127174095,-1.4647774713897688,0.5001,0.5021,193.007,199.636,0.677456301
2024-06-18 17:46:31.966394,2323.8000395298004,1,155.44048553264793,-1.970496280244161,-166.64366899421478,1.6967700549663363,121.57635938651724,-1.4540852517226597,0.5001,0.5021,193.007,199.636,0.677473172
2024-06-18 17:46:32.968692,2324.8023376464844,1,155.4055150019617,-2.3090115406700558,-166.836029558796,1.5264800039792086,121.51441793180594,-1.4600786966102843,0.4996,0.5021,193.007,199.634,0.677481063
2024-06-18 17:46:33.975028,2325.8086738586426,1,155.38813789287633,-2.062777348670361,-166.7475902929447,1.592976247896967,121.61902293823755,-1.4963132260616816,0.4996,0.5021,193.008,199.635,0.67751569
2024-06-18 17:46:34.981309,2326.8149542808533,1,155.45222287174022,-1.921614005727975,-166.7406780846952,1.53599444892553,121.58337650765901,-1.4439490922423583,0.4996,0.5021,193.007,199.634,0.677563786
2024-06-18 17:46:35.987619,2327.8212645053864,1,155.387350715407,-2.056912431248035,-166.72916994348356,1.5971699116556448,121.62250491823244,-1.4234692171602483,0.5001,0.5021,193.007,199.636,0.677632358
2024-06-18 17:46:36.988941,2328.8225865364075,1,155.44247115184982,-2.068995735782501,-166.69749090807937,1.6076403769869176,121.56329272198559,-1.4725367282780792,0.4996,0.5021,193.007,199.637,0.677605623
2024-06-18 17:46:37.995251,2329.8288962841034,1,155.3622414642534,-1.835800049510387,-166.82032057106844,1.54312954980589,121.517015671958,-1.4662518088417889,0.4991,0.5021,193.007,199.637,0.677619569
2024-06-18 17:46:38.996572,2330.830217599869,1,155.3206688632266,-2.0432624317809562,-166.75456149805964,1.72205910600032,121.53361674283673,-1.4730344689910289,0.5001,0.5021,193.007,199.636,0.67761712
2024-06-18 17:46:39.999889,2331.8335342407227,1,155.33595615810114,-1.979969453032217,-166.70855230285346,1.4386031720902719,121.51669910699331,-1.4797438436298394,0.5007,0.5021,193.007,199.635,0.677636712
2024-06-18 17:46:41.003230,2332.8368759155273,1,155.45329029683705,-1.969255223448072,-166.64504238260494,1.686872596001647,121.54076809506947,-1.4399694643426726,0.5007,0.5021,193.008,199.637,0.677584126
2024-06-18 17:46:42.005527,2333.8391721248627,1,155.5082899989482,-1.8849364800403494,-166.67399823887655,1.6053487159830986,121.55907363959781,-1.4441624245560423,0.5001,0.5021,193.008,199.637,0.677528071
2024-06-18 17:46:43.009865,2334.8435106277466,1,155.40741697075535,-1.8714908186345693,-166.71411166516089,1.6312171423169506,121.58737877101912,-1.4283476774458128,0.4996,0.5021,193.008,199.637,0.67755433
2024-06-18 17:46:44.014183,2335.847827911377,1,155.4800494796875,-2.1171737653218927,-166.76076835583925,1.6042682018195347,121.54735751078529,-1.4791676444743798,0.5007,0.5021,193.008,199.638,0.677548822
2024-06-18 17:46:45.018469,2336.852114677429,1,155.4898204080417,-1.8755921092876588,-166.69346000874276,1.6026054533748508,121.56136660658234,-1.4452082483616846,0.4996,0.5021,193.009,199.636,0.677543856
2024-06-18 17:46:46.017839,2337.851484298706,1,155.40500691157695,-1.8997211445795883,-166.76925984897838,1.6206772351714493,121.57107619036287,-1.4643896383378474,0.4996,0.5021,193.008,199.636,0.677468276
2024-06-18 17:46:47.018180,2338.8518257141113,1,155.21735281610864,-1.8612538593577497,-166.83717161357444,1.6352956107017709,121.55953784346619,-1.5429200073884568,0.5001,0.5021,193.009,199.637,0.67746297
2024-06-18 17:46:48.023492,2339.8571379184723,1,155.29066828936791,-1.9324725090546897,-166.78517943465624,1.4767134070693029,121.51871998299414,-1.420063859639331,0.5001,0.5021,193.009,199.636,0.677434806
2024-06-18 17:46:49.025837,2340.8594827651978,1,155.40919690195167,-1.881177876176443,-166.76555026910785,1.621128138596098,121.5647839059693,-1.4568227859622145,0.5001,0.5021,193.008,199.636,0.67755542
2024-06-18 17:46:50.027214,2341.8608593940735,1,155.46922123274464,-1.83891987110612,-166.77665801066058,1.6443201991104408,121.55046736182267,-1.4651861272707383,0.5007,0.5022,193.009,199.635,0.677529776
2024-06-18 17:46:51.030507,2342.864152908325,1,155.36625625158646,-1.8937264534759277,-166.7786860242941,1.5988541028670715,121.63572692430812,-1.4304458222242715,0.4996,0.5021,193.007,199.637,0.677523245
2024-06-18 17:46:52.032827,2343.8664724826813,1,155.19408026806394,-2.0338050779901193,-166.88447322953408,1.5586809529802494,121.49396665161287,-1.5612171570075601,0.4996,0.5021,193.009,199.637,0.677556851
2024-06-18 17:46:53.033153,2344.866798400879,1,155.38236666305957,-1.9418822633460793,-166.77387159887633,1.6306759834034736,121.57090942057455,-1.4812401616528434,0.5001,0.5021,193.009,199.637,0.67756447
2024-06-18 17:46:54.036492,2345.8701372146606,1,155.14272788856613,-1.9500947914091038,-166.92604635250441,1.6249832262729715,121.45926214894959,-1.5261559784303247,0.4996,0.5021,193.009,199.636,0.677528755
2024-06-18 17:46:55.039808,2346.8734533786774,1,155.479591978485,-1.8471737869421359,-166.71236468901432,1.6557519132927476,121.56171971283604,-1.469704792339452,0.4991,0.5021,193.008,199.637,0.67756515
2024-06-18 17:46:56.044123,2347.877768754959,1,155.269933753525,-2.076225451616767,-166.84509856625908,1.6149661068364922,121.56191108255916,-1.3745079170172263,0.5001,0.5021,193.009,199.638,0.677603995
2024-06-18 17:46:57.046443,2348.880088329315,1,155.39225159093803,-1.987608401374939,-166.7010108926277,1.732200690254212,121.53499014429016,-1.4918238536199424,0.5001,0.5021,193.009,199.636,0.677563722
2024-06-18 17:46:58.048763,2349.88240814209,1,155.36232123903721,-1.8294209463456397,-166.78496995956908,1.6448497840245169,121.54915451210152,-1.5228564657934773,0.5001,0.5021,193.009,199.637,0.677504877
2024-06-18 17:46:59.050114,2350.883759498596,1,155.29131176498808,-1.9796608502181003,-166.79066506721804,1.4778688011393049,121.51417718388596,-1.4207501259863011,0.4996,0.5022,193.008,199.637,0.677452359
2024-06-18 17:47:00.251929,2352.085574388504,1,155.41281954124582,-2.0409854463161325,-166.69222594036626,1.6419535329422843,121.56726394741293,-1.453060151536489,0.4996,0.5021,193.008,199.637,0.677491476
2024-06-18 17:47:01.251331,2353.084976911545,1,155.46023720912854,-2.06305174270601,-166.7369945983472,1.56299994731436,121.56401995847979,-1.462463153036154,0.5001,0.5021,193.009,199.637,0.677556441
2024-06-18 17:47:02.252120,2354.085765361786,1,155.37462346753014,-2.0542955143595014,-166.60298752702508,1.6067244620030494,121.56108923037836,-1.4644423802920814,0.4996,0.5021,193.009,199.637,0.677485215
2024-06-18 17:47:03.255414,2355.0890595912933,1,155.20790714990306,-1.90188414968641,-166.8918656769228,1.5208800497996964,121.4853823407823,-1.3967690159797554,0.4991,0.5021,193.01,199.637,0.677529842
2024-06-18 17:47:04.261785,2356.0954308509827,1,155.41041538192167,-1.9818646404953106,-166.73484602362532,1.5010207736959185,121.560338892717,-1.4912952520855605,0.5001,0.5021,193.01,199.637,0.677518005
2024-06-18 17:47:05.261085,2357.0947308540344,1,155.22902332835892,-1.9199835348898695,-166.85108507256487,1.4918769734609136,121.49381630008705,-1.3963679954091681,0.4996,0.5021,193.01,199.637,0.67763685
2024-06-18 17:47:06.263449,2358.097094297409,1,155.31018503673135,-2.0124694481886136,-166.70941810198144,1.4846369618566542,121.53428420490225,-1.4778341492289095,0.5001,0.5021,193.009,199.636,0.677620864
2024-06-18 17:47:07.267832,2359.101477622986,1,155.36560852179784,-1.8513161971008982,-166.75983780269448,1.60058177719025,121.5787262816137,-1.417902960293247,0.5001,0.5021,193.009,199.636,0.677589162
2024-06-18 17:47:08.271138,2360.1047837734222,1,155.28822425680596,-1.7840516131030144,-166.84000293257935,1.5713165066090533,121.50180328162122,-1.407233416959291,0.5001,0.5021,193.009,199.636,0.677548481
2024-06-18 17:47:09.275487,2361.109132528305,1,155.33990158462657,-1.910874011920795,-166.7859834460928,1.5956179801665387,121.58557958693389,-1.5001350286540733,0.5001,0.5021,193.009,199.636,0.677577666
2024-06-18 17:47:10.280784,2362.1144292354584,1,155.41162785086922,-2.1075318110950816,-166.70638180689483,1.541784847255593,121.56301925728206,-1.4689010054432685,0.4991,0.5021,193.009,199.637,0.67762651
2024-06-18 17:47:11.283147,2363.1167929172516,1,155.3605038230501,-2.01580715608924,-166.7363303961736,1.6934202542351757,121.5732027410676,-1.4204112044651693,0.5001,0.5022,193.009,199.637,0.677533787
2024-06-18 17:47:12.286476,2364.1201214790344,1,155.25545082140286,-1.9268044425115214,-166.8100430994882,1.4737808231464393,121.51337161474937,-1.5171992818672273,0.5007,0.5021,193.009,199.636,0.677568212
2024-06-18 17:47:13.288804,2365.1224496364594,1,155.37947214410678,-2.002783070772761,-166.6499399266383,1.5476381796617618,121.57191319646952,-1.460888181425205,0.5001,0.5021,193.009,199.638,0.677554062
2024-06-18 17:47:14.290128,2366.1237740516663,1,155.58338212865723,-2.0515713179323947,-166.73464996795687,1.6219468568563427,121.54304466809971,-1.4424379945335264,0.5001,0.5021,193.01,199.637,0.677576103
2024-06-18 17:47:15.297412,2367.1310579776764,1,155.38602724389938,-1.9990857535082123,-166.68325374992028,1.559511198885457,121.56550765403637,-1.463268354289911,0.4991,0.5021,193.011,199.636,0.677580525
2024-06-18 17:47:16.296761,2368.1304066181183,1,155.41356036811047,-1.8930474052585322,-166.73809241833433,1.680508467756716,121.58315743322702,-1.4799448675843996,0.5007,0.5021,193.011,199.637,0.677498006
2024-06-18 17:47:17.301018,2369.134663105011,1,155.46504471841087,-2.0403209577051165,-166.74008187871857,1.658559540524702,121.56602899548642,-1.4522332921578014,0.4991,0.5021,193.01,199.636,0.677563041
2024-06-18 17:47:18.303338,2370.13698387146,1,155.45965890425947,-2.1058282333272866,-166.74974792301745,1.6257952004052634,121.54594980558329,-1.4694917469246374,0.4996,0.5021,193.01,199.637,0.67761141
2024-06-18 17:47:19.307716,2371.141361474991,1,155.3005182186103,-1.8933196672789683,-166.80358953791955,1.648504050454593,121.61023088857037,-1.5151355357827323,0.4996,0.5021,193.01,199.637,0.677566985
2024-06-18 17:47:20.312079,2372.1457245349884,1,155.25278681482757,-1.9302621370087125,-166.82017401373355,1.474634449207889,121.52320986785048,-1.516339261516001,0.4996,0.5021,193.011,199.637,0.677549774
2024-06-18 17:47:21.314389,2373.1480350494385,1,155.43880007643497,-1.9328493523431645,-166.73180833680271,1.5278436022445354,121.55931895629017,-1.4867865665813478,0.4996,0.5021,193.01,199.637,0.67751032
2024-06-18 17:47:22.318712,2374.1523580551147,1,155.29038178709067,-1.7550127266552653,-166.82222287885153,1.5825483889256313,121.50331136524599,-1.4892069615151342,0.5001,0.5021,193.01,199.637,0.677537123
2024-06-18 17:47:23.321032,2375.154677629471,1,155.36864312104382,-1.9114165408487445,-166.7702920557713,1.6808398293724982,121.59522842028426,-1.4271846752174078,0.4991,0.5021,193.01,199.637,0.677557259
2024-06-18 17:47:24.323352,2376.1569974422455,1,155.36184330636152,-1.995164754769105,-166.7494702596235,1.5545484702461867,121.5740403709927,-1.4377844440929,0.4996,0.5021,193.01,199.637,0.677546987
2024-06-18 17:47:25.326718,2377.160364151001,1,155.3660592448738,-1.8656451562362601,-166.73567803824452,1.59237086897094,121.57120719980695,-1.4166279279747793,0.4991,0.5021,193.012,199.638,0.677560252
2024-06-18 17:47:26.329045,2378.1626901626587,1,155.21747893409716,-1.9292046327172632,-166.83736895836006,1.7572360331585015,121.46758321892553,-1.448666125397343,0.4996,0.5021,193.011,199.637,0.677566783
2024-06-18 17:47:27.327375,2379.161020755768,1,155.3681783262244,-2.07499862629301,-166.73744889581786,1.6152423227878945,121.56445942021446,-1.4368907643563509,0.5001,0.5021,193.01,199.637,0.677517258
2024-06-18 17:47:28.330983,2380.164628267288,1,155.23053948153242,-1.8247635862977847,-166.86442308249113,1.7954129039902305,121.51396268190405,-1.5880929329125626,0.5001,0.5021,193.011,199.638,0.67751066
2024-06-18 17:47:29.333280,2381.1669256687164,1,155.27903062893725,-1.9010510162788659,-166.78934244408248,1.6241396602909868,121.63862443819283,-1.4390145793260418,0.4991,0.5021,193.011,199.638,0.67759311
2024-06-18 17:47:30.340586,2382.1742312908173,1,155.2888096034366,-1.8805349793854271,-166.7802088237207,1.7019311149936311,121.5291373431342,-1.5135607675750586,0.4996,0.5021,193.01,199.637,0.677541136
2024-06-18 17:47:31.343903,2383.177548646927,1,155.39761233731164,-2.1748438613954826,-166.76906604196833,1.6070023887465608,121.52253263572022,-1.4233612651436542,0.5001,0.5021,193.009,199.636,0.677503721
2024-06-18 17:47:32.346270,2384.17991566658,1,155.286871647195,-2.1159462433514276,-166.81063062488667,1.5840274470543743,121.56413396108698,-1.5464345775256694,0.5001,0.5021,193.01,199.636,0.677510047
2024-06-18 17:47:33.349544,2385.18318939209,1,155.33256810440827,-2.0536351165281554,-166.78758773833076,1.6623439814011354,121.58872954635297,-1.4098211123074902,0.5007,0.5021,193.01,199.636,0.677536442
2024-06-18 17:47:34.350923,2386.18456864357,1,155.364412983397,-1.946542278082142,-166.72357540939805,1.5621351274696333,121.55042139565045,-1.4573394148687047,0.5007,0.5021,193.009,199.637,0.677541476
2024-06-18 17:47:35.354219,2387.187864303589,1,155.42310211226123,-2.148858662640076,-166.7669408814186,1.6155484169198222,121.52639296896034,-1.4483105120247384,0.4991,0.5021,193.009,199.636,0.677583042
2024-06-18 17:47:36.356560,2388.19020485878,1,155.35903954229587,-1.9874128843848788,-166.73676421833235,1.6838370022109472,121.56046551629753,-1.4711120738606942,0.4996,0.5021,193.012,199.638,0.677578894
2024-06-18 17:47:37.359874,2389.193519592285,1,155.38445858806782,-2.003206075187997,-166.76633489105473,1.6792560200502966,121.56569034907231,-1.4597390641660577,0.4991,0.5021,193.011,199.638,0.677506784
2024-06-18 17:47:38.366182,2390.1998274326324,1,155.4540834047342,-2.003194577198568,-166.72323216708457,1.570201419642965,121.5673174588588,-1.4603668642107788,0.4991,0.5021,193.011,199.637,0.677488513
2024-06-18 17:47:39.366524,2391.2001695632935,1,155.30980458119166,-2.0317300890865146,-166.78223555691716,1.5178512542390254,121.54407275581222,-1.42576957162439,0.4996,0.5021,193.011,199.637,0.677562161
2024-06-18 17:47:40.371858,2392.2055037021637,1,155.28896343552915,-1.9415909155407194,-166.81087890538242,1.6564400310885325,121.62112951221721,-1.5292853791820402,0.4996,0.5021,193.009,199.637,0.677545154
2024-06-18 17:47:41.374180,2393.2078256607056,1,155.43876771246747,-1.7356752027180404,-166.75690281948764,1.6066378465793518,121.54770533302714,-1.4455272998745488,0.4996,0.5022,193.01,199.637,0.677537127
2024-06-18 17:47:42.379467,2394.2131128311157,1,155.2916936453971,-2.0836194285310943,-166.79103821122237,1.5833918307681991,121.58339858199845,-1.5444502130273157,0.5001,0.5021,193.011,199.636,0.677432363
2024-06-18 17:47:43.384779,2395.2184245586395,1,155.34373822314404,-1.992222654211608,-166.71769481626725,1.6562185396318463,121.5883047301506,-1.4687966644464787,0.5001,0.5021,193.011,199.637,0.677489847
2024-06-18 17:47:44.383136,2396.2167818546295,1,155.46951160963306,-2.0781228909252514,-166.72556970985826,1.640759076022263,121.54912501494017,-1.4596442771811213,0.4996,0.5021,193.01,199.637,0.677450867
2024-06-18 17:47:45.388421,2397.2220668792725,1,155.40893057513043,-1.926495706042619,-166.7453475686237,1.666341794950503,121.58343701446519,-1.4621511355985148,0.4996,0.5021,193.01,199.636,0.677526242
2024-06-18 17:47:46.392748,2398.226393699646,1,155.3289654663792,-1.8666426797075084,-166.7676027076982,1.6135316140875058,121.57483645958612,-1.5223888216758563,0.4996,0.5021,193.009,199.636,0.677475765
2024-06-18 17:47:47.395080,2399.2287259101868,1,155.467497814042,-1.921876426210621,-166.6951679205688,1.6823092709830845,121.56992656503385,-1.465145010188451,0.5007,0.5021,193.009,199.636,0.677420254
2024-06-18 17:47:48.400395,2400.2340409755707,1,155.24224404500924,-2.0296956163617828,-166.820555521339,1.7295098791670425,121.49687688365299,-1.3902187289322925,0.5001,0.5021,193.01,199.638,0.677527263
2024-06-18 17:47:49.404691,2401.2383363246918,1,155.3721784520321,-1.9578177564723065,-166.79923476118307,1.6537690781754124,121.63347072782437,-1.5078034598476984,0.4996,0.5021,193.01,199.637,0.677540596
2024-06-18 17:47:50.410022,2402.2436668872833,1,155.36010562339644,-1.9618121224133251,-166.7660241646814,1.6165428776399513,121.58315002944558,-1.4815954787786265,0.4991,0.5021,193.01,199.638,0.677530392
2024-06-18 17:47:51.412402,2403.2460477352142,1,155.21535791991073,-1.9845303064436857,-166.84779123370802,1.563614698193117,121.56479734742703,-1.3587355583651803,0.4996,0.5021,193.01,199.638,0.677439574
2024-06-18 17:47:52.417694,2404.2513399124146,1,155.3359367082894,-1.9734450002861947,-166.75577552709385,1.6273236315481745,121.56375801737948,-1.427614613177176,0.4996,0.5022,193.01,199.637,0.677536786
2024-06-18 17:47:53.421020,2405.2546656131744,1,155.20525050713195,-2.061407614889137,-166.8096476629685,1.6225837535457064,121.55532498603681,-1.5468895570811496,0.4991,0.5021,193.01,199.637,0.677524065
2024-06-18 17:47:54.422343,2406.25598859787,1,155.20600805871825,-2.034441594396466,-166.84794725613037,1.5358495407525503,121.53633409412238,-1.3893001336345998,0.4985,0.5021,193.009,199.637,0.677476105
2024-06-18 17:47:55.427655,2407.2613003253937,1,155.28137074172676,-1.935771501950723,-166.79639554898606,1.6225047838204887,121.6403645888933,-1.4224592053144105,0.5001,0.5021,193.01,199.638,0.677531684
2024-06-18 17:47:56.430989,2408.264634847641,1,155.31633072960383,-2.0894437519895983,-166.7624322253066,1.6250699423396293,121.59033704736072,-1.5176160480591165,0.5001,0.5021,193.01,199.638,0.677552365
2024-06-18 17:47:57.436284,2409.269929409027,1,155.27870816561074,-1.9697611486565192,-166.86438082990009,1.544037036567816,121.54192522852078,-1.3589146118046767,0.5007,0.5021,193.01,199.637,0.677481275
2024-06-18 17:47:58.440598,2410.2742438316345,1,155.46862339000413,-1.9723725805864807,-166.71641561309883,1.668792467142047,121.58909501274789,-1.4347213808403179,0.5001,0.5021,193.01,199.638,0.6775691
2024-06-18 17:47:59.441920,2411.275566101074,1,155.3280618843407,-2.0247551871084455,-166.76391722192128,1.6632395041944243,121.56507295678792,-1.4037219933935412,0.4996,0.5021,193.009,199.637,0.677531548
2024-06-18 17:48:00.446256,2412.2799015045166,1,155.29030222011244,-1.9165431131186519,-166.74323004804626,1.7513381414067932,121.51726050613993,-1.4559547023841066,0.5007,0.5021,193.009,199.638,0.677511384
2024-06-18 17:48:01.450656,2413.2843022346497,1,155.42901533979463,-2.0833955348152093,-166.71617962973016,1.5942419486218533,121.55731896378236,-1.4209833822473785,0.5007,0.5021,193.009,199.637,0.677499097
2024-06-18 17:48:02.453973,2414.2876183986664,1,155.55002807363428,-2.0126615375170225,-166.68579562721976,1.6512168363903714,121.57468190211513,-1.4597561241023551,0.4996,0.5021,193.01,199.637,0.677674474
2024-06-18 17:48:03.454295,2415.287940979004,1,155.45678798421946,-1.991807205477927,-166.72088086613115,1.6949501494943437,121.58175854206267,-1.4398630351904183,0.5007,0.5021,193.01,199.638,0.677613316
2024-06-18 17:48:04.457610,2416.291255712509,1,155.29396747321863,-2.0321916058465415,-166.78487565660834,1.6014017123840667,121.61946043186735,-1.3963310647721456,0.5007,0.5021,193.008,199.637,0.677576581
2024-06-18 17:48:05.461914,2417.2955594062805,1,155.4669474049189,-2.0111893581196094,-166.76969668497566,1.5801944255209424,121.61113326804053,-1.4402590711983567,0.4996,0.5021,193.008,199.637,0.677652909
2024-06-18 17:48:06.465245,2418.298890352249,1,155.39944300317813,-1.942666055581679,-166.59137378568954,1.5321076603014605,121.56160210521371,-1.4376694646308894,0.4996,0.5022,193.01,199.637,0.677619915
2024-06-18 17:48:07.465569,2419.2992146015167,1,155.4421105080006,-1.9893575054925632,-166.70032553107373,1.6815276195021627,121.58217810412572,-1.4355182644507885,0.5007,0.5021,193.009,199.637,0.677567125
2024-06-18 17:48:08.471885,2420.305531024933,1,155.34077696754355,-1.948809824440018,-166.71906281127553,1.6531342566498497,121.59071893511883,-1.4622824822185994,0.4991,0.5021,193.009,199.638,0.677568962
2024-06-18 17:48:09.474205,2421.3078503608704,1,155.3444063536768,-1.9971428301310516,-166.7025692031011,1.6556504678927615,121.57643779416567,-1.4832553623751301,0.4996,0.5021,193.01,199.638,0.677605559
2024-06-18 17:48:10.485500,2422.319144964218,1,155.2620803347604,-1.9345916681264212,-166.80154964655063,1.657694427059007,121.64416424968721,-1.3787000107189837,0.5007,0.5021,193.01,199.637,0.677559572
2024-06-18 17:48:11.485832,2423.319477081299,1,155.3640123101502,-2.0123186948823557,-166.68546413695532,1.6761293580104464,121.57186949989031,-1.458891811674178,0.4991,0.5021,193.009,199.638,0.677606341
2024-06-18 17:48:12.492191,2424.3258368968964,1,155.21110341897494,-2.104776908981384,-166.85418659224112,1.6832051943099804,121.47845397986417,-1.5146707373325907,0.4996,0.5021,193.009,199.637,0.677600047
2024-06-18 17:48:13.493518,2425.3271634578705,1,155.3379389372949,-1.853564136830696,-166.69971041392537,1.6714653554024683,121.55453667948859,-1.461980473923744,0.4996,0.5021,193.01,199.637,0.677540386
2024-06-18 17:48:14.497855,2426.3315002918243,1,155.17829927060725,-2.0469350037129077,-166.84633554572795,1.7021854531432299,121.48407929475395,-1.5082443775514305,0.4996,0.5021,193.01,199.637,0.677648483
2024-06-18 17:48:15.502142,2427.335787296295,1,155.40511493473733,-1.843540729788217,-166.76124111588095,1.5865616983911057,121.56218291655229,-1.466688583752991,0.5001,0.5021,193.01,199.639,0.677638279
2024-06-18 17:48:16.504462,2428.33810710907,1,155.34818687459415,-1.975030938877765,-166.66170795062817,1.5022971162647198,121.55665572056847,-1.4585490614185266,0.4991,0.5021,193.009,199.638,0.677610523
2024-06-18 17:48:17.506808,2429.340453863144,1,155.42851522248233,-1.9382169206476307,-166.73439168692133,1.6501099501621304,121.58025632012034,-1.4639173178354086,0.4996,0.5021,193.009,199.637,0.677576441
2024-06-18 17:48:18.510126,2430.343771457672,1,155.37170129827388,-1.9426314574025563,-166.7719456808891,1.5341762067204325,121.61527564505589,-1.5084565963575893,0.4991,0.5021,193.009,199.636,0.67762617
2024-06-18 17:48:19.514441,2431.3480863571167,1,155.39676492761717,-1.9540142903820101,-166.6023782906476,1.619633375635347,121.55682542923715,-1.4576698052293378,0.4996,0.5021,193.009,199.638,0.677571611
2024-06-18 17:48:20.520730,2432.3543753623962,1,155.31144555531694,-1.9133718547436003,-166.76272389930065,1.60929542200655,121.59797998470779,-1.508210157037192,0.5007,0.5022,193.01,199.638,0.677610047
2024-06-18 17:48:21.521055,2433.354700565338,1,155.32457340915457,-1.9627436267652756,-166.77533085998164,1.625167347546277,121.65835853347266,-1.448770381465487,0.4996,0.5022,193.011,199.637,0.67761685
2024-06-18 17:48:22.523374,2434.357019662857,1,155.41209413418127,-1.9559720366953164,-166.6457320484844,1.5332810041078755,121.56090770595463,-1.4382031829880901,0.4996,0.5021,193.009,199.638,0.677569026
2024-06-18 17:48:23.529721,2435.3633666038513,1,155.2351931658297,-1.7697813254588677,-166.86484824045135,1.6203384970719723,121.4667291544824,-1.4401633959189253,0.5007,0.5021,193.008,199.639,0.677636646
2024-06-18 17:48:24.529048,2436.3626930713654,1,155.42483442977772,-1.9962535956431562,-166.67279970110536,1.518598503076309,121.5569341471175,-1.4382820259467262,0.4991,0.5022,193.008,199.638,0.677585761
2024-06-18 17:48:25.529373,2437.363018512726,1,155.2954338215379,-1.9638910006263475,-166.7567442204518,1.5270154089461025,121.5498244355286,-1.4888548506584953,0.4991,0.5021,193.009,199.638,0.677524738
2024-06-18 17:48:26.534683,2438.368328809738,1,155.48505284133083,-1.8911459698784134,-166.68574664001375,1.666829101202,121.55602245543868,-1.472604460478783,0.5007,0.5021,193.009,199.638,0.67758433
2024-06-18 17:48:27.539998,2439.373643875122,1,155.34994294947313,-1.9653880832491208,-166.73299132486167,1.5944144650410172,121.58246253133736,-1.4458596639873298,0.5007,0.5021,193.009,199.638,0.677600181
2024-06-18 17:48:28.545781,2440.379426240921,1,155.21508532592122,-2.2762121703923683,-166.87899737675735,1.7282334527995724,121.43688845041001,-1.4302555767466933,0.5001,0.5021,193.009,199.639,0.677597188
2024-06-18 17:48:29.551408,2441.385053396225,1,155.25474153268078,-1.983907866336672,-166.75896939392885,1.7788197664960899,121.51271506703532,-1.4243456306205389,0.5001,0.5021,193.007,199.638,0.677652767
2024-06-18 17:48:30.555723,2442.3893682956696,1,155.36832545328272,-1.9816887872534714,-166.68719154795156,1.4864238755012593,121.56082306967241,-1.4249891189587403,0.5001,0.5022,193.008,199.638,0.677518071
2024-06-18 17:48:31.580983,2443.4146287441254,1,155.24487934742933,-1.9762553776842366,-166.71650321874756,1.5268004004242435,121.56435564206222,-1.4591020239763495,0.5007,0.5021,193.008,199.638,0.677579366
2024-06-18 17:48:32.562357,2444.3960020542145,1,155.2991964678696,-2.015010375282952,-166.75086488988742,1.5362264598507054,121.54831011890974,-1.4771004068297304,0.4996,0.5021,193.007,199.637,0.677574332
2024-06-18 17:48:33.559690,2445.393335580826,1,155.42474037528265,-2.0886776008992074,-166.70343274916826,1.594995900489397,121.55100596148392,-1.4392175785004386,0.5007,0.5021,193.007,199.638,0.677534195
2024-06-18 17:48:34.565999,2446.3996443748474,1,155.14579195679866,-2.0496298523839838,-166.8894195329389,1.5441357558390116,121.47730646909233,-1.379416652576453,0.4996,0.5022,193.008,199.638,0.677548549
2024-06-18 17:48:35.565823,2447.3994681835175,1,155.30924634164415,-1.9085907268436046,-166.6649884126707,1.6720050137816367,121.55925449510184,-1.4442958035129065,0.5001,0.5021,193.007,199.639,0.677529638
2024-06-18 17:48:36.567720,2448.4013657569885,1,155.1445064383269,-1.8846010814591971,-166.8656798619986,1.5887646388171837,121.49012346506159,-1.5536079057271235,0.4996,0.5021,193.007,199.638,0.677544942
2024-06-18 17:48:37.571113,2449.4047582149506,1,155.2964409306308,-1.7484228701666464,-166.82259315620732,1.6509738640357468,121.50021755779278,-1.44905520577489,0.4996,0.5021,193.007,199.637,0.677492764
2024-06-18 17:48:38.575435,2450.4090809822083,1,155.17190911246948,-2.0268517786747333,-166.83765330966975,1.4905106975159343,121.47534475746238,-1.4983983307232611,0.5007,0.5021,193.007,199.637,0.677526916
2024-06-18 17:48:39.574765,2451.4084107875824,1,155.0907788938043,-2.0560739790478957,-166.88734320533777,1.551023065967845,121.48823056898594,-1.375325547377374,0.5001,0.5021,193.006,199.637,0.677501474
2024-06-18 17:48:40.578088,2452.4117333889008,1,155.3662632776081,-2.1561579566899605,-166.73952606770072,1.6092083677396345,121.53762445788709,-1.5007725458587582,0.5007,0.5021,193.006,199.638,0.677574672
2024-06-18 17:48:41.581863,2453.4155085086823,1,155.38421781444708,-2.047191214519954,-166.74677212052458,1.618708767723824,121.62875859060479,-1.5002260777708485,0.4991,0.5021,193.006,199.638,0.677493106
2024-06-18 17:48:42.585180,2454.4188249111176,1,155.19797976558968,-1.9863409536115995,-166.78512931728775,1.7182375208523104,121.56867467448454,-1.538454959386752,0.4991,0.5021,193.006,199.639,0.677539026
2024-06-18 17:48:43.584526,2455.4181711673737,1,155.17860719840016,-2.0829165394543057,-166.83616680720812,1.6704789013532535,121.49789791134138,-1.550105477655141,0.4996,0.5021,193.007,199.638,0.677578074
2024-06-18 17:48:44.585847,2456.419492483139,1,155.34058582131445,-1.9819483135573257,-166.74138798436397,1.675195280178084,121.56425465830247,-1.4936012237629774,0.5001,0.5021,193.006,199.639,0.67751508
2024-06-18 17:48:45.588240,2457.4218854904175,1,155.08985578137538,-1.950985694336503,-166.79537389919517,1.9436311171984355,121.44401639621483,-1.5509833896124814,0.5007,0.5021,193.007,199.638,0.677468072
2024-06-18 17:48:46.592556,2458.426201581955,1,155.2401207983677,-2.046573897836118,-166.76108440822878,1.6576178483197208,121.60558686302292,-1.5470791602959746,0.5001,0.5021,193.007,199.638,0.677536168
2024-06-18 17:48:47.594897,2459.428542613983,1,155.52361048582617,-2.04269058444104,-166.67852061407515,1.6445902775382033,121.56035127448845,-1.465176909327362,0.5001,0.5021,193.006,199.638,0.677582019
2024-06-18 17:48:48.594232,2460.4278779029846,1,155.21718900357743,-1.8378519578686612,-166.83599700157407,1.595444375424366,121.53458112486344,-1.5632269013578681,0.5001,0.5021,193.006,199.637,0.677557869
2024-06-18 17:48:49.601634,2461.4352793693542,1,155.30550004311118,-2.005235420541344,-166.69514249834634,1.7735254682699544,121.53442894796666,-1.440852529979537,0.4996,0.5021,193.008,199.637,0.677491136
2024-06-18 17:48:50.607949,2462.4415946006775,1,155.35582915940597,-1.8922115044951435,-166.6658368090032,1.61195447488113,121.57598417501373,-1.503541386357578,0.4996,0.5021,193.007,199.64,0.677503109
2024-06-18 17:48:51.604668,2463.438313961029,1,155.42686715251875,-1.913358731526214,-166.71826345043667,1.535552127033761,121.58550356027887,-1.4466415478648709,0.4996,0.5021,193.007,199.637,0.677553448
2024-06-18 17:48:52.607537,2464.44118309021,1,155.29893596364622,-1.9574286340542928,-166.68015647160155,1.7726004494538004,121.519803036549,-1.434313015435903,0.5001,0.5021,193.007,199.638,0.677626918
2024-06-18 17:48:53.612844,2465.4464898109436,1,155.4306006255166,-2.015228424470528,-166.75162278023643,1.5686682252777688,121.60482192769967,-1.4367445109775314,0.5012,0.5021,193.006,199.638,0.677554808
2024-06-18 17:48:54.619207,2466.452852487564,1,155.2211511277305,-1.785930769745205,-166.85887459809297,1.6627296523045125,121.48336203105828,-1.4558392804620228,0.5001,0.5021,193.006,199.638,0.677575012
2024-06-18 17:48:55.622545,2467.45619058609,1,155.20503135214588,-1.9498518472001578,-166.82713688013135,1.6412200423880374,121.59839764157894,-1.3494123981777915,0.5001,0.5021,193.006,199.638,0.677506536
2024-06-18 17:48:56.628832,2468.4624774456024,1,155.32658158774214,-2.0536162649571947,-166.74376164926122,1.6457614242892142,121.56245592655029,-1.4362487837153757,0.4996,0.5021,193.006,199.638,0.677486782
2024-06-18 17:48:57.629157,2469.462802171707,1,155.4325368171155,-1.8923684101350526,-166.73607115973937,1.5974494909626704,121.57414391852467,-1.4645326384382302,0.4991,0.5021,193.006,199.639,0.67751549
2024-06-18 17:48:58.634524,2470.4681696891785,1,155.1860444663003,-1.9633223316484272,-166.84220422962989,1.546878485337949,121.55401008023465,-1.5621134590314636,0.5007,0.5021,193.005,199.638,0.677511748
2024-06-18 17:48:59.635862,2471.4695076942444,1,155.34068787032462,-1.9840540208490127,-166.65453776443053,1.6944976008647716,121.55069385204733,-1.4617268233943712,0.5001,0.5021,193.004,199.639,0.677552293
2024-06-18 17:49:00.641179,2472.474823951721,1,155.36001990312522,-2.0135680393788435,-166.6288927106956,1.6963620018992216,121.55186784966304,-1.4542126513463556,0.5007,0.5021,193.005,199.638,0.677543179
2024-06-18 17:49:01.641525,2473.4751703739166,1,155.18242231727555,-2.039539828586615,-166.8442144842552,1.5446453012458627,121.48833248484243,-1.4068030062466146,0.5007,0.5021,193.005,199.638,0.677551275
2024-06-18 17:49:02.644870,2474.478516101837,1,155.31148748635877,-2.1202469814125,-166.7790489962661,1.6132570219422915,121.52470822438137,-1.5052898383142204,0.4991,0.5021,193.005,199.638,0.677574132
2024-06-18 17:49:03.647190,2475.4808356761932,1,155.3073895442954,-1.9600496874716864,-166.77584842530837,1.7021101019183387,121.58508100090145,-1.513746602137361,0.4996,0.5021,193.005,199.638,0.6775642
2024-06-18 17:49:04.650510,2476.48415517807,1,155.26401078482857,-2.139152942081405,-166.79718791042237,1.636666009446752,121.52287210636561,-1.5205182306629215,0.5001,0.5021,193.006,199.638,0.677591139
2024-06-18 17:49:05.652821,2477.4864666461945,1,155.26058789614189,-2.0870513612572825,-166.79282002672886,1.7020668182149952,121.50930064836591,-1.4446522336525467,0.5001,0.5021,193.005,199.638,0.677609575
2024-06-18 17:49:06.655119,2478.48876452446,1,155.37684722056275,-2.0198829396020113,-166.6435388188893,1.648822304635689,121.55433880602374,-1.4612006503646366,0.5001,0.5021,193.004,199.639,0.677565056
2024-06-18 17:49:07.661451,2479.495096683502,1,155.29054823127188,-1.90146946805887,-166.72444805297266,1.6264722905216533,121.61514874871123,-1.4953348602395902,0.5001,0.5021,193.004,199.639,0.677551681
2024-06-18 17:49:08.666763,2480.5004081726074,1,155.16931555668808,-1.9158412562587022,-166.84005990660148,1.568671540590375,121.55840765848585,-1.5643750291510972,0.4996,0.5021,193.004,199.638,0.677491612
2024-06-18 17:49:09.668091,2481.50173664093,1,155.33415246591366,-1.9556173444482563,-166.81006897357662,1.5217487643002032,121.68976324162202,-1.4124001746976331,0.5001,0.5021,193.004,199.639,0.677489233
2024-06-18 17:49:10.671437,2482.505082130432,1,155.28900627094598,-2.1252590135697176,-166.78738337066022,1.6434569827798633,121.528634969203,-1.5025357732558362,0.5001,0.5021,193.004,199.638,0.677557397
2024-06-18 17:49:11.677746,2483.5113911628723,1,155.39243851313864,-1.891579933269587,-166.72138342727806,1.5630325883967404,121.5571951255671,-1.460127319584192,0.5007,0.5021,193.004,199.638,0.677518689
2024-06-18 17:49:12.678079,2484.511724948883,1,155.11214274486537,-2.0866658172599526,-166.86387938920663,1.5023158393242328,121.47152892403415,-1.5165341718366125,0.5001,0.5021,193.004,199.639,0.677499029
2024-06-18 17:49:13.684381,2485.518026828766,1,155.3217879385614,-1.953824560121683,-166.77201490760112,1.567534103722656,121.62403865680918,-1.4900824031076043,0.5001,0.5021,193.005,199.639,0.677472224
2024-06-18 17:49:14.686746,2486.520391702652,1,155.17612596548884,-1.8907995018872066,-166.84383602832196,1.5653064394002019,121.53533868096574,-1.5527474608216694,0.5007,0.5021,193.004,199.639,0.677554538
2024-06-18 17:49:15.687047,2487.520692586899,1,155.2785177027809,-2.02544871529119,-166.72904320999115,1.597479142795977,121.63332195390223,-1.459891433621245,0.5007,0.5021,193.004,199.64,0.677501068
2024-06-18 17:49:16.690392,2488.5240375995636,1,155.31079929704862,-1.947812730937579,-166.7204543279588,1.6143907484587212,121.62166978865848,-1.4327566877662312,0.4991,0.5021,193.004,199.639,0.677500251
2024-06-18 17:49:17.695717,2489.5293624401093,1,155.31429186323965,-2.1217228601237172,-166.77046244772134,1.6351671534652523,121.53302973194032,-1.4668572509213844,0.5007,0.5021,193.004,199.639,0.677606648
2024-06-18 17:49:18.694430,2490.5280759334564,1,155.31134605022186,-2.0306171640800756,-166.70599715944624,1.6314807118388968,121.62270887530298,-1.417845616376595,0.5007,0.5021,193.004,199.639,0.677498142
2024-06-18 17:49:19.699772,2491.533417224884,1,155.28822973721873,-1.969331840648379,-166.7807130491123,1.6517710622568944,121.64902895517868,-1.4644263337899805,0.4996,0.5021,193.005,199.638,0.677591273
2024-06-18 17:49:20.702195,2492.5358407497406,1,155.22172196633943,-2.0896525669784127,-166.72103080501904,1.6210663349315328,121.62206652377274,-1.4365564000867554,0.5007,0.5021,193.004,199.638,0.677557259
2024-06-18 17:49:21.706482,2493.5401272773743,1,155.2497546129357,-1.9167820518954857,-166.73394461606043,1.6324206036840396,121.5940797834441,-1.4259325617014482,0.4996,0.5021,193.005,199.639,0.677489843
2024-06-18 17:49:22.711794,2494.545439720154,1,155.29133893570244,-1.9468614630142478,-166.74540016158036,1.5462657562359932,121.55341145463912,-1.453270592288998,0.5001,0.5021,193.004,199.639,0.677526782
2024-06-18 17:49:23.715140,2495.5487854480743,1,155.49268515254704,-1.9901122062981231,-166.68808966375246,1.619418480505087,121.54898145382892,-1.4533478724897209,0.5001,0.5021,193.004,199.637,0.677531612
2024-06-18 17:49:24.719447,2496.553092479706,1,155.20843733862682,-1.842843430978631,-166.82329228325528,1.6819743207840712,121.5085452062527,-1.3974854505233563,0.4991,0.5021,193.003,199.639,0.677497394
2024-06-18 17:49:25.724793,2497.5584387779236,1,155.29063767574095,-1.8052720843381638,-166.7742074466325,1.5541498013347002,121.52402480363935,-1.4442704820551302,0.5001,0.5021,193.004,199.637,0.677513041
2024-06-18 17:49:26.729107,2498.562752723694,1,155.45367019569295,-2.0211645375396126,-166.6779552797154,1.5761264563141935,121.55463322414239,-1.4546200852093654,0.5001,0.5021,193.003,199.639,0.677501204
2024-06-18 17:49:27.730431,2499.564076900482,1,155.20698638598455,-1.8450040660726261,-166.81615298531005,1.6811485828830115,121.50149869231602,-1.403556156652399,0.4996,0.5022,193.003,199.637,0.677414059
2024-06-18 17:49:28.732778,2500.5664234161377,1,155.18182669283118,-1.9616896245380546,-166.758488496872,1.6340442944975628,121.57526743006962,-1.416228204031664,0.4996,0.5022,193.002,199.637,0.677432019
2024-06-18 17:49:29.737092,2501.570737361908,1,155.0836639100185,-1.9512052963484285,-166.88738086400122,1.5799048918257803,121.4567594672646,-1.5119867201286539,0.4996,0.5021,193.002,199.639,0.677504809
2024-06-18 17:49:30.741397,2502.5750427246094,1,155.14733497156283,-2.13732362522024,-166.86636180582732,1.5646989391470143,121.46010160858151,-1.41196781299416,0.5001,0.5021,193.003,199.639,0.677503925
2024-06-18 17:49:31.745722,2503.579367160797,1,155.27826796050527,-1.9850250507907654,-166.77546643817152,1.5779437567109846,121.55393413070357,-1.4920436103926809,0.5001,0.5021,193.002,199.639,0.677507326
2024-06-18 17:49:32.747045,2504.5806906223297,1,155.26697334917452,-1.9966387899244944,-166.72578416276951,1.7585711359829341,121.50673000684978,-1.4595728172442888,0.5001,0.5021,193.004,199.64,0.677440591
2024-06-18 17:49:33.751359,2505.5850048065186,1,155.28742154028532,-2.028269962544527,-166.69598222541828,1.5960300968978591,121.59392762291392,-1.5199293005368801,0.5001,0.5021,193.004,199.639,0.677457666
2024-06-18 17:49:34.753707,2506.58735203743,1,155.29928329046456,-2.0504935794026635,-166.67821948926095,1.6070023996169172,121.59175615042555,-1.4862259382778151,0.4991,0.5021,193.004,199.638,0.677452019
2024-06-18 17:49:35.756108,2507.5897538661957,1,155.3245465364264,-1.9186697839917042,-166.63535896633863,1.5433639742340062,121.57424763977811,-1.4681473775433904,0.4996,0.5021,193.004,199.639,0.677442155
2024-06-18 17:49:36.763392,2508.59703707695,1,155.2337245405874,-2.0396196129719857,-166.7803793272729,1.716323052324826,121.5250100784458,-1.5232368371210345,0.5001,0.5021,193.002,199.639,0.677443176
2024-06-18 17:49:37.762718,2509.5963633060455,1,155.32621855261297,-1.8775985075451886,-166.75212799238003,1.6075604235251362,121.5468025110861,-1.4940995583795456,0.4991,0.5021,193.002,199.639,0.677382698
2024-06-18 17:49:38.766035,2510.5996804237366,1,155.33038609850743,-1.7742917153519402,-166.77811229646346,1.5794011738805283,121.52492048574605,-1.4549372908161642,0.4991,0.5021,193.002,199.638,0.677443856
2024-06-18 17:49:39.770349,2511.603994846344,1,155.3723384855078,-1.9410393699151958,-166.6695636232067,1.6822090401720557,121.54823340888389,-1.4469756020278248,0.5007,0.5021,193.003,199.639,0.677478034
2024-06-18 17:49:40.775673,2512.6093187332153,1,155.1180815309414,-1.882273643476397,-166.9027100192964,1.614166338794966,121.4531376270297,-1.5230387123001854,0.4996,0.5021,193.004,199.64,0.677482974
2024-06-18 17:49:41.786985,2513.620630264282,1,155.26266923177252,-1.8175432098710218,-166.7921345906637,1.6604991512934002,121.49963807072423,-1.4766362168178142,0.4996,0.5021,193.003,199.64,0.677468348
2024-06-18 17:49:42.785289,2514.618934392929,1,155.29024961557886,-2.1246101697222546,-166.78898334197683,1.5725013963803762,121.50834310117511,-1.4450964813774236,0.4996,0.5021,193.002,199.639,0.677498757
2024-06-18 17:49:43.786611,2515.6202569007874,1,155.26712780161094,-1.989406568167234,-166.67736745842663,1.7672753356864315,121.51212788434056,-1.4463905648375022,0.5001,0.5021,193.002,199.641,0.677502362
2024-06-18 17:49:44.787729,2516.6213743686676,1,155.29463905777158,-2.066791990076857,-166.73418608287375,1.6059069156939862,121.54769642188155,-1.4506299379913323,0.5007,0.5021,193.001,199.64,0.67738685
2024-06-18 17:49:45.794063,2517.62770819664,1,155.25705927877942,-1.8940394539207184,-166.69935407749296,1.617793275929159,121.59792578189871,-1.4162525783367401,0.5001,0.5021,193.001,199.639,0.6774693
2024-06-18 17:49:46.794394,2518.62704706192,1,155.184300024911,-1.9588391903952538,-166.81500328879582,1.5718449459191914,121.5890387866672,-1.5445651716300748,0.4991,0.5021,193.002,199.638,0.677407325
2024-06-18 17:49:47.796712,2519.6303572654724,1,155.2734415395515,-1.9501465259293638,-166.7477111977696,1.538648467604821,121.5505622831168,-1.4852660347666198,0.4991,0.5021,193.002,199.639,0.677452904
2024-06-18 17:49:48.798005,2520.631651163101,1,155.35165676245416,-1.9410646116724088,-166.740420397348,1.5204834684011859,121.54794031277325,-1.4851022227913755,0.4996,0.5021,193.001,199.64,0.677458074
2024-06-18 17:49:49.802320,2521.63596534729,1,155.27683825989757,-2.074615322601618,-166.76768081936768,1.6221990630255732,121.5533883775571,-1.4081054600933554,0.5007,0.5021,193.002,199.638,0.677527395
2024-06-18 17:49:50.808657,2522.6423029899597,1,155.33016048225588,-1.9623978494726155,-166.74431933209914,1.538019110244669,121.59396278824472,-1.4238620145484644,0.4991,0.5021,193.001,199.638,0.677481476
2024-06-18 17:49:51.812945,2523.646590232849,1,155.18052775956022,-1.8977121825114271,-166.82963801372165,1.6119704223474265,121.58719157314883,-1.5521115992597554,0.4991,0.5021,193.001,199.639,0.677511816
2024-06-18 17:49:52.814267,2524.647912502289,1,,,,,,,0.5001,0.5021,193.002,199.637,0.677551953
2024-06-18 17:49:54.018075,2525.851721048355,1,155.3082114500047,-1.9642428619724035,-166.64948682643055,1.6850244985464926,117.32086345449268,-1.9820861706865034,0.5001,0.5021,193.001,199.638,0.677500932
2024-06-18 17:49:55.022390,2526.856035232544,1,155.17816311913415,-1.8602997243074149,-166.81191039529804,1.4552205622968846,121.32076914752055,-1.5096324073745753,0.4991,0.5021,193.001,199.637,0.67753134
2024-06-18 17:49:56.023685,2527.857330560684,1,155.32638297711642,-2.0185927716393293,-166.64618398704408,1.7004292105795924,121.52931378906776,-1.4810605025917194,0.4996,0.5021,193.002,199.64,0.677546102
2024-06-18 17:49:57.029001,2528.862646341324,1,155.17934965822792,-1.8493540261014343,-166.79804564257108,1.5803896676203142,121.52173333231538,-1.3960682917283902,0.5007,0.5021,193.002,199.638,0.677505558
2024-06-18 17:49:58.030358,2529.8640038967133,1,155.17872724517574,-1.989812631093379,-166.82312245674848,1.6008360077705672,121.63657359675562,-1.5345362785601113,0.4991,0.5021,193.001,199.638,0.677533449
2024-06-18 17:49:59.034671,2530.868316888809,1,155.3020117258336,-1.8792495866453875,-166.68875200902534,1.6041057731101196,121.58443553918283,-1.4303612613619852,0.5007,0.5021,193.002,199.639,0.677596239
2024-06-18 17:50:00.038985,2531.8726308345795,1,155.05869623010295,-1.9438227903060668,-166.86152251663154,1.6393548171266419,121.50638985668652,-1.5664527223622968,0.4991,0.5021,193.001,199.64,0.67752651
2024-06-18 17:50:01.040319,2532.8739643096924,1,155.3417063226409,-1.9871782972832635,-166.72533751320668,1.6726333798871622,121.56869784004967,-1.4788754110857252,0.5001,0.5021,193.001,199.639,0.677500455
2024-06-18 17:50:02.043875,2533.877520799637,1,155.17060155611063,-1.9681420293404883,-166.79638381743234,1.4694636828988996,121.49685687071981,-1.404710711777951,0.4996,0.5021,193.001,199.639,0.677494401
2024-06-18 17:50:03.045170,2534.878814935684,1,155.34547504962237,-2.189413816799447,-166.62861266221816,1.584311701297943,121.58988850670397,-1.3775504655949138,0.4996,0.5021,193.001,199.639,0.677529299
2024-06-18 17:50:04.049508,2535.8831532001495,1,155.21870635634,-2.115112059552752,-166.79324521415083,1.5843629135686605,121.52983561308083,-1.5297991840700291,0.4996,0.5021,193.001,199.638,0.677551312
2024-06-18 17:50:05.051804,2536.885449409485,1,155.21501914256558,-2.08418591826602,-166.8027530783087,1.5951164424485833,121.55054890734417,-1.5295389144095808,0.4985,0.5021,193.0,199.64,0.677460453
2024-06-18 17:50:06.055121,2537.888766527176,1,155.37432886687918,-2.08234188070292,-166.73598650903844,1.5681374400718333,121.56339987822423,-1.4577888960853433,0.5001,0.5021,193.0,199.64,0.677542359
2024-06-18 17:50:07.059463,2538.89310836792,1,155.59127532692003,-1.8607482478314155,-166.56190623404868,1.6239017414491734,121.55303347175611,-1.4601045517696867,0.5001,0.5021,193.001,199.639,0.677616442
2024-06-18 17:50:08.064777,2539.8984224796295,1,155.16873926977067,-1.9623809817368378,-166.79346560337953,1.4469391066891812,121.47336336345096,-1.4329895654549594,0.5007,0.5021,193.001,199.638,0.677612496
2024-06-18 17:50:09.067095,2540.900740623474,1,155.46418787271082,-1.9767942387390356,-166.69999572538327,1.5529305729202503,121.56065695712817,-1.4640981151960364,0.5007,0.5021,193.001,199.639,0.677556373
2024-06-18 17:50:10.069421,2541.9030663967133,1,155.14777578344678,-1.8267317000661216,-166.83888764825508,1.5697650231224511,121.48910531819372,-1.4058029582928373,0.5007,0.5021,193.0,199.638,0.677583516
2024-06-18 17:50:11.069742,2542.903387069702,1,155.13280782004455,-1.9504723015976588,-166.7986355992153,1.4418614247149315,121.47567943876655,-1.4735381913886225,0.4996,0.5021,193.001,199.637,0.677647871
2024-06-18 17:50:12.074144,2543.907790184021,1,155.2810342331295,-1.9408079556943967,-166.68899692165007,1.4981327847610857,121.55055336267839,-1.4621998073159026,0.4991,0.5021,193.001,199.638,0.677588686
2024-06-18 17:50:13.074468,2544.908113718033,1,155.2771505130439,-1.9555798313030774,-166.75971334520864,1.5428349116300293,121.56119085793651,-1.5016273014895085,0.4996,0.5021,193.002,199.639,0.677610999
2024-06-18 17:50:14.077787,2545.9114327430725,1,155.3148937758341,-1.8683092975229352,-166.7637746360857,1.547204945042618,121.55753324577994,-1.5052241224560483,0.4991,0.5021,193.0,199.64,0.677579842
2024-06-18 17:50:15.083105,2546.9157536029816,1,155.1776541078064,-1.7938952064152585,-166.83734625137052,1.5378730170841788,121.49620384185646,-1.4924282725322422,0.4996,0.5021,193.0,199.639,0.677628687
2024-06-18 17:50:16.085426,2547.9190714359283,1,155.29402893359696,-1.874492370709865,-166.69460810030623,1.5633387580955915,121.55078263001295,-1.4452153841586404,0.4991,0.5021,193.001,199.638,0.67763583
2024-06-18 17:50:17.087744,2548.9213898181915,1,155.14097863730564,-2.0401414350939056,-166.83047080797732,1.7104991327610268,121.50202368592876,-1.3830274945204624,0.5001,0.5021,193.0,199.639,0.677676171
2024-06-18 17:50:18.089067,2549.922712087631,1,155.16495642943738,-2.0027965131831102,-166.79739820598053,1.6150883468974153,121.65232067782648,-1.4290758582212337,0.4996,0.5021,193.0,199.64,0.677625966
2024-06-18 17:50:19.096418,2550.930063724518,1,155.1413523957465,-1.9290759510897086,-166.8231824047928,1.5695441217680366,121.58658653645055,-1.3796008897833592,0.4996,0.5021,193.0,199.638,0.677630251
2024-06-18 17:50:20.100710,2551.9343552589417,1,155.3565966017638,-2.005856546960287,-166.72719353591384,1.666197795860495,121.57765349111689,-1.441635104937063,0.5007,0.5021,192.999,199.639,0.677602428
2024-06-18 17:50:21.107019,2552.9406640529633,1,155.21955727213864,-1.9171844113155432,-166.7789312674285,1.6169165757870168,121.65489681602105,-1.4147659191384188,0.4996,0.5021,193.0,199.64,0.67763549
2024-06-18 17:50:22.108375,2553.942020177841,1,155.25800715313002,-2.2105350670829322,-166.80428932426713,1.602826163664306,121.49436089639403,-1.4798237966569336,0.4996,0.5021,193.001,199.637,0.677643925
2024-06-18 17:50:23.113770,2554.947415828705,1,155.2832935936136,-1.9637387886806177,-166.74349542412665,1.5868153663898892,121.56305464755451,-1.4545497706963675,0.4996,0.5021,193.0,199.638,0.677654878
2024-06-18 17:50:24.115063,2555.948708295822,1,155.25990500670514,-1.9923397753128955,-166.69664213881003,1.474353174787763,121.52505278752056,-1.494145186965204,0.5007,0.5021,193.0,199.639,0.677639775
2024-06-18 17:50:25.119454,2556.953099012375,1,155.20573911897418,-1.929396023433015,-166.78296393316444,1.6068271346816962,121.6486630126772,-1.41457069633262,0.5007,0.5021,193.0,199.638,0.677592156
2024-06-18 17:50:26.123798,2557.9574434757233,1,155.29322228187036,-1.9338042151549755,-166.73461343158533,1.7446312083663842,121.56479170729011,-1.5179579813423894,0.4996,0.5021,192.999,199.64,0.677601271
2024-06-18 17:50:27.127097,2558.9607424736023,1,155.29990292884648,-2.023215185911812,-166.64955789349642,1.5473910333001732,121.56058994722402,-1.4686951905517942,0.4996,0.5021,193.0,199.64,0.677587734
2024-06-18 17:50:28.130979,2559.964624643326,1,155.23600078796358,-1.7616826685465203,-166.80251775502683,1.5973064607797496,121.49377629763801,-1.4154997923435537,0.4996,0.5021,193.001,199.64,0.677623313
2024-06-18 17:50:29.134303,2560.9679486751556,1,155.2341141904876,-1.8906367985787105,-166.76877378697898,1.6349753683814288,121.59773255553608,-1.5224109836225066,0.5007,0.5021,193.0,199.638,0.677642767
2024-06-18 17:50:30.135646,2561.969290971756,1,155.17304557417475,-2.0853877499505242,-166.8187834295312,1.6208452238438962,121.52964689528923,-1.5508874760869873,0.4991,0.5021,193.0,199.639,0.677640862
2024-06-18 17:50:31.141927,2562.9755725860596,1,155.21805255762627,-1.9071096362499045,-166.76533527545232,1.7009384598250392,121.50713219329158,-1.513133004449477,0.5007,0.5021,192.998,199.64,0.677657665
2024-06-18 17:50:32.145304,2563.9789497852325,1,155.17457829122856,-2.1139902123026255,-166.81026983060346,1.596039682079354,121.52730340015206,-1.5506644544395443,0.4996,0.5021,192.999,199.638,0.677616032
2024-06-18 17:50:33.144661,2564.978306055069,1,155.10364394641846,-2.05027648133741,-166.86527393731268,1.6540767669330254,121.52546397895962,-1.5820261927882835,0.4991,0.5021,192.999,199.638,0.677613378
2024-06-18 17:50:34.151940,2565.9855859279633,1,155.4076502193852,-2.0065523196863286,-166.66754465355854,1.583544681500024,121.55698121110241,-1.4578041476489618,0.4991,0.5021,192.999,199.638,0.677611678
2024-06-18 17:50:35.153263,2566.9869089126587,1,155.21439515858853,-1.9134189049814954,-166.76295968828364,1.6188629166933015,121.64768735525351,-1.4152843774263721,0.4996,0.5022,193.001,199.639,0.677584807
2024-06-18 17:50:36.156579,2567.9902245998383,1,155.2714710885105,-1.974432615474522,-166.7575873835777,1.6606337973727257,121.6019975718597,-1.4092415682546406,0.4991,0.5021,193.0,199.639,0.677540996
2024-06-18 17:50:37.159991,2568.9936368465424,1,155.14362755545542,-1.9031701489315445,-166.76350627996263,1.6112768596643496,121.6396409666868,-1.4279915796662552,0.4996,0.5021,193.0,199.638,0.677598208
2024-06-18 17:50:38.165280,2569.9989261627197,1,155.24845275969642,-1.9814992275045562,-166.67478768936058,1.5568925656019088,121.56825282998393,-1.4548207198042864,0.4996,0.5021,192.999,199.638,0.677543173
2024-06-18 17:50:39.165605,2570.9992508888245,1,155.31184888257147,-1.9185197914764254,-166.59534916887264,1.6783005490723844,121.56147497409084,-1.455713508796218,0.5001,0.5021,193.0,199.639,0.677496098
2024-06-18 17:50:40.176921,2572.0105662345886,1,155.2801818491314,-1.9806551800663728,-166.74115495954308,1.6497731747079656,121.59152729766369,-1.4196146645703176,0.4996,0.5021,192.999,199.639,0.677612222
2024-06-18 17:50:41.170273,2573.003918170929,1,155.1459217079784,-1.9923324403228646,-166.7372803753215,1.4569866319230376,121.52189135895692,-1.5061531273854323,0.5001,0.5021,193.001,199.64,0.677524261
2024-06-18 17:50:42.174559,2574.008204936981,1,155.15199930400607,-1.8331193803631753,-166.8201008000134,1.53164647688744,121.47693469996558,-1.5130258513039798,0.5001,0.5021,193.0,199.639,0.677540996
2024-06-18 17:50:43.180869,2575.014514684677,1,155.32232283642458,-2.018823570464186,-166.7398888989379,1.5833736359679251,121.56241289394532,-1.4489499663975713,0.4991,0.5021,193.001,199.638,0.677555418
2024-06-18 17:50:44.180196,2576.0138416290283,1,155.16622535546747,-1.9691015411095174,-166.80279194013286,1.6229773715722227,121.64616176733604,-1.5186353474594618,0.4996,0.5021,193.001,199.638,0.677565214
2024-06-18 17:50:45.184511,2577.0181560516357,1,155.1482954131899,-1.7874310338459154,-166.8238483836199,1.6016257407077816,121.49081078070712,-1.399345807745721,0.4991,0.5021,192.999,199.64,0.677650998
2024-06-18 17:50:46.188878,2578.0225236415863,1,155.22174762126377,-1.9332334796427493,-166.75743401303046,1.622551298965652,121.64850184483886,-1.4344974297351962,0.5001,0.5021,192.999,199.639,0.677614807
2024-06-18 17:50:47.189174,2579.022819519043,1,155.13942900922103,-1.9144740075993183,-166.82158198433666,1.7205099724915283,121.53794603317105,-1.5448049990719754,0.4996,0.5021,192.999,199.639,0.677543377
2024-06-18 17:50:48.195504,2580.0291492938995,1,155.2428883691668,-1.935880114186342,-166.7151733895938,1.691452599445153,121.53516100974474,-1.4682746592230183,0.4996,0.5021,193.0,199.639,0.677581473
2024-06-18 17:50:49.196827,2581.030472278595,1,155.28003050695028,-1.9530660710892913,-166.73442199181775,1.6823965574524273,121.58508189935358,-1.417641874610212,0.4996,0.5021,192.999,199.639,0.677550112
2024-06-18 17:50:50.201140,2582.0347855091095,1,155.1155098552283,-2.136775213779488,-166.84011019162,1.605912175044302,121.60055906295322,-1.6273644487667835,0.5001,0.5021,192.999,199.638,0.677597324
2024-06-18 17:50:51.203459,2583.03612947464,1,155.2472650615773,-1.9812825255296953,-166.75413997268132,1.6886778410940022,121.58252594176388,-1.4085636553480994,0.4996,0.5022,192.999,199.639,0.67759746
2024-06-18 17:50:52.209770,2584.0434153079987,1,155.07989400720595,-1.9417994412789394,-166.78981769882571,1.48487068806626,121.51737414461125,-1.5165338491523577,0.5001,0.5022,192.999,199.638,0.677605419
2024-06-18 17:50:53.208099,2585.0417442321777,1,155.1131198011658,-1.8775944907039144,-166.82276978783483,1.5002924606582253,121.47258631005262,-1.5331272107971317,0.5001,0.5021,192.999,199.639,0.677610725
2024-06-18 17:50:54.213433,2586.0470786094666,1,155.2274149240869,-2.033872003210078,-166.74750206822367,1.5231453749721096,121.539406254225,-1.4282604618445558,0.5007,0.5021,192.999,199.64,0.677678958
2024-06-18 17:50:55.215730,2587.0493755340576,1,155.23116265821508,-1.916962940624058,-166.76138546580685,1.5840752122891801,121.56884940511138,-1.5075293474391929,0.4991,0.5021,192.999,199.639,0.677611472
2024-06-18 17:50:56.218078,2588.051723241806,1,155.32393658777457,-2.0524527954035716,-166.7061242389789,1.6730469905501404,121.55804713432235,-1.448829076686343,0.5007,0.5022,192.998,199.639,0.67761603
2024-06-18 17:50:57.219392,2589.0530371665955,1,155.26220413859588,-2.0083237706307937,-166.63920985477222,1.5637266930647582,121.55962359070384,-1.4489101802735567,0.4991,0.5022,192.999,199.639,0.677662153
2024-06-18 17:50:58.223716,2590.057361125946,1,155.07546501674665,-1.9517008664121036,-166.84441541522452,1.473549467284717,121.45327288435212,-1.4563598436324867,0.4996,0.5021,192.999,199.639,0.677585893
2024-06-18 17:50:59.229996,2591.0636415481567,1,155.15838331060314,-2.134912439274812,-166.82121742774683,1.6656437159628383,121.48732400650556,-1.4036070895255448,0.5001,0.5021,192.999,199.639,0.677582424
2024-06-18 17:51:00.228356,2592.0620017051697,1,155.2660958030496,-2.0123392352906224,-166.74336034517205,1.5818192298765679,121.55754706319735,-1.459236962970988,0.4996,0.5021,193.0,199.639,0.677582152
2024-06-18 17:51:01.229706,2593.0633521080017,1,155.39976384937128,-1.9569991243122629,-166.72249776537024,1.572011608372011,121.5694843563804,-1.4520356877307932,0.4996,0.5022,192.999,199.639,0.677596506
2024-06-18 17:51:02.235014,2594.068659543991,1,155.2346676885056,-1.8398328967791986,-166.75391697328004,1.6089033822468386,121.55543293646534,-1.3934028767490152,0.4996,0.5021,192.999,199.64,0.677686643
2024-06-18 17:51:03.240304,2595.073949575424,1,155.26534120291336,-1.987019034339045,-166.73386531931965,1.5740322265922493,121.5662382601992,-1.4573426209934042,0.4996,0.5021,192.999,199.639,0.677635486
2024-06-18 17:51:04.239657,2596.073302745819,1,155.31929755913515,-1.938871054887235,-166.71755123573234,1.7082217786413822,121.57405444870145,-1.4178846752279395,0.4996,0.5021,192.999,199.638,0.67769433
2024-06-18 17:51:05.245940,2597.0795860290527,1,155.18652624722156,-1.913909313173005,-166.77901976859974,1.6281371485929133,121.62360724545945,-1.3935278849219248,0.5001,0.5021,192.999,199.64,0.677586233
2024-06-18 17:51:06.248281,2598.0819261074066,1,155.2003846423865,-1.9372265223155771,-166.7746913987584,1.6268091340958433,121.63905025757538,-1.5031514214740131,0.5001,0.5021,192.998,199.639,0.677689094
2024-06-18 17:51:07.252573,2599.086219072342,1,155.42123216695848,-1.9615471173411752,-166.69023194458987,1.6681249711501422,121.57776592766447,-1.4596498039650667,0.5007,0.5022,192.998,199.639,0.677584262
2024-06-18 17:51:08.256979,2600.0906240940094,1,155.326465163063,-2.1161219506432123,-166.7337565396458,1.621760422369792,121.56807645139159,-1.5179332120559414,0.5001,0.5021,192.998,199.639,0.677595965
2024-06-18 17:51:09.260301,2601.093946456909,1,155.34348616319448,-1.8763377612309258,-166.72446083986762,1.5836753361569205,121.57131277816077,-1.481891741367619,0.4996,0.5021,192.999,199.639,0.677570795
2024-06-18 17:51:10.263591,2602.0972368717194,1,155.31695197576474,-1.9271691656519803,-166.7190040897181,1.551776575582534,121.56839671075802,-1.471811312566491,0.5001,0.5021,192.999,199.639,0.677625013
2024-06-18 17:51:11.469366,2603.303011417389,1,155.23992633444448,-1.951697999459517,-166.72089765766992,1.530389558315796,121.54196501442932,-1.4402880932146689,0.5001,0.5022,192.999,199.638,0.677607122
2024-06-18 17:51:12.473681,2604.3073270320892,1,155.36784100862698,-1.9570313956125927,-166.7484926438323,1.462870214705546,121.65803316856538,-1.5301348187690016,0.5001,0.5021,192.999,199.638,0.677591135
2024-06-18 17:51:13.474006,2605.3076519966125,1,155.34056466846346,-1.9395764640273552,-166.73092644198132,1.5415776821228788,121.60835178396171,-1.4812712508339452,0.5007,0.5021,192.999,199.639,0.677485079
2024-06-18 17:51:14.481335,2606.314980506897,1,155.15930085655742,-1.8444294870507398,-166.81122296312063,1.6587662002136638,121.52256869727545,-1.3799297358476947,0.5001,0.5021,192.999,199.639,0.677589707
2024-06-18 17:51:15.482648,2607.3162939548492,1,155.2816934199064,-1.8804198770937903,-166.7068464129327,1.55661469502843,121.58149949713537,-1.4285611725909388,0.5001,0.5021,193.0,199.639,0.677649776
2024-06-18 17:51:16.487983,2608.321629047394,1,155.21627196310214,-1.8934619940618629,-166.7429014877437,1.596386155943088,121.61071539250075,-1.5099168311108937,0.5007,0.5021,192.999,199.638,0.677651204
2024-06-18 17:51:17.488303,2609.321949005127,1,155.1808195325583,-2.0142719603799537,-166.7714101677009,1.624759569718336,121.60768518835081,-1.5375955010954308,0.5001,0.5021,192.999,199.639,0.67769862
2024-06-18 17:51:18.492617,2610.32626247406,1,155.2131418702721,-2.1380339463457365,-166.77791765803508,1.6748704432708748,121.49522301410056,-1.449429585435215,0.5001,0.5021,192.998,199.639,0.677621952
2024-06-18 17:51:19.495916,2611.3295612335205,1,155.2153485014887,-1.9935547755671996,-166.77209977115913,1.648337878376071,121.59274333485808,-1.5310767201265212,0.5001,0.5021,192.997,199.64,0.67757923
2024-06-18 17:51:20.500231,2612.333876848221,1,155.21076562937694,-2.0923295433789506,-166.76086656913938,1.7287360706365804,121.49203292029006,-1.436280464454765,0.4985,0.5021,192.999,199.638,0.677715831
2024-06-18 17:51:21.501552,2613.3351979255676,1,155.1567660248828,-1.8290576606430657,-166.79049189174893,1.6730268353688564,121.50775179599155,-1.379179388600355,0.4991,0.5021,192.998,199.638,0.677655354
2024-06-18 17:51:22.504887,2614.338532447815,1,155.12047524421595,-2.071409025663312,-166.85441260845607,1.7296007136879417,121.6011020235142,-1.6235472244709528,0.5007,0.5021,192.997,199.64,0.677618006
2024-06-18 17:51:23.505913,2615.3395586013794,1,155.20535775251176,-1.9464929795392785,-166.77236100967394,1.7042720398419746,121.55991711296977,-1.5192807569847522,0.5001,0.5021,192.998,199.639,0.677674775
2024-06-18 17:51:24.511213,2616.3448588848114,1,155.33336758341088,-2.0328152603123693,-166.64843912437442,1.6547201935541012,121.55224695859657,-1.4620166676266397,0.5001,0.5021,192.998,199.639,0.677679298
2024-06-18 17:51:25.513568,2617.3472130298615,1,155.45596028621821,-1.921289285522524,-166.64183370117107,1.6270255001634206,121.55052724617504,-1.4553929804561867,0.5007,0.5021,192.998,199.639,0.677711475
2024-06-18 17:51:26.515911,2618.3495559692383,1,155.181546467174,-1.980535378768742,-166.7873936369652,1.6125640751169847,121.59508291579694,-1.372076314642448,0.4996,0.5021,192.999,199.64,0.677621474
2024-06-18 17:51:27.518232,2619.3518776893616,1,155.26529501376268,-1.8961684348189498,-166.61871982151584,1.6218039180175083,121.56014414974355,-1.4656717806572777,0.5001,0.5021,192.998,199.639,0.677536166
2024-06-18 17:51:28.524517,2620.358162164688,1,155.24935225561669,-2.038007046580091,-166.73393045193117,1.5667794122121528,121.52829061768271,-1.4686453942262139,0.4996,0.5021,192.999,199.639,0.677684334
2024-06-18 17:51:29.523844,2621.357489824295,1,155.31523024460532,-1.9035178302805187,-166.63483666976228,1.5464659310972695,121.54894175370396,-1.4576248345227145,0.4991,0.5021,192.999,199.639,0.677690184
2024-06-18 17:51:30.528167,2622.3618125915527,1,155.265180810428,-1.8987114460189993,-166.72293055159616,1.5915984546508581,121.56985941086896,-1.4598774427025416,0.4991,0.5021,192.999,199.639,0.677628619
2024-06-18 17:51:31.530481,2623.3641266822815,1,155.1841841291162,-1.7962094501171104,-166.7716932651586,1.6219608883331542,121.52361875031116,-1.5324679462634565,0.4996,0.5021,192.999,199.639,0.677670184
2024-06-18 17:51:32.538784,2624.3724291324615,1,155.20814518302862,-1.9106660688370123,-166.75265439197318,1.5261597255836374,121.5441608723521,-1.4167873309440417,0.4996,0.5021,192.999,199.638,0.677692701
2024-06-18 17:51:33.539108,2625.3727536201477,1,155.14340007497245,-1.9109158438910747,-166.82703422301475,1.707820876474703,121.64095835294694,-1.2922018683582983,0.4996,0.5021,192.997,199.638,0.677589911
2024-06-18 17:51:34.539433,2626.3730783462524,1,155.0990088493225,-2.0528939070220398,-166.8508197388125,1.518913719940369,121.45363289117476,-1.4764770994615437,0.4991,0.5021,192.999,199.639,0.677670695
2024-06-18 17:51:35.543804,2627.3774497509003,1,155.25807952028526,-1.9138643028392301,-166.62458483884242,1.6076276547906183,121.56437354771582,-1.4458941542816084,0.5001,0.5021,192.998,199.639,0.677684336
2024-06-18 17:51:36.546124,2628.379769563675,1,155.40980549053478,-1.981710162151137,-166.52909799535348,1.811227852561976,121.55369307882592,-1.410567140772616,0.4996,0.5021,192.998,199.638,0.677668417
2024-06-18 17:51:37.548472,2629.382117509842,1,155.29102220188426,-1.9354044905047019,-166.64206031513476,1.5634151727828005,121.56080254628124,-1.4504471039901852,0.4996,0.5021,192.999,199.638,0.677629029
2024-06-18 17:51:38.550763,2630.3844089508057,1,155.0686245972873,-2.043564475638566,-166.8518138354924,1.5082731922367336,121.45273224697793,-1.4952699938464096,0.4991,0.5022,193.0,199.638,0.677560184
2024-06-18 17:51:39.554109,2631.387754201889,1,155.2690785258078,-2.0324790306955243,-166.62063669295773,1.6383425896970598,121.56083554958225,-1.4730279668391388,0.4996,0.5021,193.0,199.639,0.677661955
2024-06-18 17:51:40.556433,2632.390078306198,1,155.23925061706072,-1.9526883542518096,-166.7085118724823,1.4800088410361782,121.52117533604924,-1.4510536147767017,0.4991,0.5021,193.0,199.64,0.67760794
2024-06-18 17:51:41.562747,2633.396392583847,1,155.31234310612174,-1.9953328333686338,-166.6980595033697,1.6879317744544202,121.55578789778234,-1.483544171262505,0.4996,0.5021,192.999,199.639,0.677624607
2024-06-18 17:51:42.568029,2634.401674747467,1,155.368486563755,-1.8484431702998394,-166.7098745433156,1.6392753500948898,121.54877135741651,-1.4531856625772983,0.4996,0.5021,192.998,199.639,0.677611001
2024-06-18 17:51:43.569354,2635.402999162674,1,155.25331233221019,-1.9473552298232422,-166.70879981277753,1.6950693136210961,121.5433183966157,-1.4327279601715575,0.5001,0.5021,192.999,199.639,0.677643791
2024-06-18 17:51:44.572669,2636.4063143730164,1,155.33033584426116,-2.0876828864131523,-166.62313746024827,1.5210173661578341,121.54611331627359,-1.4708519016393595,0.5001,0.5021,193.0,199.639,0.677588416
2024-06-18 17:51:45.575987,2637.4096319675446,1,155.1786331407058,-1.9008687632075942,-166.7843747043936,1.4455446549118025,121.56477666470461,-1.3163066126312688,0.5001,0.5021,192.999,199.639,0.677589368
2024-06-18 17:51:46.579384,2638.4130296707153,1,155.21744618334364,-1.9024261795126836,-166.74627854880606,1.545434639428867,121.53257659409898,-1.4625442854477861,0.4991,0.5021,192.999,199.64,0.67762726
2024-06-18 17:51:47.583729,2639.417375087738,1,155.21608630111317,-1.9792104771438683,-166.67371520870284,1.4392131572600997,121.51010536369138,-1.4634717896035379,0.4996,0.5021,192.999,199.64,0.677693792
2024-06-18 17:51:48.592003,2640.425648212433,1,155.26546618967498,-1.917096014321958,-166.65739974190785,1.58532899759209,121.58539441482591,-1.4809668979144095,0.4996,0.5021,192.999,199.64,0.677633111
2024-06-18 17:51:49.596318,2641.429963827133,1,155.23700804642107,-1.9077205649108553,-166.68694556514956,1.624335318771116,121.60184155448226,-1.4252960411632691,0.5001,0.5021,193.0,199.639,0.677550796
2024-06-18 17:51:50.596604,2642.430249452591,1,155.2587544657863,-2.0527634209739802,-166.65141165076807,1.5850604491898102,121.58141569624051,-1.4984694066121478,0.4991,0.5021,192.999,199.639,0.677599166
2024-06-18 17:51:51.600932,2643.434577226639,1,155.25130654440804,-2.073943213214261,-166.63800235639968,1.6567172316581589,121.57082651462501,-1.4439561723783494,0.4991,0.5021,192.999,199.638,0.677603792
2024-06-18 17:51:52.602252,2644.4358978271484,1,155.1157074680662,-2.031623336019533,-166.80930177516535,1.7424088757609755,121.60364587831435,-1.5832055619506105,0.4996,0.5021,192.999,199.638,0.677586853
2024-06-18 17:51:53.607618,2645.441263437271,1,155.42199784075643,-1.9131743717037508,-166.6567011887914,1.6181645116073164,121.53796836240076,-1.4606012392575167,0.5007,0.5021,193.0,199.64,0.677663793
2024-06-18 17:51:54.611911,2646.445556640625,1,155.47768759347488,-2.09283766458074,-166.69233482254296,1.5807326643850983,121.53600763170309,-1.456665927770667,0.4996,0.5021,193.0,199.638,0.67756801
2024-06-18 17:51:55.619219,2647.452863931656,1,155.31022226364183,-2.0841410308058452,-166.68157613450285,1.5953209967328146,121.55758244210527,-1.497090570858112,0.5001,0.5021,192.999,199.639,0.677629643
2024-06-18 17:51:56.615582,2648.4492270946503,1,155.19615585044588,-2.00699873752697,-166.73651600017863,1.6200114722919428,121.60734262376154,-1.50016739486269,0.5001,0.5021,192.999,199.638,0.677575526
2024-06-18 17:51:57.618871,2649.452516078949,1,155.17990482250218,-1.9993662460185886,-166.68204921600534,1.7667594699203122,121.50497374714028,-1.4435393632264912,0.5001,0.5021,192.999,199.639,0.677572497
2024-06-18 17:51:58.619195,2650.452840566635,1,155.2900229689699,-1.8217637866456629,-166.69238159165403,1.6298844347769008,121.5520814885102,-1.4145339093820914,0.4996,0.5021,192.998,199.638,0.677582906
2024-06-18 17:51:59.623531,2651.457176923752,1,155.07378559084663,-2.0244743346323437,-166.83639989963405,1.5515167133374261,121.44500666886482,-1.513558443284135,0.4996,0.5021,192.997,199.637,0.677556717
2024-06-18 17:52:00.626826,2652.4604721069336,1,155.2260126736005,-1.958754403583082,-166.76079957095862,1.5593271685254866,121.6248587659166,-1.4672349075102613,0.5007,0.5021,193.0,199.637,0.677530662
2024-06-18 17:52:01.628171,2653.461816072464,1,155.31951523591366,-2.08374817334301,-166.69320300705004,1.5616627280725786,121.55486565151868,-1.4624319436006326,0.5007,0.5021,192.999,199.639,0.677612636
2024-06-18 17:52:02.632482,2654.466127872467,1,155.278209300804,-1.8387506453935838,-166.52633437576756,1.6225837489329697,121.59135535505848,-1.437528279154998,0.5001,0.5021,192.999,199.64,0.677584608
2024-06-18 17:52:03.641002,2655.474647283554,1,155.21168847045925,-2.025795805832214,-166.71602401970696,1.6188991322456032,121.5778816786244,-1.5030870754033852,0.4996,0.5021,192.999,199.638,0.677514879
2024-06-18 17:52:04.641323,2656.4749686717987,1,155.29588532717474,-2.018932949019973,-166.7174839142347,1.6327603739335468,121.59422406723827,-1.4676805740306946,0.4991,0.5021,192.999,199.638,0.677558077
2024-06-18 17:52:05.643701,2657.477346420288,1,155.23328845174981,-1.8932622301305777,-166.7254189433211,1.6352669129805597,121.54229740202399,-1.4431421163444405,0.5001,0.5021,192.999,199.638,0.677570865
2024-06-18 17:52:06.644995,2658.4786400794983,1,155.0985592123237,-1.9644490494811446,-166.8136007353758,1.6930015411587875,121.54824013866313,-1.3617466339754043,0.5001,0.5021,193.001,199.638,0.677584334
2024-06-18 17:52:07.647314,2659.480959892273,1,154.99642857290098,-1.9283261068797044,-166.89182465277605,1.6714929663449876,121.44002948717032,-1.385993525399469,0.5001,0.5021,193.0,199.637,0.677561477
2024-06-18 17:52:08.650717,2660.484362602234,1,155.2854970522057,-2.017881984807318,-166.7372329601658,1.6405543403542793,121.5884337182533,-1.4497192215761567,0.4991,0.5021,193.0,199.638,0.677551749
2024-06-18 17:52:09.655038,2661.4886832237244,1,155.08764572668792,-2.0509437227147256,-166.81332694551824,1.5323832436033549,121.49062931944525,-1.5238575559905325,0.4996,0.5021,192.999,199.638,0.677597804
2024-06-18 17:52:10.657357,2662.491003036499,1,155.19217028137692,-1.9806262536348151,-166.7345894940322,1.7598489880307366,121.50993543370276,-1.525449818946716,0.4991,0.5021,192.999,199.639,0.677634063
2024-06-18 17:52:11.661691,2663.4953360557556,1,155.17610696417398,-1.9746618921164552,-166.74265510642985,1.7360732684516864,121.52252461124621,-1.514059456483815,0.5001,0.5021,192.999,199.639,0.677647873
2024-06-18 17:52:12.666033,2664.499678373337,1,155.17067321886833,-2.1347769670512515,-166.77435313890774,1.6079320325300837,121.53604267551718,-1.3874834361679007,0.4996,0.5021,193.0,199.638,0.677690595
2024-06-18 17:52:13.668325,2665.5019702911377,1,155.14600537434754,-1.908364560772506,-166.71775426629023,1.5420853130794445,121.54145007503394,-1.474371627843295,0.4996,0.5021,192.999,199.639,0.677690663
2024-06-18 17:52:14.672641,2666.506286382675,1,155.08121097750364,-2.3475358133817474,-166.88184760618023,1.5181083953117167,121.40916601889737,-1.4206694400394806,0.4991,0.5021,192.999,199.638,0.677583382
2024-06-18 17:52:15.674384,2667.508029460907,1,155.22272522512975,-1.986319081263378,-166.65246360241161,1.4933745662250861,121.52884124508986,-1.4514734998190089,0.4996,0.5021,192.999,199.637,0.677652227
2024-06-18 17:52:16.678698,2668.5123438835144,1,155.09404177210442,-1.9554504716570262,-166.67537229961752,1.444098641351995,121.50383026780841,-1.4672028766173877,0.5007,0.5021,192.999,199.638,0.677568212
2024-06-18 17:52:17.682041,2669.515686750412,1,155.37842899896927,-1.8171714722711512,-166.6710893724598,1.6358130091899294,121.55836984046803,-1.4676633257521459,0.4996,0.5021,193.0,199.638,0.677623383
2024-06-18 17:52:18.681369,2670.5150146484375,1,155.33551202187465,-1.7871443041638633,-166.7040877680034,1.6065933560891272,121.5326834499567,-1.4490777192819484,0.5007,0.5021,193.0,199.639,0.677625015
2024-06-18 17:52:19.683742,2671.5173873901367,1,155.11128702201336,-2.3415401918209815,-166.86134274636817,1.5112149354916995,121.4162153951058,-1.435929499909734,0.5001,0.5021,192.999,199.637,0.677600321
2024-06-18 17:52:20.688108,2672.521753311157,1,155.25783139294617,-2.1225627678350767,-166.73061323790645,1.6301285449272307,121.51978244680458,-1.454988781824715,0.4996,0.5022,192.999,199.639,0.677444264
2024-06-18 17:52:21.693420,2673.527065038681,1,155.29149153413982,-2.0640488608584,-166.64424825620102,1.5871109169486421,121.55231568798469,-1.480229504712264,0.4996,0.5021,193.0,199.638,0.67753073
2024-06-18 17:52:22.696180,2674.5298252105713,1,155.31122779170929,-1.9942321336609252,-166.59281106699854,1.6523979663667767,121.52789905543989,-1.4627957204075397,0.4996,0.5021,192.998,199.639,0.677464266
2024-06-18 17:52:23.699519,2675.53316450119,1,155.3910778214689,-1.9061380639491883,-166.66314215510155,1.6294870072017538,121.53598790708651,-1.4666550361116595,0.4996,0.5021,192.999,199.639,0.677480797
2024-06-18 17:52:24.699874,2676.5335195064545,1,155.29281881537628,-1.7696714786374093,-166.75501883798023,1.6129051832985688,121.51441216444906,-1.4324266344932344,0.4991,0.5021,193.0,199.639,0.677515152
2024-06-18 17:52:25.707179,2677.5408248901367,1,155.15239203996612,-1.8355469789204015,-166.79135959570735,1.5113875807876282,121.49079288668976,-1.4617559317227862,0.5001,0.5021,193.0,199.639,0.677461545
2024-06-18 17:52:26.710524,2678.54417014122,1,155.4230899672044,-1.852540691131328,-166.6692738733084,1.6027168643313134,121.52625359758908,-1.4432766470402212,0.5001,0.5021,193.0,199.639,0.677494811
2024-06-18 17:52:27.714811,2679.548456430435,1,155.23949990413317,-2.0817468861200266,-166.67593577084716,1.5812289148183583,121.54897448358102,-1.4861735557116442,0.4996,0.5021,193.0,199.639,0.67745447
2024-06-18 17:52:28.719126,2680.552771091461,1,155.00964290763713,-2.000503415184927,-166.84859261046,1.6555630578007015,121.44559826322427,-1.4038809655098379,0.5001,0.5021,193.0,199.639,0.677473042
2024-06-18 17:52:29.724437,2681.5580825805664,1,155.2156111368616,-1.9624036398577513,-166.7561224598458,1.5829352382666781,121.62125515855315,-1.4373559603922048,0.5001,0.5021,192.999,199.639,0.677557601
2024-06-18 17:52:30.729750,2682.5633959770203,1,154.98357799329773,-1.969863430790835,-166.88892691778796,1.5388772791676602,121.66271901751092,-1.653558455191927,0.4991,0.5021,192.999,199.638,0.677496648
2024-06-18 17:52:31.733066,2683.5667119026184,1,155.29522559839026,-1.9140903278042078,-166.66146024662365,1.5306967479366127,121.54917680928236,-1.4862758762688109,0.5001,0.5021,192.999,199.639,0.677593928
2024-06-18 17:52:32.735387,2684.5690326690674,1,155.32586243564833,-1.8668285886256943,-166.67544005310748,1.6465131940486104,121.54330133016482,-1.4650687934695263,0.5001,0.5021,193.0,199.64,0.677557941
2024-06-18 17:52:33.740699,2685.574344396591,1,155.14509910847727,-1.9097700053917457,-166.735804274891,1.4544871826373373,121.48059107442292,-1.4751700088319117,0.4996,0.5021,193.0,199.637,0.677623793
2024-06-18 17:52:34.745040,2686.5786859989166,1,155.22812027490005,-1.9632248511727963,-166.63685221195308,1.5440080701165517,121.56443902563997,-1.4663577548039197,0.5007,0.5021,193.0,199.639,0.677535764
2024-06-18 17:52:35.749387,2687.583032608032,1,155.00886086494816,-1.924290874367646,-166.84356603874576,1.6959782532154857,121.44981483407722,-1.4113781887717554,0.5007,0.5021,193.0,199.639,0.677507941
2024-06-18 17:52:36.755675,2688.589320898056,1,155.23462330713522,-2.009518717031554,-166.6256479562073,1.5873724655836434,121.58179162165953,-1.4652784306562179,0.4996,0.5021,193.0,199.638,0.677580119
2024-06-18 17:52:37.758017,2689.5916624069214,1,155.28438878109554,-1.9971718750545933,-166.61223711391898,1.7128027410945006,121.54557798788998,-1.4681612213232347,0.4991,0.5021,193.0,199.638,0.677549642
2024-06-18 17:52:38.761336,2690.5949811935425,1,155.21213811392437,-2.0634312696089583,-166.74643005958774,1.6502538563308218,121.53830953550506,-1.4451036955938743,0.5001,0.5021,193.0,199.638,0.677617264
2024-06-18 17:52:39.762676,2691.5963218212128,1,155.51172576585927,-2.1630039823404936,-166.6020283746087,1.5502815039011975,121.53998324803118,-1.4653131212870174,0.4996,0.5021,192.999,199.638,0.677591345
2024-06-18 17:52:40.768966,2692.602611541748,1,155.2506526657581,-1.9734048098634842,-166.7301973509425,1.67475024638821,121.59604474099045,-1.5001057521633323,0.4996,0.5021,192.999,199.639,0.677604435
2024-06-18 17:52:41.771285,2693.604930639267,1,155.3122666718252,-1.7904249257494314,-166.7464693708522,1.6060306758569967,121.50866282861577,-1.4665319195217985,0.4996,0.5021,193.0,199.639,0.677572979
2024-06-18 17:52:42.775629,2694.609274625778,1,155.2371856129715,-1.9518094421519605,-166.6273509982725,1.4952097379263058,121.53195642389977,-1.475734686696001,0.4996,0.5021,193.0,199.639,0.677667607
2024-06-18 17:52:43.780940,2695.6145856380463,1,155.3242465845106,-2.0963327608373747,-166.69655856343746,1.5813254500195695,121.53586866177615,-1.4592312055409946,0.5001,0.5021,193.001,199.639,0.677635634
2024-06-18 17:52:44.783259,2696.6169044971466,1,155.16822289881435,-1.9730866109061986,-166.76917880269028,1.5370939731252258,121.57390023089548,-1.365025392457757,0.4996,0.5021,193.001,199.639,0.677735295
2024-06-18 17:52:45.786585,2697.6202301979065,1,155.1180329817084,-1.9505940660154024,-166.76734993655114,1.5677460691395575,121.61058001809624,-1.5199734191571541,0.4996,0.5021,193.001,199.64,0.677659035
2024-06-18 17:52:46.788904,2698.6225492954254,1,155.30390618035926,-2.0054413631434826,-166.60069510714982,1.5772597663171906,121.54862774680522,-1.4682509479482238,0.5001,0.5021,193.0,199.64,0.677627606
2024-06-18 17:52:47.792270,2699.625915288925,1,155.0326903760161,-2.083164501340785,-166.85232157327835,1.6110095489220249,121.43969321236169,-1.4583935727206128,0.5001,0.5021,193.0,199.639,0.67766128
2024-06-18 17:52:48.794618,2700.628263235092,1,155.19336706364928,-2.012645893429807,-166.7364098434561,1.6227327988667755,121.54410076989282,-1.503083880848642,0.4991,0.5021,193.0,199.637,0.677663389
2024-06-18 17:52:49.795941,2701.629586458206,1,155.06784559739904,-2.0575306093323387,-166.81159474705518,1.6742467435853718,121.51623581701573,-1.365139313827083,0.4991,0.5021,193.0,199.638,0.677627332
2024-06-18 17:52:50.797386,2702.6310317516327,1,155.24945085875297,-2.0184518599800767,-166.63478637415355,1.5837987194472445,121.56261502286904,-1.4608934663843869,0.4991,0.5021,193.0,199.639,0.67760223
2024-06-18 17:52:51.802725,2703.636370420456,1,155.28592355633742,-1.9769682020457668,-166.66966037899272,1.5053767632345127,121.56390512048193,-1.4858833392489001,0.5007,0.5021,192.999,199.637,0.677626108
2024-06-18 17:52:52.806108,2704.6397535800934,1,155.20970943168095,-2.0072548290016927,-166.73211630292133,1.6328570322690523,121.55298188035205,-1.4956347284004825,0.5001,0.5021,193.0,199.636,0.67759842
2024-06-18 17:52:53.811419,2705.645064353943,1,155.19732657396852,-2.040684142589627,-166.65818989701611,1.556420318711993,121.54334161049617,-1.4720100123830524,0.5001,0.5021,193.0,199.638,0.677623795
2024-06-18 17:52:54.813740,2706.647385597229,1,155.17127451809094,-2.0202179353446796,-166.7013098878767,1.6826592928040478,121.53832262784368,-1.511949967693489,0.4996,0.5021,193.001,199.639,0.677584678
2024-06-18 17:52:55.818056,2707.6517012119293,1,155.2505297772924,-2.036934076539964,-166.63477784421266,1.5698096757278694,121.56468824602344,-1.4742227004968107,0.5007,0.5021,193.001,199.639,0.677653523
2024-06-18 17:52:56.823386,2708.657031774521,1,155.19837830881,-2.0106106510838573,-166.73381450822546,1.6342718929370588,121.55523256776542,-1.4976701553028113,0.4996,0.5021,193.0,199.638,0.677669646
2024-06-18 17:52:57.825713,2709.6593582630157,1,155.14639569018354,-1.940311822557084,-166.77145339299543,1.6345668392510935,121.5900367212373,-1.5507761036736867,0.4991,0.5021,192.999,199.638,0.677664476
2024-06-18 17:52:58.830061,2710.66370677948,1,155.15310906441564,-1.9848202035126397,-166.67426201901162,1.485561848891164,121.51632148878016,-1.4497417516833373,0.4991,0.5021,193.0,199.637,0.677643387
2024-06-18 17:52:59.833351,2711.666996240616,1,155.12100095239293,-1.896543710499057,-166.7770897239793,1.6184264497514542,121.59852930739692,-1.555171285058756,0.4996,0.5021,192.999,199.638,0.677629373
2024-06-18 17:53:00.837197,2712.6708426475525,1,155.36123058713665,-1.9824767323747774,-166.6433710115463,1.585196335938396,121.5475889152177,-1.4657461334140063,0.5001,0.5021,193.0,199.638,0.677676585
2024-06-18 17:53:01.841538,2713.675183057785,1,155.18611303881153,-1.991926922589483,-166.71801428813754,1.5940160576953624,121.54733447619195,-1.488673982589963,0.4985,0.5021,193.0,199.639,0.677587536
2024-06-18 17:53:02.846821,2714.680466890335,1,155.22030736231818,-1.9369867059661567,-166.71759239089118,1.6112027814993275,121.5912424747573,-1.5070354129649066,0.4996,0.5021,193.0,199.638,0.677590325
2024-06-18 17:53:03.847160,2715.680805206299,1,155.30219415046184,-1.9941826871046409,-166.58502257828903,1.7026052554931335,121.54330649572753,-1.472703328346036,0.4996,0.5021,193.001,199.638,0.677624611
2024-06-18 17:53:04.850502,2716.684147834778,1,155.03812545567794,-2.016754228676041,-166.84371359435445,1.6138301209010024,121.48625639154729,-1.5653380515538404,0.5001,0.5021,193.001,199.637,0.677604747
2024-06-18 17:53:05.854823,2717.6884684562683,1,155.1324715956671,-2.134938009938005,-166.81301809044518,1.5700059716831776,121.48612230374049,-1.5444870489405609,0.5001,0.5021,193.0,199.638,0.677607874
2024-06-18 17:53:06.857207,2718.6908524036407,1,155.22975515989546,-1.9324662624160227,-166.72507776509465,1.6296955797743629,121.58684270790772,-1.462357586588774,0.5001,0.5021,193.0,199.637,0.677625289
2024-06-18 17:53:07.857560,2719.691205263138,1,155.34169581649516,-1.9979652646740338,-166.6818531374034,1.6719055464381145,121.56504305887552,-1.4783098445894751,0.4985,0.5021,193.001,199.638,0.677591547
2024-06-18 17:53:08.862865,2720.696511030197,1,155.0522358329078,-2.1639086197323656,-166.84872264040874,1.621160608608457,121.44141500275944,-1.4384513361367157,0.4991,0.5021,192.999,199.638,0.677622568
2024-06-18 17:53:09.862173,2721.6958186626434,1,155.30763009125528,-2.058652942598095,-166.6642701965658,1.6053548559082942,121.56589973860575,-1.4121596811833754,0.4996,0.5021,193.0,199.638,0.677570118
2024-06-18 17:53:10.867510,2722.701155424118,1,155.17878605155894,-1.9984000206526393,-166.74922285877236,1.5770078921416852,121.6429094700233,-1.5033277251977966,0.4996,0.5021,192.999,199.639,0.677547397
2024-06-18 17:53:11.868807,2723.7024524211884,1,155.3510183805291,-1.9886006814822381,-166.67613572616182,1.6820893551756524,121.5675084521199,-1.4543325430570782,0.4996,0.5021,193.0,199.638,0.67757944
2024-06-18 17:53:12.872145,2724.7057905197144,1,155.0735490269297,-2.1176210634273454,-166.83159730226254,1.6266129400217384,121.44676621299921,-1.454666072835078,0.4991,0.5021,193.001,199.639,0.677625972
2024-06-18 17:53:13.876458,2725.7101032733917,1,155.06661574788777,-2.1323042165263573,-166.8673576019566,1.6457534359852004,121.42528942484569,-1.4707655802214077,0.4991,0.5021,193.001,199.638,0.677493861
2024-06-18 17:53:14.877781,2726.7114264965057,1,155.1750364380902,-1.9634695338331076,-166.69297925459645,1.5020391299067097,121.53040071195394,-1.4546910123913548,0.4996,0.5021,193.0,199.639,0.677516038
2024-06-18 17:53:15.883160,2727.716805934906,1,155.23234833297917,-2.1328376502664854,-166.72897028059313,1.6433616975936554,121.52841828411148,-1.4873253425262631,0.5007,0.5021,193.0,199.638,0.67760189
2024-06-18 17:53:16.885451,2728.7190968990326,1,155.14057889144607,-2.0422720447489473,-166.713294879281,1.6250697861345929,121.53923858086621,-1.4807358343863015,0.4991,0.5021,192.999,199.639,0.677585765
2024-06-18 17:53:17.889773,2729.7234189510345,1,155.2459349139645,-1.9378483830981024,-166.56319989514364,1.6626428269221005,121.5403233321104,-1.4535399371414894,0.5007,0.5021,193.0,199.638,0.6775942
2024-06-18 17:53:18.891151,2730.7247970104218,1,155.26551495521804,-2.018889736204147,-166.57811134402735,1.5341839232431238,121.54829606625061,-1.461842711770209,0.5001,0.5021,193.0,199.638,0.677470933
2024-06-18 17:53:19.899433,2731.7330787181854,1,155.10892204474578,-1.8869090733281888,-166.77223627908333,1.49826994478605,121.48177447000488,-1.4900277539114704,0.4996,0.5021,193.0,199.638,0.677563792
2024-06-18 17:53:20.895769,2732.7294149398804,1,154.97779545814117,-2.000177901633778,-166.87103665804477,1.600397416549506,121.67620739667292,-1.6569178344905011,0.5001,0.5022,193.0,199.638,0.677638827
2024-06-18 17:53:21.927020,2733.7606658935547,1,155.2719441627143,-2.0547262314185,-166.7120485597165,1.6552193563696171,121.55801158389382,-1.4649928623537263,0.4996,0.5021,193.001,199.638,0.677616786
2024-06-18 17:53:22.894452,2734.728097677231,1,155.18637415635555,-1.9669299025203573,-166.66862969412216,1.4812545848437522,121.5197429834266,-1.4695531235936021,0.4996,0.5021,193.0,199.637,0.677550526
2024-06-18 17:53:23.899763,2735.7334082126617,1,155.21868869786877,-1.9271773870867899,-166.64282118145073,1.6920249781309011,121.54539184669318,-1.459675239859359,0.5001,0.5021,192.999,199.638,0.677536989
2024-06-18 17:53:24.900091,2736.733736515045,1,155.17164918880016,-1.9586349916145736,-166.6660584701537,1.7206578610570966,121.5368805844261,-1.452138540682042,0.4996,0.5021,193.0,199.638,0.677651588
2024-06-18 17:53:25.902410,2737.736055135727,1,155.18291208545588,-1.9995060366446529,-166.70580360783612,1.701576534734668,121.54316318353128,-1.4609077568948654,0.5001,0.5021,193.0,199.638,0.677563314
2024-06-18 17:53:26.903731,2738.7373769283295,1,155.17969519512144,-1.9993567574701976,-166.70870906492576,1.7003664459017167,121.53580289873831,-1.4769582009256383,0.5007,0.5021,193.0,199.638,0.67756998
2024-06-18 17:53:27.903085,2739.736730337143,1,155.12004215863405,-2.1330778057701694,-166.7639107169605,1.6141689059055364,121.48987841589188,-1.4044598538787456,0.4985,0.5022,193.001,199.639,0.677612704
2024-06-18 17:53:28.904411,2740.73805642128,1,155.23576077796653,-1.946424186534666,-166.60080415127675,1.6043227968400753,121.52319231633193,-1.452362281013773,0.5007,0.5021,193.0,199.639,0.677623657
2024-06-18 17:53:29.905704,2741.7393498420715,1,155.1305641369079,-1.9422300931664302,-166.74910426221513,1.6351431183399827,121.62574304188122,-1.5218977723020064,0.5001,0.5021,193.0,199.639,0.677647262
2024-06-18 17:53:30.909021,2742.7426664829254,1,155.11210374977708,-1.7905949011122253,-166.79653818930575,1.558409546890703,121.48867998062887,-1.494122618497156,0.4996,0.5021,193.001,199.639,0.677557805
2024-06-18 17:53:31.911405,2743.7450501918793,1,155.22230999893645,-1.9883462768230846,-166.6419134866176,1.5325228759783196,121.53934763823389,-1.4609156819329725,0.4996,0.5021,193.001,199.639,0.677579982
2024-06-18 17:53:32.916738,2744.750383377075,1,155.16113018426216,-1.9243290099022614,-166.62988971286273,1.6924930109407779,121.56787082514724,-1.4607063111617438,0.4996,0.5021,193.0,199.639,0.67762665
2024-06-18 17:53:33.920032,2745.7536771297455,1,155.2866599754511,-1.9600052436113373,-166.6790852234206,1.5167216094624267,121.55780705098212,-1.4895778943739044,0.5007,0.5021,193.002,199.638,0.677634609
2024-06-18 17:53:34.926367,2746.7600123882294,1,155.2017833925207,-1.9667912858195065,-166.74362354654835,1.6532541408641854,121.57936439069363,-1.4108177715476804,0.4991,0.5021,193.001,199.639,0.677657943
2024-06-18 17:53:35.932673,2747.7663180828094,1,155.20864558171047,-1.9569056990623925,-166.73282321878938,1.6416488415777855,121.5895956602432,-1.4103704802544803,0.5007,0.5021,193.003,199.639,0.677594745
2024-06-18 17:53:36.937963,2748.771608352661,1,155.03336841594634,-2.034308790057363,-166.8224051102992,1.4402894807866666,121.54496623739938,-1.2951277703650037,0.5007,0.5021,193.001,199.638,0.677613044
2024-06-18 17:53:37.944294,2749.777939081192,1,155.146189891575,-2.051987322594374,-166.74595573869382,1.6221826264679748,121.56056070009599,-1.3857157869482308,0.5001,0.5021,193.001,199.639,0.677577193
2024-06-18 17:53:38.943601,2750.777246952057,1,155.07483786070514,-1.9179120947886732,-166.7572549719632,1.4733193551762458,121.48943477480007,-1.5000573953134757,0.5001,0.5021,193.0,199.638,0.677522909
2024-06-18 17:53:39.944921,2751.7785670757294,1,155.00924478721055,-2.0169300638483167,-166.8233681194089,1.588637247560558,121.71007581634571,-1.607705941721177,0.4991,0.5021,193.0,199.638,0.677649373
2024-06-18 17:53:40.952228,2752.7858736515045,1,155.20019744244598,-2.061709767434516,-166.69264661127238,1.6700420985794044,121.62017900696688,-1.4835550076719985,0.4996,0.5021,193.001,199.638,0.677601886
2024-06-18 17:53:41.954570,2753.7882158756256,1,155.1895074200303,-1.9680753210789697,-166.7284070865229,1.6530148143631571,121.5959290018234,-1.4208081282323166,0.5007,0.5021,193.0,199.638,0.677581137
2024-06-18 17:53:42.957899,2754.7915449142456,1,155.0907115311679,-2.013068150885156,-166.74335375354846,1.4558330268248085,121.48979218927458,-1.4380320800895157,0.4991,0.5021,193.001,199.639,0.677533653
2024-06-18 17:53:43.959220,2755.792865753174,1,155.15317661220539,-2.028974716565435,-166.7360660559088,1.6293291778813277,121.5667791973499,-1.3937230553227997,0.5001,0.5021,193.001,199.638,0.677617124
2024-06-18 17:53:44.962539,2756.7961840629578,1,155.07689050092802,-2.1752665596043492,-166.79081197994185,1.595369374055444,121.51254987645949,-1.5319525796218634,0.4996,0.5021,193.001,199.638,0.677630117
2024-06-18 17:53:45.964861,2757.798506259918,1,155.21099113272405,-1.9610915593142044,-166.71481554077914,1.6001069865667017,121.58262386685549,-1.4434815470820819,0.4996,0.5021,193.001,199.638,0.677657329
2024-06-18 17:53:46.966236,2758.799881696701,1,155.19284953839997,-1.9974579433364275,-166.70569394065583,1.647046718338295,121.57116656584954,-1.45612442855839,0.4996,0.5021,193.0,199.638,0.677532293
2024-06-18 17:53:47.972974,2759.8066194057465,1,155.24793379667756,-1.969140813912336,-166.54295237631695,1.6462877915244842,121.5372824221336,-1.449963328937132,0.5001,0.5021,193.0,199.639,0.677624403
2024-06-18 17:53:48.972272,2760.805917739868,1,155.2122974006409,-2.0704835755497433,-166.73766996670497,1.634254030905614,121.57334453418046,-1.3959224419864689,0.4991,0.5021,193.0,199.639,0.677597056
2024-06-18 17:53:49.976611,2761.810256958008,1,155.26864458216056,-1.9447596217927445,-166.66709251032069,1.7063445839021243,121.54134913506044,-1.4742192479073437,0.4996,0.5021,193.0,199.64,0.677651342
2024-06-18 17:53:51.144408,2762.978053331375,1,155.02505959171154,-2.0049436924676045,-166.77785597029253,1.3833254567212745,121.45080793188018,-1.4537318732968987,0.5001,0.5021,192.998,199.639,0.677605219
2024-06-18 17:53:52.120236,2763.95388174057,1,155.00461077434858,-2.0359513928703517,-166.77342518204662,1.7379960761940683,121.49256740929181,-1.3876802418184253,0.4996,0.5021,193.0,199.639,0.67760216
2024-06-18 17:53:53.125550,2764.959195613861,1,155.21846486613478,-1.9189749742346627,-166.72056595252332,1.6372453295187184,121.56177772026255,-1.4605976774837917,0.5001,0.5021,193.0,199.641,0.677650936
2024-06-18 17:53:54.212149,2766.0457952022552,1,155.19831322655293,-1.9579564656352382,-166.7226195152885,1.5782693513031947,121.59728523152408,-1.4973286946226523,0.4996,0.5021,193.0,199.639,0.677710937
2024-06-18 17:53:55.181303,2767.0149483680725,1,155.1997139934791,-1.9678516547552967,-166.70327920928645,1.7193787979138027,121.5555985612862,-1.4056965867649718,0.4985,0.5021,193.001,199.637,0.677583996
2024-06-18 17:53:56.181463,2768.0151085853577,1,155.2056753822278,-1.9535263013451762,-166.70203841392882,1.6590767747922566,121.55047955650424,-1.4303968176918298,0.4996,0.5021,193.001,199.639,0.677633521
2024-06-18 17:53:57.182076,2769.0157215595245,1,155.3338729350988,-2.05070025359657,-166.63018601378192,1.6118438796649739,121.55430885425746,-1.461799530388239,0.5001,0.5021,193.001,199.639,0.677574132
2024-06-18 17:53:58.189558,2770.0232031345367,1,155.20558340105327,-1.925932454631477,-166.67928086205586,1.6663200407970404,121.55418537290524,-1.4431057936172653,0.5001,0.5021,193.0,199.638,0.677621822
2024-06-18 17:53:59.190240,2771.0238859653473,1,155.25396949494467,-1.945992058915696,-166.71626801881519,1.5562453759824397,121.58146466272741,-1.4817288445216747,0.4996,0.5021,193.0,199.638,0.677512364
2024-06-18 17:54:00.196856,2772.030501127243,1,155.17399463856836,-1.7889027375315947,-166.80970615722148,1.5776814366483547,121.49398388082324,-1.5324630704133777,0.5001,0.5021,192.999,199.638,0.677615903
2024-06-18 17:54:01.206790,2773.040435552597,1,155.20151676251427,-1.93796903423831,-166.7081231731092,1.6930362610002825,121.53724398182997,-1.4301773221327103,0.5001,0.5021,193.001,199.639,0.677677333
2024-06-18 17:54:02.222359,2774.0560042858124,1,155.25489800138504,-1.951369097879882,-166.56731137896753,1.5955604874191351,121.5336012439848,-1.4659433172399332,0.5001,0.5021,193.0,199.64,0.677573862
2024-06-18 17:54:03.234338,2775.067983865738,1,155.0754500730793,-2.0494979621683505,-166.77333474054103,1.4758267850819526,121.46397018038249,-1.488711911345711,0.4996,0.5021,193.0,199.639,0.677522228
2024-06-18 17:54:04.199136,2776.032781600952,1,155.23901829524664,-2.070953688121217,-166.72587708600344,1.5148706287141291,121.52020771768169,-1.4632109882072466,0.4996,0.5021,193.0,199.638,0.677566991
2024-06-18 17:54:05.203077,2777.0367228984833,1,155.2081543863651,-2.041005049273226,-166.72628093283913,1.6526450655998917,121.53633864481377,-1.406620900128902,0.4996,0.5021,193.001,199.638,0.677552637
2024-06-18 17:54:06.206482,2778.0401272773743,1,155.18119300086394,-2.144192763411714,-166.74325593285005,1.6252502362799035,121.52013545216425,-1.499445432898138,0.5001,0.5021,193.001,199.637,0.67761774
2024-06-18 17:54:07.210931,2779.044576406479,1,155.2307388095328,-1.8492997028850517,-166.7280184830674,1.6085614592244173,121.5441428667345,-1.4451932708864996,0.5001,0.5021,193.001,199.636,0.67757427
2024-06-18 17:54:08.213267,2780.0469121932983,1,155.14941168710445,-1.9295022143893392,-166.64996251575866,1.7560939135542084,121.50809583365844,-1.4522075597566226,0.4996,0.5021,193.001,199.638,0.677532841
2024-06-18 17:54:09.213169,2781.0468142032623,1,155.1124654650422,-1.9026888636737278,-166.74724515502604,1.7215246583248573,121.54624849809225,-1.516684304152064,0.5007,0.5021,193.0,199.637,0.677495289
2024-06-18 17:54:10.219338,2782.052983522415,1,155.15812706927682,-1.9145669751568415,-166.679544416751,1.5016325288155739,121.52357278889609,-1.4525745585887817,0.5001,0.5021,193.002,199.637,0.677581481
2024-06-18 17:54:11.228632,2783.0622777938843,1,155.28036088810035,-2.063438443050238,-166.66017098359035,1.5994209579673129,121.52914544963696,-1.427893807909836,0.5001,0.5021,193.001,199.638,0.677636215
2024-06-18 17:54:12.245336,2784.078981399536,1,155.07252198907588,-2.065190011344464,-166.8285876465075,1.548125098370632,121.4792896513926,-1.3641012088263436,0.4991,0.5021,193.001,199.638,0.677685426
2024-06-18 17:54:13.236334,2785.0699791908264,1,155.14842600251575,-2.0964611243343882,-166.71390343218894,1.5545711721520163,121.5300650224643,-1.4348111936355719,0.4996,0.5021,193.001,199.638,0.67757005
2024-06-18 17:54:14.232488,2786.066133737564,1,155.16706317615953,-1.8496103260667291,-166.73075439436107,1.629860375098021,121.53524740890731,-1.4062530475546853,0.5001,0.5021,193.0,199.639,0.677619711
2024-06-18 17:54:15.243026,2787.076671600342,1,155.02519593287283,-1.8592606182605347,-166.83973046028254,1.6288932956883038,121.49257899578187,-1.3538222763769934,0.4991,0.5021,193.0,199.637,0.677653045
2024-06-18 17:54:16.236372,2788.070017337799,1,155.15258678178776,-2.0046639585239774,-166.70494565877775,1.6173851336802305,121.6213661125348,-1.4600924587080912,0.5001,0.5021,193.0,199.638,0.677658963
2024-06-18 17:54:17.258295,2789.0919404029846,1,155.20399808854955,-2.0101535714090373,-166.70360385051114,1.5559485138801072,121.53539326816885,-1.4586919520109822,0.5001,0.5021,192.999,199.639,0.677679576
2024-06-18 17:54:18.245065,2790.0787105560303,1,155.13801514343422,-1.9618214344876124,-166.68037155630026,1.7895986383356188,121.50140231805476,-1.4218053720242216,0.4996,0.5021,193.0,199.637,0.677605155
2024-06-18 17:54:19.259304,2791.0929493904114,1,155.16365216111936,-1.938028883091153,-166.7235764203715,1.589285439311368,121.54253808427916,-1.41003829545815,0.5001,0.5021,193.0,199.639,0.677629713
2024-06-18 17:54:20.250096,2792.0837411880493,1,155.14927330733133,-1.902429845644881,-166.7422135119484,1.5667744741862824,121.5922553632891,-1.516278397345724,0.4991,0.5021,193.0,199.637,0.677635359
2024-06-18 17:54:21.267606,2793.1012518405914,1,155.19372905841166,-1.9564952922204426,-166.73802280908762,1.6534653166968079,121.59662096016163,-1.4859193931968655,0.4996,0.5021,193.002,199.638,0.677674816
2024-06-18 17:54:22.276838,2794.11048412323,1,155.14258508115807,-1.7962652470127582,-166.74499467720221,1.6225015306956645,121.50941056543117,-1.5194271938138284,0.5001,0.5021,193.0,199.638,0.677703728
2024-06-18 17:54:23.258486,2795.0921313762665,1,155.18176131585324,-1.8433444547411035,-166.64105267542254,1.614690704692639,121.58431926657917,-1.5076822086751829,0.4991,0.5021,193.002,199.638,0.677701347
2024-06-18 17:54:24.261526,2796.0951719284058,1,155.3000745656031,-1.967917006508631,-166.66571603248354,1.5867055018811382,121.54280050035266,-1.4362849920619543,0.5001,0.5021,193.001,199.638,0.677739035
2024-06-18 17:54:25.270131,2797.1037759780884,1,155.2544941094524,-2.0471844919332693,-166.66470401410612,1.6088899922494668,121.51986051915463,-1.476615093078458,0.4985,0.5022,193.001,199.638,0.677718694
2024-06-18 17:54:26.265394,2798.099040031433,1,155.15623084216745,-1.9676905165821215,-166.64278749363902,1.760297301266771,121.50207637318603,-1.4229990883095038,0.4991,0.5021,193.0,199.638,0.677712844
2024-06-18 17:54:27.269035,2799.102680683136,1,155.45073382911463,-1.7658521010242894,-166.64474366668077,1.6791950095040995,121.53358424842507,-1.4461367071408426,0.4996,0.5021,193.001,199.637,0.677706109
2024-06-18 17:54:28.294322,2800.127967596054,1,155.2121874694746,-1.9496849401582692,-166.72051931224328,1.5669007467058318,121.59227599292316,-1.4753117562956737,0.4996,0.5021,193.001,199.638,0.677651618
2024-06-18 17:54:29.290195,2801.1238403320312,1,154.96898667140255,-1.9451321283964398,-166.86477870765444,1.6213365724201234,121.48080282377506,-1.3336641052205462,0.5001,0.5021,193.001,199.638,0.677690733
2024-06-18 17:54:30.302414,2802.136059522629,1,155.20301272598394,-1.7955727563135826,-166.73709324981542,1.6327664251384346,121.50365335990499,-1.4487648450112804,0.5001,0.5021,193.002,199.638,0.677642024
2024-06-18 17:54:31.301492,2803.135137796402,1,155.18760133187203,-1.9101215002110985,-166.71768434605974,1.6254309479177602,121.57138360997068,-1.418067035406142,0.5001,0.5021,193.001,199.638,0.677717128
2024-06-18 17:54:32.312123,2804.1457691192627,1,155.17153113895802,-1.9794946039675165,-166.63887565916346,1.632523660878926,121.55643143144633,-1.461585920738001,0.5001,0.5021,193.001,199.638,0.677630391
2024-06-18 17:54:33.309376,2805.1430213451385,1,155.28531134735852,-2.00333339372486,-166.6125042654615,1.6824122868473776,121.54301712811592,-1.4436009846020863,0.5007,0.5021,193.001,199.637,0.677614405
2024-06-18 17:54:34.304953,2806.138598680496,1,155.1372270335157,-1.9566154284765167,-166.6544759360346,1.7743887898097703,121.5061588713361,-1.46949010966162,0.4996,0.5021,193.001,199.638,0.677638555
2024-06-18 17:54:35.291842,2807.125487089157,1,155.13042369164273,-1.9101596433369397,-166.7382428845733,1.6525135888248461,121.53319864366239,-1.394430591199497,0.4991,0.5021,193.002,199.638,0.677641684
2024-06-18 17:54:36.297734,2808.131379842758,1,155.17658566092524,-1.9327849842516847,-166.63092806457624,1.7722977954927186,121.50866101254529,-1.4572914350863264,0.4991,0.5021,193.001,199.64,0.677674678
2024-06-18 17:54:37.314515,2809.1481609344482,1,155.12143130388685,-1.938169671477887,-166.67293777128003,1.7826424825696252,121.51857837228114,-1.4755415454293175,0.4996,0.5021,193.002,199.64,0.677733182
2024-06-18 17:54:38.299228,2810.1328732967377,1,155.21496720529802,-1.880520549669514,-166.63506591153387,1.6457861567675758,121.5480689139929,-1.4251768258322874,0.4991,0.5021,193.001,199.639,0.677634813
2024-06-18 17:54:39.305537,2811.139182329178,1,155.12442552355483,-1.9538061581756192,-166.6885921800775,1.639713836488924,121.54253678468167,-1.4356252507926017,0.5001,0.5021,193.0,199.64,0.677634337
2024-06-18 17:54:40.307208,2812.140853881836,1,155.0800596557787,-1.9299660064320263,-166.65710269915436,1.7618385280345241,121.50860800738567,-1.4879477516012272,0.4996,0.5021,193.0,199.639,0.677643997
2024-06-18 17:54:41.308665,2813.142310857773,1,155.06360448864726,-2.0941727168300432,-166.78284110051888,1.5410178941688182,121.48884985153944,-1.3928931506904696,0.5001,0.5021,193.001,199.638,0.677557397
2024-06-18 17:54:42.310851,2814.144496202469,1,155.13049404085046,-1.9675999558538788,-166.7461406058113,1.690479732961572,121.55913337505284,-1.5192172950398561,0.4996,0.5021,193.001,199.639,0.677659372
2024-06-18 17:54:43.314800,2815.1484458446503,1,155.0489118428246,-1.8746739104637666,-166.68678156349543,1.770731776711551,121.49841528837145,-1.4837994507952021,0.4991,0.5021,193.003,199.639,0.67765631
2024-06-18 17:54:44.318025,2816.15167093277,1,155.0931797422427,-2.1047918336924485,-166.75338139738628,1.671572435221421,121.50659630366958,-1.4415508946913953,0.4991,0.5021,193.001,199.637,0.677634405
2024-06-18 17:54:45.324780,2817.1584255695343,1,155.1492144935134,-2.1258517269938135,-166.75405846840385,1.6785086234267295,121.49742360981539,-1.4464981645502875,0.5001,0.5021,193.002,199.639,0.677610051
2024-06-18 17:54:46.343945,2818.1775901317596,1,155.11808282282598,-2.233053388783058,-166.80196247560636,1.7469401165802896,121.44338942720543,-1.4183160932478884,0.4996,0.5021,193.0,199.639,0.677592772
2024-06-18 17:54:47.346734,2819.180379152298,1,155.05719268193357,-1.7826673782115734,-166.8097192354071,1.65374161227155,121.47341756107718,-1.4477264477016254,0.5001,0.5021,193.001,199.639,0.677623997
2024-06-18 17:54:48.391482,2820.225127220154,1,155.28625519741638,-1.8984036512035212,-166.67269150884835,1.6381728291017699,121.54663004802906,-1.4510665818654456,0.5001,0.5021,193.0,199.639,0.677657603
2024-06-18 17:54:49.363549,2821.197194814682,1,155.1568658476401,-2.0646331852536766,-166.73143902207462,1.532635451610446,121.53165236827998,-1.4738060967800817,0.5001,0.5021,193.0,199.639,0.677655154
2024-06-18 17:54:50.379685,2822.2133305072784,1,155.07986593001104,-2.0229765014922347,-166.62843239345332,1.745754591901644,121.51195520813269,-1.4349473403243767,0.4996,0.5021,193.001,199.638,0.677673249
2024-06-18 17:54:51.364224,2823.1978693008423,1,155.15655354224887,-2.023410739282933,-166.68419991501904,1.6683652422264659,121.52948916414103,-1.4576654700360157,0.5007,0.5021,193.0,199.639,0.67764087
2024-06-18 17:54:52.350132,2824.1837775707245,1,155.3950110124544,-1.9954448534912759,-166.63567871562321,1.631369955878484,121.54337041521663,-1.4513237547995936,0.4996,0.5021,193.0,199.638,0.677692571
2024-06-18 17:54:53.373788,2825.2074332237244,1,155.18413278168697,-2.102755473963229,-166.7326839746775,1.565464658577612,121.53104055647123,-1.4469132603952841,0.4991,0.5021,193.0,199.638,0.677704066
2024-06-18 17:54:54.360281,2826.1939268112183,1,155.097884224853,-1.9179631020122494,-166.78963395874445,1.5619934980895693,121.70481095526638,-1.5295794828609288,0.4996,0.5021,192.999,199.638,0.677683317
2024-06-18 17:54:55.370105,2827.2037501335144,1,155.26009826309428,-1.96768866972214,-166.59132931939135,1.5412628926165908,121.55293677438861,-1.467395979974132,0.4996,0.5021,193.001,199.638,0.677636718
2024-06-18 17:54:56.372635,2828.206280708313,1,155.2392209476654,-2.0935066033514094,-166.68749007131865,1.5845600322617595,121.53586223138218,-1.444987348272665,0.4991,0.5021,193.001,199.638,0.6776708
2024-06-18 17:54:57.376612,2829.2102580070496,1,155.27350822477146,-1.887059181208023,-166.65427811856108,1.6347424225235128,121.53607475144658,-1.44739694477954,0.4991,0.5021,193.001,199.637,0.677640664
2024-06-18 17:54:58.385470,2830.2191154956818,1,155.13872425126738,-1.8684492960854302,-166.68460007973965,1.6112861847598858,121.57542671012861,-1.4842295997922437,0.5007,0.5021,193.001,199.638,0.677641822
2024-06-18 17:54:59.399272,2831.232917070389,1,155.10065214364317,-2.091097062008115,-166.75781679070678,1.6692593877995843,121.50591343469824,-1.5123660126571945,0.4991,0.5021,193.0,199.638,0.677566311
2024-06-18 17:55:00.382681,2832.216326713562,1,155.02519785824748,-1.9980570005526765,-166.80400044712013,1.6597855154933374,121.56015983398537,-1.3481658924429976,0.4996,0.5021,193.0,199.639,0.677641004
2024-06-18 17:55:01.403482,2833.2371277809143,1,155.08041217486263,-1.9135499871326556,-166.74073007206596,1.5848697860392613,121.61997231124032,-1.4886335007974225,0.4996,0.5021,192.999,199.639,0.677689236
2024-06-18 17:55:02.404497,2834.2381422519684,1,155.0146450298205,-1.9932262047301594,-166.81071267108305,1.624963072899271,121.54641302105262,-1.3591121693321384,0.4996,0.5021,193.001,199.638,0.677711685
2024-06-18 17:55:03.406992,2835.2406373023987,1,155.25171211683963,-2.0086828572264857,-166.59991549513708,1.6857639921821237,121.54600121977519,-1.4293774090765468,0.4991,0.5021,193.001,199.639,0.677667807
2024-06-18 17:55:04.418494,2836.2521398067474,1,155.13423473867562,-1.9429245838526135,-166.71297673102157,1.5120574503498672,121.53944850673241,-1.4088512282782675,0.5001,0.5021,193.002,199.638,0.677641276
2024-06-18 17:55:05.408958,2837.2426040172577,1,154.99497837395774,-2.2626386397748313,-166.86902175727272,1.4923060753003428,121.40589988800316,-1.3969199224408282,0.4991,0.5021,193.002,199.637,0.677624337
2024-06-18 17:55:06.425828,2838.2594735622406,1,155.09311142941257,-2.039288732554485,-166.73938628864133,1.7378031988873286,121.46649820358337,-1.4581858819880447,0.5007,0.5021,193.002,199.638,0.677509097
2024-06-18 17:55:07.440793,2839.274438858032,1,155.2145315628564,-2.185860474586494,-166.69747014486566,1.6410325543910782,121.52710445350687,-1.3958683022797862,0.5001,0.5021,193.001,199.639,0.677557057
2024-06-18 17:55:08.411397,2840.245043039322,1,154.91968405499335,-1.9002132918809933,-166.8775539930344,1.58519340282042,121.41576355363671,-1.5124704787324736,0.4996,0.5021,193.0,199.639,0.677521614
2024-06-18 17:55:09.418841,2841.2524864673615,1,155.16058520700722,-2.028186760961907,-166.70723342809077,1.6463872925896101,121.53197443633078,-1.4449603779011277,0.4991,0.5022,193.001,199.639,0.677555288
2024-06-18 17:55:10.420748,2842.254393339157,1,155.1487942134918,-1.9699966938262563,-166.60406840838368,1.7525651761826602,121.51169086026822,-1.4548859290076053,0.4996,0.5021,193.001,199.637,0.677549914
2024-06-18 17:55:11.427075,2843.2607209682465,1,155.14197642729852,-2.008512718739811,-166.71988311513587,1.6312022620575097,121.53566810042572,-1.4410599993925992,0.5001,0.5021,193.001,199.638,0.677609779
2024-06-18 17:55:12.450416,2844.284061908722,1,155.17580610187372,-2.001068779541735,-166.5739795906598,1.6220683660722433,121.54638740253357,-1.4566773238294106,0.5001,0.5021,193.001,199.639,0.677577806
2024-06-18 17:55:13.451342,2845.2849876880646,1,154.93889366429843,-1.9298963617115874,-166.8489647668536,1.6448395033278942,121.44146598890053,-1.39412442763272,0.5001,0.5021,193.001,199.639,0.677617466
2024-06-18 17:55:14.441807,2846.2754530906677,1,155.03778901119625,-1.9685749451468826,-166.78913635231928,1.6698553470315372,121.55460707775674,-1.3609161186813945,0.4996,0.5021,193.001,199.639,0.677570254
2024-06-18 17:55:15.444112,2847.277757167816,1,155.05724529620207,-2.0457046400527252,-166.79433909532767,1.501199856683881,121.55462118165072,-1.5893397207149125,0.5001,0.5021,193.001,199.637,0.677658827
2024-06-18 17:55:16.446355,2848.2800002098083,1,154.94298129001686,-1.9622775638611067,-166.85781806928753,1.5657831217035456,121.45674737682747,-1.5444670700398855,0.4996,0.5021,193.001,199.637,0.677661957
2024-06-18 17:55:17.447758,2849.2814033031464,1,155.04001407850657,-1.9516031741543594,-166.78706071988,1.6721128290875298,121.55304593214488,-1.3567797670731958,0.4996,0.5021,193.001,199.637,0.677658147
2024-06-18 17:55:18.446356,2850.2800018787384,1,155.20956149068698,-1.8472718761821572,-166.54260441838048,1.53371976126334,121.58310308533184,-1.463968795642293,0.4996,0.5021,193.002,199.639,0.677737264
2024-06-18 17:55:19.451913,2851.285558462143,1,155.23086506914618,-1.873912841983909,-166.66880052409337,1.5729113516428874,121.54992612507846,-1.4575683974839184,0.4985,0.5021,193.003,199.639,0.677754135
2024-06-18 17:55:20.471369,2852.3050146102905,1,154.7717229841622,-1.8610720287212021,-167.0133354892258,1.5776383171354624,121.34554143193475,-1.5841634195248466,0.5001,0.5021,193.002,199.639,0.677629643
2024-06-18 17:55:21.461075,2853.294720888138,1,155.13556980909271,-2.043269527934086,-166.71719129742505,1.602238020379614,121.5574954607672,-1.5022141403902916,0.5007,0.5021,193.002,199.639,0.677654746
2024-06-18 17:55:22.460155,2854.2938010692596,1,155.13896998698488,-2.033809633316888,-166.69149790443663,1.5928315542610372,121.58212025497596,-1.4918722100243564,0.5001,0.5021,193.001,199.638,0.67766978
2024-06-18 17:55:23.464729,2855.2983741760254,1,155.1082958910954,-1.9692000194030566,-166.70223900684306,1.761957627651431,121.50167625088703,-1.5030582405983146,0.5001,0.5021,193.001,199.638,0.67770842
2024-06-18 17:55:24.511724,2856.3453693389893,1,155.27610527729047,-2.1129412472849327,-166.69349107868535,1.592160934923918,121.54493994158729,-1.4558095044056958,0.4985,0.5021,193.001,199.638,0.677702025
2024-06-18 17:55:25.514234,2857.3478791713715,1,155.2335305237535,-1.9625107072167531,-166.58253418131798,1.677357107629905,121.53448535864129,-1.4548520485587848,0.5001,0.5021,193.001,199.638,0.677623044
2024-06-18 17:55:26.476730,2858.3093786239624,1,155.18541701479919,-1.9597378961815395,-166.54338026886253,1.7464197011388072,121.50829054233829,-1.4536685155798308,0.5001,0.5021,193.0,199.639,0.677661684
2024-06-18 17:55:27.482556,2859.3162019252777,1,155.11135572219584,-1.9405231158051668,-166.59611349911162,1.7439721190782187,121.51041359330917,-1.4465555516426876,0.5001,0.5021,193.002,199.638,0.677602432
2024-06-18 17:55:28.501100,2860.3347454071045,1,155.14771293106085,-2.0548097527616367,-166.72242012617744,1.5827551973305398,121.51638905716254,-1.4741741084328384,0.4991,0.5021,193.001,199.638,0.67761148
2024-06-18 17:55:29.485696,2861.319341659546,1,155.19157422149496,-2.035001160149346,-166.5893055096126,1.6698723971744878,121.55130899043502,-1.4440772078304709,0.4991,0.5021,193.001,199.638,0.67759835
2024-06-18 17:55:30.513884,2862.347529411316,1,155.10833895647497,-1.9538063280683935,-166.73259708055102,1.5904264605935339,121.62039608026805,-1.4599711779060773,0.5001,0.5021,193.001,199.637,0.677554064
2024-06-18 17:55:31.495161,2863.328806400299,1,155.2456639341183,-2.039452060912953,-166.5556060127834,1.6656356081010313,121.54570611181681,-1.4449371070955626,0.5007,0.5021,193.001,199.638,0.677529914
2024-06-18 17:55:32.508619,2864.342264175415,1,155.00773969133917,-2.0246842405642824,-166.80579019077487,1.5176645612301927,121.59526407598918,-1.607287928315876,0.5007,0.5021,193.002,199.637,0.677545696
2024-06-18 17:55:33.504898,2865.338543653488,1,155.16729143690682,-2.107627304889702,-166.7322279522812,1.6414134632044985,121.51647856104616,-1.471311121457322,0.5007,0.5021,193.002,199.639,0.677557601
2024-06-18 17:55:34.506335,2866.3399806022644,1,155.14513437752365,-1.7149645578326693,-166.75367496080574,1.5549454202487327,121.48214684371804,-1.455035675693288,0.4996,0.5021,193.002,199.638,0.677609031
2024-06-18 17:55:35.523062,2867.3567073345184,1,154.97228648707468,-1.8032183377935924,-166.8381675147221,1.6614357378221043,121.45029865943819,-1.4899871115431809,0.4996,0.5021,193.002,199.638,0.677604675
2024-06-18 17:55:36.528895,2868.3625400066376,1,155.34165064218737,-2.007957814331022,-166.64412565900187,1.5723375440636125,121.53194003519765,-1.4590144756579162,0.4996,0.5021,193.002,199.639,0.677600253
2024-06-18 17:55:37.518864,2869.3525099754333,1,154.9479826229572,-1.998818982942287,-166.84869575925708,1.5839314033261238,121.46396032330692,-1.5519470276675658,0.5007,0.5021,193.0,199.638,0.677570184
2024-06-18 17:55:38.521625,2870.3552708625793,1,155.18171734896418,-2.149429138877238,-166.6636345692527,1.584182829691839,121.53819112013548,-1.4945722611541452,0.4996,0.5021,193.0,199.638,0.677673792
2024-06-18 17:55:39.537944,2871.371589899063,1,155.15955502985415,-1.8781203868199332,-166.69484796114963,1.6182020697629746,121.54503589093122,-1.4928420644816003,0.5001,0.5022,193.0,199.637,0.67767763
2024-06-18 17:55:40.526922,2872.3605678081512,1,155.1366780658173,-1.8707148823949218,-166.6682275002127,1.6149645892029267,121.57050382459606,-1.406298943997079,0.4996,0.5021,193.001,199.638,0.677700188
2024-06-18 17:55:41.527628,2873.361273765564,1,155.13369111186077,-1.6791444030491824,-166.79644838166993,1.501457553927569,121.4478935417066,-1.452680482660695,0.5001,0.5021,193.003,199.638,0.677615765
2024-06-18 17:55:42.532499,2874.3661448955536,1,155.1189402430106,-1.9085780271463118,-166.66550820649908,1.4734345049378548,121.50220337951485,-1.474480184059406,0.5001,0.5021,193.003,199.638,0.677693318
2024-06-18 17:55:43.536154,2875.3697996139526,1,155.14496913896008,-1.9685122370897008,-166.73459499406889,1.4078076773225734,121.56326074648041,-1.3436559428700225,0.4996,0.5021,193.002,199.637,0.67766148
2024-06-18 17:55:44.540586,2876.3742315769196,1,155.00002438500798,-1.983652482754023,-166.74763899457753,1.6882325582410231,121.55857001514667,-1.371570026372083,0.5007,0.5021,193.001,199.638,0.677703658
2024-06-18 17:55:45.573586,2877.4072320461273,1,155.0186905497654,-1.867053628954318,-166.72279891219404,1.6092241628274377,121.70177660027264,-1.4923334572591782,0.4996,0.5022,193.001,199.638,0.677659167
2024-06-18 17:55:46.556106,2878.3897516727448,1,155.19314616227146,-1.7470820684828543,-166.729549991001,1.599744884917902,121.50131480562922,-1.463944537760194,0.4996,0.5021,193.002,199.638,0.677608486
2024-06-18 17:55:47.593851,2879.427496910095,1,155.0937865330606,-1.9198940059987537,-166.75787017864351,1.510061180072898,121.49554189065077,-1.39822452876205,0.4996,0.5021,193.002,199.64,0.677605833
2024-06-18 17:55:48.555014,2880.3886597156525,1,155.19703406385062,-1.9625526294047317,-166.696830162587,1.5345805122156784,121.54246250219893,-1.4205667200918592,0.4996,0.5021,193.002,199.639,0.677679168
2024-06-18 17:55:49.557152,2881.3907973766327,1,155.06192138246047,-1.8011955872944265,-166.7627922054635,1.6881092991097602,121.47827748054883,-1.4747138592353322,0.4996,0.5021,193.002,199.638,0.677580187
2024-06-18 17:55:50.559103,2882.3927488327026,1,155.15836058338272,-1.946069335619776,-166.71581579602093,1.6789059400310384,121.57416274798604,-1.4938387559182096,0.5007,0.5021,193.001,199.64,0.677633725
2024-06-18 17:55:51.562427,2883.3960723876953,1,155.22533915044104,-1.8375256533724817,-166.71657402758171,1.6278420791679356,121.55716173162347,-1.4528828970078065,0.4996,0.5021,193.001,199.64,0.677539438
2024-06-18 17:55:52.563941,2884.3975868225098,1,155.27469874906578,-1.860812993516806,-166.6499131523727,1.6589909073606512,121.54837320758031,-1.4621941699216752,0.4991,0.5021,193.001,199.639,0.677652705
2024-06-18 17:55:53.590173,2885.423818588257,1,155.1439001109543,-2.0921802386920483,-166.7193916021895,1.6557537219887901,121.51623530005057,-1.471544219796273,0.4996,0.5021,193.0,199.637,0.677626038
2024-06-18 17:55:54.572108,2886.4057536125183,1,155.30771274074434,-1.8967617871166738,-166.61743305370095,1.640322377247174,121.53449573352066,-1.4591064464966672,0.5001,0.5021,193.002,199.638,0.677651208
2024-06-18 17:55:55.606878,2887.4405241012573,1,155.19630227459905,-2.042802680113764,-166.595488605466,1.5880316866322086,121.53544162116808,-1.46011823141523,0.4991,0.5021,193.001,199.639,0.677624471
2024-06-18 17:55:56.577419,2888.411064863205,1,155.09129404885394,-2.1994082253007017,-166.74018249358116,1.579704669524812,121.5111192990365,-1.4020425138108852,0.4985,0.5021,193.002,199.639,0.677633723
2024-06-18 17:55:57.583572,2889.41721701622,1,155.02731058262677,-1.9536600421458963,-166.7809136223633,1.5872230850693267,121.59348376297183,-1.547502771450205,0.5001,0.5021,193.002,199.639,0.677538959
2024-06-18 17:55:58.587329,2890.4209747314453,1,155.18616106926598,-1.9832075556004707,-166.62750396434063,1.718306927012397,121.52904074558207,-1.4780144670399311,0.4996,0.5021,193.002,199.638,0.677521136
2024-06-18 17:55:59.589045,2891.422690629959,1,155.14106816474668,-1.9505740816464205,-166.55781633698265,1.40675435365786,121.5298005107439,-1.4511151471934574,0.5007,0.5021,193.001,199.639,0.677586169
2024-06-18 17:56:00.589745,2892.423390865326,1,155.33564193634618,-1.8970228466850962,-166.6432766539759,1.585736117476152,121.52578241788352,-1.4545417115134536,0.4996,0.5021,193.001,199.639,0.677584673
2024-06-18 17:56:01.605250,2893.4388959407806,1,155.24918606368377,-2.0717741276749937,-166.68975646087196,1.5652905910793857,121.5415212933363,-1.4552375209544224,0.5001,0.5021,193.002,199.638,0.677562184
2024-06-18 17:56:02.609192,2894.4428374767303,1,155.08405416501094,-1.921223483368204,-166.71265384341214,1.5856768191019313,121.58757390274587,-1.4411026042910717,0.5001,0.5021,193.001,199.639,0.677585831
2024-06-18 17:56:03.626135,2895.459780216217,1,155.16250044467282,-1.9981009834989885,-166.59188321605018,1.580284039739322,121.5793979709103,-1.467682691083943,0.5001,0.5021,193.002,199.637,0.677631138
2024-06-18 17:56:04.632127,2896.465772151947,1,154.97440824047064,-1.8992158625000355,-166.80406751896456,1.6997604564069153,121.45069679447326,-1.4326523494024581,0.5001,0.5021,193.002,199.637,0.67753481
2024-06-18 17:56:05.608856,2897.442501783371,1,155.2482950589068,-1.982325447351225,-166.6745401065698,1.681643940795429,121.56402113178905,-1.4777353923136534,0.4985,0.5021,193.002,199.637,0.677581409
2024-06-18 17:56:06.610469,2898.444114923477,1,155.17343884347454,-1.9497401787792625,-166.73003712294337,1.6460977657420766,121.60314297169155,-1.4100803546366298,0.4991,0.5021,193.002,199.639,0.677603654
2024-06-18 17:56:07.612572,2899.4462175369263,1,155.01237114988146,-2.018411057244337,-166.78983932021302,1.6561180305963736,121.52001841715581,-1.369087712810086,0.4996,0.5021,193.002,199.638,0.677633043
2024-06-18 17:56:08.620558,2900.4542031288147,1,155.19041703939698,-2.045433588769405,-166.593196681572,1.5802773012342084,121.54072231422418,-1.4600710810311748,0.5001,0.5021,193.001,199.638,0.677649848
2024-06-18 17:56:09.623089,2901.456734418869,1,155.10335422420255,-1.8701971459955373,-166.68424183473184,1.6108677605311208,121.57148951990493,-1.3939387510261358,0.4991,0.5021,193.0,199.637,0.677658827
2024-06-18 17:56:10.653449,2902.4870941638947,1,155.16270424138412,-1.790730454440599,-166.7058685800924,1.59817459769277,121.52342494233164,-1.4101848171813616,0.4996,0.5021,193.0,199.637,0.677615765
2024-06-18 17:56:11.648929,2903.482574701309,1,155.23920484354707,-1.9593718071594917,-166.6990146170227,1.6817301889517842,121.55812459474728,-1.4805031798704342,0.5001,0.5021,193.001,199.638,0.677577397
2024-06-18 17:56:12.663722,2904.497367143631,1,155.15674078774947,-1.9568330693922549,-166.68747347664296,1.6518338380750581,121.55375134678003,-1.4711630089618781,0.4991,0.5021,193.0,199.638,0.677711277
2024-06-18 17:56:13.654830,2905.488476037979,1,154.9411962601205,-2.0276328767790934,-166.84876594873865,1.6146672060537883,121.47495546941639,-1.5641580786048785,0.4991,0.5021,193.0,199.638,0.677616854
2024-06-18 17:56:14.641624,2906.475269317627,1,155.16986743042926,-1.9552770154348686,-166.62765866429447,1.4851188227748113,121.51509229086247,-1.4787418138504351,0.5001,0.5021,193.001,199.638,0.67760182
2024-06-18 17:56:15.672928,2907.506573677063,1,154.9694342501316,-2.014337811345581,-166.8315476515466,1.562133120240288,121.649017837714,-1.6175518432404603,0.5001,0.5021,193.0,199.637,0.677658283
2024-06-18 17:56:16.682044,2908.5156893730164,1,155.2148243143369,-2.1459957703166053,-166.70178481714666,1.6794634988932875,121.54330081502162,-1.4516475489288287,0.5001,0.5021,193.001,199.638,0.677624405
2024-06-18 17:56:17.688147,2909.521792411804,1,155.13238784248725,-2.009734243221069,-166.68469147300775,1.6622205074936107,121.54021066902013,-1.455454209359071,0.5001,0.5021,193.001,199.639,0.677631142
2024-06-18 17:56:18.657945,2910.4915907382965,1,155.07713563051635,-1.8939938020481384,-166.73366590050068,1.6196959778929694,121.56627978568123,-1.521368537281221,0.5007,0.5021,193.0,199.638,0.677623795
2024-06-18 17:56:19.666799,2911.50044465065,1,155.03522077695962,-1.855949089797598,-166.75547769298092,1.7470656189908214,121.47058799762435,-1.4350495679754844,0.5007,0.5021,193.001,199.639,0.677579372
2024-06-18 17:56:20.666956,2912.500601053238,1,154.9605440464378,-2.150880400196939,-166.8120425856146,1.5860347615638644,121.42946912850263,-1.4687544030868038,0.4996,0.5021,193.0,199.638,0.67763774
2024-06-18 17:56:21.667268,2913.500913619995,1,155.01266605897263,-2.1074657958374603,-166.77998970001858,1.5632414110393842,121.48460365911538,-1.5341458087305526,0.4991,0.5021,193.0,199.638,0.677628965
2024-06-18 17:56:22.673253,2914.5068986415863,1,155.14077400174952,-1.999940860293823,-166.6279015834312,1.5744027178270905,121.56165166977206,-1.451900703399235,0.4996,0.5021,193.0,199.639,0.677638829
2024-06-18 17:56:23.683530,2915.5171756744385,1,155.25096870395666,-2.0712577925296354,-166.6723082611475,1.5506523024484382,121.53893945225536,-1.4452397715269738,0.4996,0.5021,193.002,199.64,0.67766049
2024-06-18 17:56:24.699696,2916.533341884613,1,155.07617623668528,-2.0052125877972777,-166.66956093846292,1.577288624979344,121.54119885871941,-1.4708208183718692,0.5007,0.5021,193.001,199.64,0.677615837
2024-06-18 17:56:25.694553,2917.528198480606,1,155.03631127607483,-1.974315926971968,-166.76279130111075,1.5399370312274774,121.56152704210717,-1.3657410109378514,0.5001,0.5021,193.001,199.638,0.677585089
2024-06-18 17:56:26.686937,2918.5205829143524,1,155.13948700923265,-1.9119252312705688,-166.62766420611388,1.5617424095353247,121.55066746702674,-1.4369709560124992,0.5001,0.5021,193.002,199.637,0.677529307
2024-06-18 17:56:27.687257,2919.520902633667,1,155.14749203352767,-1.9235657430590927,-166.61804251250325,1.546285235351278,121.53618445064893,-1.4472925433878854,0.5001,0.5021,193.0,199.637,0.677642847
2024-06-18 17:56:28.693646,2920.5272912979126,1,155.1013835589623,-1.846469869713848,-166.77330259870558,1.5748950928793333,121.4888570223613,-1.380801324052647,0.4996,0.5021,193.0,199.639,0.677614887
2024-06-18 17:56:29.694964,2921.5286099910736,1,155.02326703877478,-1.820618353287701,-166.7688524361011,1.567159766856694,121.49766274068328,-1.3878822636362216,0.4996,0.5021,193.001,199.639,0.677676316
2024-06-18 17:56:30.697700,2922.53134560585,1,154.99484526257456,-1.841716876440462,-166.78989633037102,1.5134218551224021,121.46323222929841,-1.3987203332586433,0.4991,0.5021,193.0,199.639,0.677574954
2024-06-18 17:56:31.701111,2923.53475689888,1,155.02984073221862,-1.957768177643689,-166.77867641479034,1.588252369616914,121.61118366335992,-1.5288326909172893,0.4996,0.5021,193.001,199.638,0.677582029
2024-06-18 17:56:32.707652,2924.5412974357605,1,154.88335457772186,-2.1239994542389518,-166.89401825762042,1.736048219959804,121.44410549536691,-1.2896453257142602,0.4996,0.5021,193.0,199.639,0.677596725
2024-06-18 17:56:33.705277,2925.5389227867126,1,154.93738798442064,-1.9652092871868243,-166.83206989890334,1.6596162845497082,121.48522296256102,-1.5615835693711904,0.4991,0.5021,193.001,199.638,0.677585229
2024-06-18 17:56:34.708181,2926.5418269634247,1,155.047074720523,-1.9700337684902967,-166.70342398754855,1.4446798534577454,121.47466108705162,-1.4968434150352448,0.5001,0.5021,193.001,199.637,0.677521282
2024-06-18 17:56:35.709780,2927.543425321579,1,155.00194432779665,-1.9292749950147823,-166.77805902001717,1.5157759198959897,121.53477011565873,-1.3662065011170248,0.5001,0.5021,193.0,199.638,0.67762659
2024-06-18 17:56:36.715505,2928.549150466919,1,155.1426122610737,-1.9858063638470476,-166.57241573223075,1.5375028561774688,121.5605834969386,-1.4562641088775534,0.4991,0.5021,193.0,199.638,0.677555908
2024-06-18 17:56:37.714201,2929.54784655571,1,155.15266013380912,-2.006904400836594,-166.69125398470604,1.6140913699851187,121.54931962309898,-1.4544906150294736,0.4996,0.5021,192.999,199.64,0.677571351
2024-06-18 17:56:39.316175,2931.1498205661774,1,155.1412714840469,-1.9561016996838303,-166.65259625220523,1.6340034964274655,121.55046508983052,-1.4605627214661385,0.4996,0.5021,192.999,199.638,0.677648765
2024-06-18 17:56:40.322521,2932.1561665534973,1,155.1732882904931,-2.093711383829346,-166.71510120263247,1.6123403798322158,121.52839656159418,-1.4623738338626473,0.5001,0.5021,192.998,199.638,0.677686385
2024-06-18 17:56:41.324937,2933.1585829257965,1,155.14057576500787,-1.9644229210016773,-166.56604429725232,1.5100886397719198,121.51410667744716,-1.452268216177963,0.5001,0.5021,192.999,199.638,0.67764101
2024-06-18 17:56:42.330077,2934.1637222766876,1,155.09242951449707,-1.912649628749841,-166.72683458457885,1.5269498183574999,121.52430976519771,-1.3921197718963003,0.4996,0.5021,193.001,199.638,0.67769965
2024-06-18 17:56:43.333594,2935.1672394275665,1,154.90676727374913,-1.9727777870791916,-166.85547975818227,1.5664018264380464,121.44352515442725,-1.5139795366917381,0.4996,0.5021,192.999,199.639,0.677552777
2024-06-18 17:56:44.332868,2936.1665136814117,1,154.81153008021286,-1.9544169800179592,-166.87310931429815,1.5734074339772708,121.42629871661933,-1.5208216436004127,0.4996,0.5021,193.0,199.638,0.677670058
2024-06-18 17:56:45.365079,2937.1987240314484,1,155.21473003811397,-2.0120622387061164,-166.6438094962986,1.5983264692357517,121.53605726626097,-1.47101194825433,0.4996,0.5021,193.001,199.639,0.677660466
2024-06-18 17:56:46.341041,2938.174686908722,1,155.13802069237678,-1.9722278116064862,-166.55139883303704,1.7303997441424266,121.51727642173707,-1.4482095353249806,0.4996,0.5021,192.998,199.639,0.677651214
2024-06-18 17:56:47.342807,2939.1764528751373,1,155.11589459146956,-2.0036371371835062,-166.70659865886876,1.5578331229100881,121.55929868234762,-1.4938917357742092,0.5007,0.5021,193.0,199.638,0.677590873
2024-06-18 17:56:48.343028,2940.17667388916,1,155.0010105812159,-2.048958714505667,-166.7806511144171,1.6204091798610727,121.57505152078855,-1.3492890868668561,0.5007,0.5021,193.0,199.638,0.677668829
2024-06-18 17:56:49.357384,2941.1910293102264,1,155.04059179971713,-2.0933699135083446,-166.77076588880277,1.5485663666320648,121.47373480994169,-1.494728056764505,0.5001,0.5021,193.0,199.64,0.677670938
2024-06-18 17:56:50.365539,2942.1991844177246,1,154.95201505435332,-2.1123502967352525,-166.83964635774507,1.5602551930251136,121.4346175056037,-1.4073057721875328,0.5001,0.5021,193.0,199.639,0.677646246
2024-06-18 17:56:51.358788,2943.1924333572388,1,155.02771452357746,-2.1945973953797107,-166.70027342674302,1.616983462500323,121.5410665422841,-1.3451159511962063,0.4996,0.5021,193.0,199.639,0.677630123
2024-06-18 17:56:52.380022,2944.213667869568,1,155.08724122674965,-1.9867651968042392,-166.72043695394967,1.574328043919834,121.56659048251753,-1.4964753182928678,0.4996,0.5021,193.0,199.639,0.67757917
2024-06-18 17:56:53.362672,2945.1963171958923,1,155.019456376269,-1.9779509354997253,-166.78407951834555,1.5358919632755363,121.56264754586267,-1.5538912310886621,0.4985,0.5021,192.999,199.638,0.677647334
2024-06-18 17:56:54.365557,2946.1992020606995,1,155.12678705869178,-2.0936460938467136,-166.6833944151328,1.6128312824359918,121.53755790041794,-1.4093276863890603,0.4996,0.5021,192.999,199.638,0.677693185
2024-06-18 17:56:55.385143,2947.2187888622284,1,154.8483162561519,-1.914577574817672,-166.84161821544248,1.6660461497324932,121.43958148945329,-1.381301357406656,0.4991,0.5021,192.998,199.639,0.677657265
2024-06-18 17:56:56.373118,2948.206763267517,1,155.0502579243326,-1.9335448097952288,-166.75905173599008,1.6618502198369471,121.57578642545376,-1.3872074135467485,0.4996,0.5021,192.999,199.638,0.677582161
2024-06-18 17:56:57.396672,2949.2303178310394,1,155.0895353216673,-1.9710025668484046,-166.726644203098,1.5808354353758374,121.58604082702387,-1.505344965321473,0.5001,0.5021,192.999,199.639,0.677605699
2024-06-18 17:56:58.379772,2950.21341753006,1,155.1000036841426,-1.873696128357379,-166.66324438675937,1.6097637625405397,121.59712134013088,-1.4899073171150496,0.4996,0.5021,193.0,199.638,0.677596651
2024-06-18 17:56:59.403959,2951.2376041412354,1,155.07558231167852,-1.8508122707444392,-166.70819724450456,1.528596155469555,121.51487627886361,-1.4670261910853575,0.5001,0.5021,192.999,199.637,0.677639031
2024-06-18 17:57:00.401114,2952.2347598075867,1,155.0343567938371,-2.1264335467343125,-166.7766317082047,1.7262007164685615,121.48747666538088,-1.5420205211396687,0.5007,0.5021,192.999,199.638,0.677597398
2024-06-18 17:57:01.396535,2953.230180978775,1,154.96945284991688,-1.9266402369463234,-166.8024914748361,1.601503965929216,121.5661053624415,-1.572560457636697,0.4996,0.5021,193.0,199.638,0.677674814
2024-06-18 17:57:02.425172,2954.2588181495667,1,155.15407823767282,-2.047587967178423,-166.61550064877937,1.607723961393624,121.53436855292473,-1.468490518753086,0.4991,0.5021,193.0,199.639,0.677688828
2024-06-18 17:57:03.390621,2955.224266767502,1,155.1464341245204,-1.8975524094010205,-166.68256803009172,1.5821734559790468,121.53695624426678,-1.4914683376038669,0.4991,0.5021,192.999,199.639,0.677673385
2024-06-18 17:57:04.396436,2956.230081796646,1,155.15235043586927,-1.9560892827423606,-166.71509351823644,1.5750612743802956,121.60356716527275,-1.4508747531064043,0.5001,0.5021,192.999,199.639,0.677628283
2024-06-18 17:57:05.416221,2957.2498667240143,1,155.07725620035015,-1.9331678290378522,-166.78004077484817,1.4616161264845753,121.62813069223726,-1.3192967400024038,0.5007,0.5021,192.999,199.638,0.677673181
2024-06-18 17:57:06.440824,2958.274469614029,1,155.15272526363262,-1.9834544376125338,-166.71155807923154,1.625808917805176,121.57957453006196,-1.4364804638357995,0.4991,0.5021,193.0,199.639,0.677609235
2024-06-18 17:57:07.441381,2959.275027036667,1,155.11074458133285,-1.9152470166587636,-166.64797684146365,1.5998482128486873,121.57709415385322,-1.4626836967896069,0.4996,0.5021,193.0,199.639,0.677698284
2024-06-18 17:57:08.436428,2960.2700731754303,1,155.02727958962117,-1.917659412982783,-166.73975434357138,1.4840046745380244,121.48546415834385,-1.3965653170149204,0.4991,0.5021,192.999,199.639,0.677707466
2024-06-18 17:57:09.444871,2961.278516292572,1,155.11996089791415,-1.9865721036972055,-166.64147608653457,1.4590085247346454,121.50489361248026,-1.4251544011535047,0.5007,0.5021,193.001,199.64,0.677626852
2024-06-18 17:57:10.446168,2962.2798130512238,1,155.0914831047548,-1.7984165686532465,-166.725999597145,1.593851123129096,121.50323018127713,-1.4759374840692567,0.5001,0.5021,192.999,199.639,0.677635628
2024-06-18 17:57:11.421305,2963.254950284958,1,155.12852948700785,-1.878054130420732,-166.70456457416603,1.5923181729653453,121.53458813085831,-1.473138313569804,0.5001,0.5021,193.0,199.638,0.677611274
2024-06-18 17:57:12.426429,2964.2600746154785,1,155.27283289939822,-1.8186234491106308,-166.67599054685977,1.6321145894720634,121.5079142874482,-1.4439544032987368,0.5001,0.5021,192.998,199.638,0.677653791
2024-06-18 17:57:13.430988,2965.2646338939667,1,155.06273498671268,-1.933434400851303,-166.7273410883031,1.5337071818463763,121.57720405961658,-1.3954047441941682,0.4991,0.5021,192.999,199.637,0.677649846
2024-06-18 17:57:14.432934,2966.266579389572,1,155.03664443374774,-1.9029296092479469,-166.7061301668515,1.4610926680537526,121.49051569559695,-1.4434628974171133,0.4996,0.5021,193.0,199.638,0.677667873
2024-06-18 17:57:15.454914,2967.288559436798,1,155.12331778601038,-1.9678408958932214,-166.72483289060003,1.5668874283448708,121.60722009989759,-1.4253250405492837,0.5007,0.5021,192.998,199.639,0.677653111
2024-06-18 17:57:16.439252,2968.2728972434998,1,154.908570008309,-1.8809280387471359,-166.8131295650646,1.3419134862453503,121.44449912845805,-1.32380740556069,0.5007,0.5021,192.999,199.637,0.677618689
2024-06-18 17:57:17.446842,2969.280488014221,1,155.09011100640652,-1.911484715811502,-166.70904618798926,1.5407388438437322,121.52372909445603,-1.473070243624247,0.4996,0.5021,192.999,199.639,0.677570865
2024-06-18 17:57:18.478568,2970.3122131824493,1,155.0360590684335,-1.985722024626299,-166.7653687274158,1.555493567054506,121.58037289423655,-1.540813344136493,0.5007,0.5021,192.999,199.639,0.677648689
2024-06-18 17:57:19.490198,2971.3238439559937,1,155.18636706972148,-2.0111340664907726,-166.57160595919373,1.618067351030211,121.52078223836718,-1.461509050700235,0.5001,0.5021,192.999,199.638,0.677633315
2024-06-18 17:57:20.452858,2972.2865040302277,1,155.144926219318,-2.016919840402652,-166.67707874484447,1.6829915795299486,121.5285978543914,-1.4492139570680684,0.4996,0.5021,192.999,199.638,0.677631478
2024-06-18 17:57:21.465313,2973.2989585399628,1,155.08714444315152,-1.8930260732722375,-166.70961457385235,1.5350667697771865,121.52643226456905,-1.4049563641227778,0.4996,0.5021,192.998,199.638,0.677644063
2024-06-18 17:57:22.485522,2974.319167137146,1,155.05627133775775,-2.067894054109268,-166.7420344557759,1.5718394321091451,121.50453064364022,-1.501120325469292,0.4996,0.5021,193.0,199.638,0.677616172
2024-06-18 17:57:23.487853,2975.321498155594,1,155.0651862681226,-1.8945565957578057,-166.72191854992442,1.5987718873683556,121.57419516650204,-1.3870646344729682,0.4996,0.5021,192.999,199.638,0.677645356
2024-06-18 17:57:24.465044,2976.2986896038055,1,155.06232668339075,-1.950827717832891,-166.74402394328314,1.5887486897084235,121.65207119506768,-1.4781153427011213,0.5007,0.5021,193.0,199.637,0.677562701
2024-06-18 17:57:25.471618,2977.3052637577057,1,155.0508732634049,-1.9631120455978845,-166.71062133945463,1.5928633063411646,121.56188148478988,-1.4868617751740174,0.4996,0.5021,193.0,199.638,0.677523789
2024-06-18 17:57:26.475785,2978.309430360794,1,155.04651892342852,-2.0744338909682876,-166.74423835206525,1.5572219307920079,121.51800588599936,-1.509102372640782,0.5001,0.5021,193.0,199.638,0.67759862
2024-06-18 17:57:27.474854,2979.3085000514984,1,155.0911419354714,-1.983252746223812,-166.49044784096108,1.897213881947683,121.47432602074315,-1.4504568628346823,0.5001,0.5021,192.999,199.638,0.67757964
2024-06-18 17:57:28.507302,2980.3409481048584,1,155.01071969103594,-1.9935983044577645,-166.75337233037243,1.6676828806264525,121.55462751252847,-1.3807801348744704,0.5001,0.5021,192.998,199.638,0.67764631
2024-06-18 17:57:29.484067,2981.3177120685577,1,155.06023427138553,-1.905318172097163,-166.69816740876172,1.614718502314802,121.61862021323702,-1.4564073161123334,0.4996,0.5021,192.999,199.638,0.677664882
2024-06-18 17:57:30.480483,2982.3141283988953,1,155.12489063654272,-1.9155620483936935,-166.5931246144407,1.5274309985769323,121.55211704948225,-1.4537613404918874,0.4996,0.5021,192.999,199.637,0.677614949
2024-06-18 17:57:31.501307,2983.334952354431,1,155.10945309550777,-1.968787245945225,-166.63405054143323,1.75253914872128,121.5025578049654,-1.4551267108341126,0.4996,0.5021,192.999,199.638,0.677601888
2024-06-18 17:57:32.487656,2984.321300983429,1,155.16222158487543,-1.9950248369472077,-166.524423937916,1.6364582179338916,121.56724373147712,-1.4513061221108183,0.4991,0.5021,192.999,199.639,0.677689032
2024-06-18 17:57:33.511580,2985.3452258110046,1,155.12836107712846,-1.9986103503542698,-166.60870187290018,1.6094081170199062,121.57102786342564,-1.4533729078600488,0.5001,0.5021,193.0,199.638,0.677591207
2024-06-18 17:57:34.512579,2986.3462240695953,1,155.0988286026758,-2.0290980958972162,-166.70444037234324,1.6075088850376562,121.54585014592672,-1.5067927170465705,0.4996,0.5021,192.999,199.639,0.677603792
2024-06-18 17:57:35.500689,2987.3343346118927,1,155.06996819647654,-2.01490515616897,-166.7273680833713,1.695205625756122,121.53213201937798,-1.391249616611351,0.4996,0.5021,192.998,199.64,0.677610935
2024-06-18 17:57:36.502454,2988.3360998630524,1,155.14887278988948,-1.8683111756063546,-166.68039927405474,1.6583232442680662,121.56090736665448,-1.4621023592971287,0.4991,0.5021,192.998,199.639,0.677615289
2024-06-18 17:57:37.512901,2989.3465464115143,1,155.06980468751445,-1.8716209663451377,-166.70983220643015,1.7059001342089988,121.5091754320213,-1.4474260131940047,0.4996,0.5021,192.999,199.639,0.677580935
2024-06-18 17:57:38.504387,2990.338032245636,1,155.13992143460763,-1.8871785090146844,-166.61205050936226,1.5714359660531931,121.54985783797892,-1.4380267281441859,0.4996,0.5021,192.999,199.639,0.67752073
2024-06-18 17:57:39.537790,2991.371435403824,1,155.16212057354429,-1.9584626330004613,-166.5402728838363,1.6612648593618988,121.5418994776071,-1.4458750411922772,0.5007,0.5021,193.0,199.64,0.677571615
2024-06-18 17:57:40.515767,2992.3494124412537,1,155.0477548704747,-1.9050708878525524,-166.72945391806311,1.6050962220026372,121.63643761647735,-1.456656612113693,0.4996,0.5021,193.0,199.638,0.677617398
2024-06-18 17:57:41.518267,2993.351912021637,1,155.23561317617046,-2.071883994310191,-166.66189489269172,1.590445628331361,121.53370614460056,-1.459921129670162,0.4996,0.5021,192.999,199.64,0.677574608
2024-06-18 17:57:42.523732,2994.3573772907257,1,155.025391345568,-1.8399243324129912,-166.76830111436874,1.5323543818528527,121.48854866402189,-1.3984207991143411,0.5007,0.5021,192.999,199.64,0.677547737
2024-06-18 17:57:43.554592,2995.388237953186,1,155.22311491764194,-2.056940975239329,-166.5595099086254,1.6149831697500956,121.54077854854236,-1.442608917524531,0.5001,0.5021,193.001,199.638,0.677510664
2024-06-18 17:57:44.549424,2996.3830692768097,1,155.16659808968265,-1.876556647118264,-166.66452976670496,1.6465575241617298,121.5131972600413,-1.4651329815049452,0.4996,0.5021,193.0,199.638,0.677652639
2024-06-18 17:57:45.562000,2997.3956451416016,1,155.11345027724914,-1.9615523098124474,-166.69648008369887,1.577092155367985,121.60124549674588,-1.4326409519197674,0.5001,0.5021,192.999,199.637,0.677544812
2024-06-18 17:57:46.532315,2998.365960597992,1,155.0904855391154,-1.9251326254762688,-166.69974919669266,1.6480632743893873,121.53416274902224,-1.449762365929403,0.4996,0.5021,193.0,199.638,0.677574268
2024-06-18 17:57:47.535907,2999.3695521354675,1,155.2026181676195,-1.9359493498407274,-166.6464874170257,1.7077376678502063,121.52167661227183,-1.4508524733666008,0.5007,0.5021,193.0,199.639,0.677552363
2024-06-18 17:57:48.564842,3000.39848780632,1,155.10564146647954,-1.980602222676551,-166.65865348442944,1.4723562460265431,121.50411515855383,-1.419917024716385,0.5007,0.5021,192.999,199.639,0.677580731
2024-06-18 17:57:49.577848,3001.4114940166473,1,155.19267828538548,-1.9774599551854493,-166.68162874146518,1.6787378365463115,121.55707593451241,-1.468927325963205,0.5001,0.5021,192.999,199.638,0.677606786
2024-06-18 17:57:50.549735,3002.3833808898926,1,155.14296488865233,-2.0678537356178155,-166.61876127774775,1.6339680447621545,121.54540290121001,-1.4292587617639132,0.5007,0.5021,193.0,199.638,0.677642639
2024-06-18 17:57:51.546981,3003.3806262016296,1,155.13203904730716,-1.9336352462556032,-166.60153151239913,1.508184264037838,121.52131466425445,-1.4598185219968134,0.4996,0.5021,193.001,199.639,0.677541548
2024-06-18 17:57:52.575653,3004.409298658371,1,155.0147541866978,-1.9320098720336676,-166.74746571103697,1.6014556225025607,121.5814674633043,-1.5367560219204341,0.5001,0.5021,193.0,199.64,0.677667401
2024-06-18 17:57:53.598437,3005.432082414627,1,154.99334208043973,-1.8707846493362308,-166.76374370023038,1.5922132007464582,121.5625164040251,-1.360917748373972,0.4996,0.5021,193.0,199.638,0.677582774
2024-06-18 17:57:54.560912,3006.3945569992065,1,155.02065258955787,-1.8570392157369804,-166.75375845581016,1.5859242570108438,121.56770796449473,-1.3477770042342494,0.4996,0.5021,193.001,199.637,0.67765087
2024-06-18 17:57:55.590793,3007.424438714981,1,154.91474233190883,-1.8032129846483114,-166.78413852996218,1.691727105605877,121.46921868488094,-1.5110305851730907,0.4996,0.5021,193.0,199.637,0.677550324
2024-06-18 17:57:56.565472,3008.3991174697876,1,155.01654050423295,-1.932427908117699,-166.78797576960545,1.6091472927947417,121.58827519170771,-1.5518572545780525,0.4996,0.5021,193.001,199.637,0.677631754
2024-06-18 17:57:57.591150,3009.4247953891754,1,155.17845656319847,-1.9739793705082973,-166.59744285043314,1.714287397851861,121.53493209196432,-1.4721828317786427,0.4996,0.5021,193.0,199.637,0.677586039
2024-06-18 17:57:58.575464,3010.4091095924377,1,155.01572667293343,-1.9850070645330238,-166.6883300342951,1.4402888312221882,121.47771696149346,-1.4262036530539486,0.4991,0.5021,193.001,199.638,0.677636176
2024-06-18 17:57:59.578711,3011.412356853485,1,154.89772517057617,-1.939357883485541,-166.81758070625335,1.800814743542012,121.52318225112252,-1.278943284842942,0.5001,0.5021,193.001,199.638,0.677592162
2024-06-18 17:58:00.577840,3012.411485671997,1,155.09304416019054,-1.9423477363534059,-166.7267456298052,1.6448772963329128,121.57042773849673,-1.467580178796636,0.5001,0.5021,193.001,199.637,0.677633727
2024-06-18 17:58:01.631045,3013.464690208435,1,155.1597661816208,-1.9774676490483556,-166.63566706000734,1.7061399610941088,121.52532441698229,-1.4728859767551623,0.5001,0.5021,193.0,199.638,0.677600665
2024-06-18 17:58:02.621624,3014.455269575119,1,155.0299829952523,-1.7366884823139803,-166.78824525128695,1.5699529219547437,121.46326855882269,-1.3903429208300866,0.5007,0.5021,193.002,199.638,0.677644135
2024-06-18 17:58:03.586959,3015.4206047058105,1,155.06057354753688,-1.8473007117617248,-166.7184792831613,1.6425843300726426,121.52355186088622,-1.5047980649020085,0.4991,0.5021,193.001,199.638,0.677581343
2024-06-18 17:58:04.621114,3016.454759120941,1,155.00248707983852,-1.9164231297003793,-166.75171455788984,1.6364726173182536,121.58061463715347,-1.5322458416715719,0.4996,0.5021,193.0,199.639,0.677644337
2024-06-18 17:58:05.615780,3017.4494259357452,1,154.7834637073045,-1.7604162840227626,-166.8919815951575,1.4430216702953986,121.39744894312362,-1.3468967833124574,0.4991,0.5021,193.001,199.637,0.677682433
2024-06-18 17:58:06.605385,3018.439030647278,1,155.04860999197925,-1.9560782909239955,-166.73938923156166,1.7232554081044065,121.52151137987907,-1.3802912150809312,0.5007,0.5021,193.001,199.638,0.677628691
2024-06-18 17:58:07.623941,3019.457587003708,1,155.09102024999362,-1.9620560765001802,-166.71327265015043,1.5993104394984092,121.54355998744103,-1.4424043206343344,0.5007,0.5021,193.001,199.638,0.677645702
2024-06-18 17:58:08.609483,3020.443128824234,1,155.0321191798788,-1.9678255548481962,-166.685727541139,1.4286044444040307,121.49654667171956,-1.5072622139985408,0.5012,0.5021,193.002,199.638,0.677619443
2024-06-18 17:58:09.620049,3021.4536950588226,1,154.96024503618642,-1.9908191618665063,-166.72931562053472,1.434710228289153,121.45564861383174,-1.4240783889848316,0.5012,0.5021,193.001,199.639,0.677579918
2024-06-18 17:58:10.605186,3022.438831090927,1,155.11547207354693,-1.947722153818697,-166.68378064564433,1.5802646445392265,121.57019344831718,-1.4293032924709894,0.5001,0.5021,193.001,199.639,0.67767924
2024-06-18 17:58:11.618441,3023.452086687088,1,155.1414870618783,-2.132965548870866,-166.70478721123106,1.5969920644580444,121.49604966952623,-1.4621801695549754,0.4991,0.5021,193.001,199.638,0.677618626
2024-06-18 17:58:12.632095,3024.4657406806946,1,154.98814669570447,-2.09761501958786,-166.76997795418598,1.5679273767978292,121.50232756064622,-1.548305033756718,0.4991,0.5021,193.001,199.638,0.677574476
2024-06-18 17:58:13.616314,3025.449959754944,1,154.838240105223,-2.0890462710817777,-166.80519119499883,1.691952548393255,121.4828829223977,-1.3624153459441743,0.5001,0.5021,193.001,199.638,0.677579238
2024-06-18 17:58:14.635584,3026.4692299365997,1,155.0562926785241,-1.9595208939890696,-166.65466251589575,1.5192888150558381,121.50563758109833,-1.4561224787305562,0.4996,0.5021,193.0,199.64,0.677520258
2024-06-18 17:58:15.641741,3027.4753863811493,1,155.08023686578707,-2.0551071396419625,-166.67649892446008,1.603575786061883,121.5681933411932,-1.4106863177387705,0.5001,0.5021,193.001,199.64,0.677550462
2024-06-18 17:58:16.652380,3028.4860258102417,1,155.05651421971578,-2.01266167471556,-166.66348532877325,1.4627840775294076,121.50653187812155,-1.444692373146354,0.4991,0.5021,193.001,199.638,0.677658423
2024-06-18 17:58:17.629723,3029.4633684158325,1,155.13367962053164,-1.9520038335111376,-166.716146249841,1.6575239227228469,121.5839124580238,-1.4159714678582958,0.5007,0.5021,193.002,199.637,0.677589782
2024-06-18 17:58:18.647409,3030.481054544449,1,155.05431305480022,-1.996048265088889,-166.66565393066392,1.6770163661149287,121.53819343058133,-1.4498812987276006,0.4996,0.5021,193.002,199.638,0.677585837
2024-06-18 17:58:19.660994,3031.494639635086,1,155.0892533348886,-1.9052056451914845,-166.69634111931546,1.6612816162196893,121.53152943103002,-1.4455902363608564,0.5001,0.5021,193.002,199.639,0.677524407
2024-06-18 17:58:20.643233,3032.4768788814545,1,155.0744240200207,-1.9270946852274844,-166.6673314620085,1.601050297806617,121.58319666694169,-1.4311570564821336,0.4996,0.5021,193.002,199.638,0.677638491
2024-06-18 17:58:21.664164,3033.4978098869324,1,154.95579521216015,-1.9626829736603557,-166.7771909387739,1.565013948343696,121.54171349296867,-1.347421452504433,0.5001,0.5021,193.002,199.638,0.67762196
2024-06-18 17:58:22.651395,3034.4850409030914,1,155.06036836831285,-2.0707825724556543,-166.68645681549583,1.6230340113536057,121.55737401974943,-1.3846070784725437,0.4991,0.5021,193.001,199.639,0.677667539
2024-06-18 17:58:23.653209,3035.48685503006,1,155.04814872031602,-2.003489521363411,-166.71261396253485,1.5131616277070248,121.51549390450373,-1.4034171198082723,0.5007,0.5021,193.002,199.64,0.677596651
2024-06-18 17:58:24.656175,3036.489820957184,1,155.0132933219317,-1.9347672352321958,-166.74629046834397,1.588636217059177,121.62694693103332,-1.417174604041889,0.5007,0.5021,193.002,199.64,0.677626108
2024-06-18 17:58:25.672098,3037.5057439804077,1,155.20238002520992,-2.1129452289126927,-166.62226618746436,1.5961941810832596,121.5405685233495,-1.4305947070684877,0.4996,0.5021,193.0,199.639,0.677643387
2024-06-18 17:58:26.676433,3038.5100786685944,1,155.1022763818241,-1.9053240805421159,-166.69703969076983,1.6585288738363975,121.52462259763725,-1.4927362870425784,0.5007,0.5021,193.002,199.638,0.677570324
2024-06-18 17:58:27.677643,3039.511288166046,1,154.70364938400635,-1.9832641930292652,-166.97236341675486,1.7611242898337596,121.37296354135665,-1.641568179727929,0.4996,0.5021,193.002,199.639,0.677639509
2024-06-18 17:58:28.679017,3040.512662410736,1,155.01911098480417,-1.9564485221403416,-166.74800934053977,1.5868649541058544,121.58494223085063,-1.4190174369343074,0.4996,0.5021,193.002,199.639,0.677590869
2024-06-18 17:58:29.687417,3041.521062850952,1,155.0673533229886,-2.0634152395371936,-166.7013648730037,1.6420065569389097,121.55417409637276,-1.3912660180185386,0.4996,0.5021,193.002,199.639,0.677529029
2024-06-18 17:58:30.695064,3042.5287091732025,1,154.96263081317682,-1.8879433589751276,-166.77403485233796,1.4997140840459264,121.4613364464869,-1.4973645175066,0.4996,0.5021,193.001,199.639,0.677619643
2024-06-18 17:58:31.694287,3043.527932405472,1,155.07763450543902,-1.7484114551542393,-166.7377515621654,1.6191082188167365,121.4743017596921,-1.4138466371646974,0.4996,0.5021,193.002,199.639,0.677580459
2024-06-18 17:58:32.703112,3044.5367572307587,1,154.90182717775446,-1.8561106937914138,-166.82007301470256,1.519571989434079,121.43185008933085,-1.404771509028216,0.5001,0.5021,193.002,199.639,0.677556377
2024-06-18 17:58:33.711929,3045.5455746650696,1,155.0648224137082,-1.9630523825528,-166.68251496834097,1.6661727350626365,121.55246028880855,-1.4701250074138328,0.5001,0.5021,193.002,199.639,0.677548281
2024-06-18 17:58:34.707364,3046.541009426117,1,155.0798512144417,-1.9507347295957642,-166.6979086886979,1.62394608106299,121.55025774567687,-1.4273454004376653,0.5001,0.5021,193.002,199.639,0.677628078
2024-06-18 17:58:35.716757,3047.550402879715,1,155.13894350577286,-1.9189084685205262,-166.69783960000143,1.6360799644964665,121.57460712889419,-1.453331077535529,0.4996,0.5021,193.004,199.639,0.677606241
2024-06-18 17:58:36.715089,3048.548734664917,1,155.03252081903668,-1.955946366812486,-166.7212918159478,1.6210245686165863,121.58151847192057,-1.5142701931881781,0.5001,0.5021,193.003,199.639,0.677528145
2024-06-18 17:58:37.719035,3049.5526809692383,1,154.9921832407642,-1.9432177763068887,-166.72959251832683,1.7437741681859076,121.50102125412884,-1.3713070776569027,0.5001,0.5021,193.002,199.639,0.677583384
2024-06-18 17:58:38.779682,3050.6133279800415,1,155.22909617415235,-1.883052944370162,-166.65105868621285,1.5982663227108225,121.52730678650401,-1.4377964077888608,0.4991,0.5021,193.002,199.64,0.677597466
2024-06-18 17:58:39.923941,3051.757586956024,1,155.0146164463854,-2.0222126521658215,-166.7375101877475,1.5455202266851424,121.49822566948698,-1.3975413079192713,0.4996,0.5021,193.003,199.639,0.677474062
2024-06-18 17:58:40.953647,3052.7872924804688,1,155.06737877571857,-1.8739192143375074,-166.70154206059811,1.5986620171629182,121.52106920070382,-1.4503602994925553,0.4996,0.5021,193.002,199.638,0.677602636
2024-06-18 17:58:41.928735,3053.7623805999756,1,154.91842496296013,-2.0250553419071826,-166.78712626433395,1.535228915341759,121.46641925487478,-1.3646893949959544,0.5001,0.5021,193.003,199.639,0.677572567
2024-06-18 17:58:42.931432,3054.7650775909424,1,155.1008130680886,-1.8331434912139377,-166.64474198243718,1.7015545939368006,121.53983339325907,-1.4096421899358365,0.5001,0.5021,193.002,199.638,0.677606377
2024-06-18 17:58:43.937249,3055.7708950042725,1,155.20254860784564,-1.851185350040069,-166.6798674724101,1.6430870846821912,121.53067952335714,-1.4367758908963724,0.5001,0.5021,193.003,199.639,0.677685018
2024-06-18 17:58:44.937953,3056.771598815918,1,154.95538330587496,-1.9158039982776296,-166.77434523396184,1.6053293440181795,121.53781926292358,-1.3525318603053038,0.5007,0.5021,193.002,199.638,0.677640119
2024-06-18 17:58:45.969850,3057.803495645523,1,155.18923784417734,-2.0495265497908624,-166.6285589278515,1.5996827563495246,121.52456687370449,-1.4362556071917572,0.4996,0.5021,193.003,199.638,0.677628283
2024-06-18 17:58:46.951888,3058.7855331897736,1,155.11920683566865,-1.9790273470464135,-166.5225875707741,1.4855390396491497,121.51581736180898,-1.4437051828580592,0.5001,0.5021,193.004,199.639,0.677550798
2024-06-18 17:58:47.972187,3059.805832862854,1,155.08088771195878,-1.9713963037884605,-166.68060093170175,1.5053876339799244,121.53121601514485,-1.4815989661752618,0.4991,0.5021,193.003,199.639,0.677641004
2024-06-18 17:58:48.955202,3060.788847923279,1,154.87408174984455,-1.890715746758085,-166.83971767256944,1.5603745197711507,121.41722271167201,-1.4462641561455933,0.5007,0.5021,193.004,199.638,0.677655494
2024-06-18 17:58:49.956961,3061.7906064987183,1,155.02485506991144,-1.7671043990437982,-166.77726576157048,1.628383101007369,121.46550710578025,-1.4220482845049964,0.4991,0.5021,193.003,199.638,0.677610255
2024-06-18 17:58:50.975516,3062.8091609477997,1,155.13119506777946,-1.8596804132099785,-166.59327916055136,1.6057417192336354,121.54409369429686,-1.4642427019177109,0.4991,0.5021,193.004,199.638,0.677678964
2024-06-18 17:58:51.963388,3063.797033071518,1,155.19241751937653,-2.1438791969234483,-166.66221677103294,1.6158600819499422,121.51240646643495,-1.4771743070167223,0.4996,0.5021,193.004,199.639,0.67760352
2024-06-18 17:58:52.965376,3064.7990210056305,1,155.06197354549235,-1.9530423806761197,-166.7414370660559,1.6315530725775524,121.59739661302339,-1.4004438125825236,0.5007,0.5021,193.003,199.639,0.677637398
2024-06-18 17:58:53.993620,3065.8272652626038,1,155.05925485935919,-1.9592155287508872,-166.691959466504,1.59084153197383,121.55414934659758,-1.4413083370510444,0.5007,0.5021,193.003,199.639,0.677600867
2024-06-18 17:58:54.974867,3066.8085124492645,1,155.07360456454649,-1.9599934466900886,-166.71422881377444,1.5609628285478034,121.59387827432673,-1.4933975282277117,0.5001,0.5021,193.004,199.639,0.677630391
2024-06-18 17:58:55.979861,3067.813506126404,1,155.06328820283343,-1.9958126913902203,-166.7546521113086,1.595185695617558,121.59017126091314,-1.3662321934686277,0.5001,0.5021,193.003,199.639,0.677618243
2024-06-18 17:58:56.981912,3068.815557718277,1,155.14493084148458,-2.05926062062889,-166.6650586670139,1.6351571699630212,121.54247692998847,-1.4655655753348802,0.4996,0.5021,193.004,199.639,0.677605495
2024-06-18 17:58:57.998160,3069.8318054676056,1,155.14745948272508,-1.8480578189100079,-166.68296270403007,1.632793414501618,121.53553187159685,-1.4573355539583148,0.5001,0.5021,193.005,199.639,0.677530256
2024-06-18 17:58:58.986100,3070.8197453022003,1,155.19341977328662,-1.901142043514767,-166.67583001220112,1.5686399132877555,121.5549364512906,-1.4398142439391488,0.4996,0.5021,193.005,199.638,0.677594068
2024-06-18 17:59:00.016603,3071.850248813629,1,155.21989800978534,-1.8431725464459074,-166.5934689245198,1.653280142525044,121.53576690354852,-1.4463196216753913,0.5001,0.5021,193.005,199.638,0.677601279
2024-06-18 17:59:00.988254,3072.8218994140625,1,155.09065816694763,-1.9431624368493712,-166.61894337437064,1.7651927703785757,121.49545174381994,-1.439591941412932,0.4985,0.5021,193.004,199.639,0.677601415
2024-06-18 17:59:02.013484,3073.8471298217773,1,155.07011341154802,-1.9367833511208157,-166.6644237458746,1.638769823499114,121.58015884202605,-1.4325032274961715,0.5001,0.5021,193.004,199.639,0.677553864
2024-06-18 17:59:02.997441,3074.8310866355896,1,155.00753858563343,-1.966404877490461,-166.7342413126561,1.7026545849569958,121.57013932597965,-1.5357825994636076,0.4996,0.5021,193.003,199.639,0.677493727
2024-06-18 17:59:04.047206,3075.8808517456055,1,155.21855723079153,-1.8740163599039517,-166.67355245521097,1.5235459557781874,121.60331236961123,-1.4936424111876119,0.4991,0.5021,193.003,199.638,0.677489305
2024-06-18 17:59:05.021420,3076.8550651073456,1,155.04670636332872,-2.0549418396735395,-166.71389401477197,1.5021045987171775,121.49697605164661,-1.4860143025336312,0.4996,0.5021,193.004,199.638,0.67750577
2024-06-18 17:59:06.032110,3077.8657557964325,1,155.10032967644213,-2.0264941640335756,-166.6014099194905,1.6523597981057536,121.53610652790294,-1.4621976670187167,0.5001,0.5021,193.004,199.637,0.677562913
2024-06-18 17:59:07.052438,3078.8860836029053,1,155.1888923171678,-2.023983133453742,-166.60973065073597,1.5908671640940173,122.18645513670766,-3.5309891423258306,0.4991,0.5021,193.004,199.638,0.677524749
2024-06-18 17:59:08.022274,3079.8559198379517,1,155.12046352542063,-1.8544163444581017,-166.6293940565729,1.556326486511034,121.59082350505811,-1.7784855141270475,0.4991,0.5021,193.004,199.638,0.677610465
2024-06-18 17:59:09.025527,3080.859172821045,1,155.11714585765463,-1.9799806323523255,-166.60080316992054,1.6819185491039461,121.55122993091695,-1.4567290428493183,0.5001,0.5021,193.003,199.639,0.677624751
2024-06-18 17:59:10.049761,3081.8834064006805,1,155.08575649333858,-2.1601175041810725,-166.72107834064522,1.6301264292259594,121.48300487923593,-1.4433810457496117,0.4991,0.5021,193.003,199.639,0.677579242
2024-06-18 17:59:11.029033,3082.8626787662506,1,155.05589434953762,-2.172157276045331,-166.73844899886655,1.488972038815076,121.47707782837597,-1.486853932680837,0.4996,0.5021,193.004,199.64,0.677585229
2024-06-18 17:59:12.034859,3083.868504524231,1,155.0126184284496,-1.9959973527024977,-166.7359608789734,1.7467008727815492,121.48219280835568,-1.5087266270575277,0.4996,0.5021,193.004,199.641,0.677576115
2024-06-18 17:59:13.037403,3084.871047973633,1,155.12031423262437,-1.9530724575354552,-166.6312652925982,1.495678897584876,121.52235071080442,-1.4194361902595614,0.4996,0.5021,193.004,199.64,0.677660878
2024-06-18 17:59:14.041294,3085.874939918518,1,155.09811764888292,-2.078135849904492,-166.68216073582633,1.6013924387827772,121.52801762526177,-1.421979694313127,0.5007,0.5021,193.005,199.64,0.677606725
2024-06-18 17:59:15.044451,3086.878096342087,1,155.11195167985235,-1.9640117260737617,-166.6060147559925,1.5940847030084777,121.55797101390725,-1.4715202092425572,0.4991,0.5021,193.004,199.639,0.677575977
2024-06-18 17:59:16.044304,3087.8779497146606,1,155.0512088415108,-1.9049125104004323,-166.7057905150226,1.5592000209689991,121.56087055213733,-1.4118663160809248,0.4996,0.5021,193.005,199.639,0.677619311
2024-06-18 17:59:17.046851,3088.880496740341,1,155.12606151149842,-1.7748041396753584,-166.68268907189284,1.610700804667686,121.51571237394649,-1.4761217536116515,0.4996,0.5021,193.006,199.64,0.677627678
2024-06-18 17:59:18.068156,3089.9018013477325,1,155.1617962633924,-1.9086164495984381,-166.56204624007935,1.6184388777494574,121.53425948232534,-1.4493658806548697,0.4996,0.5021,193.006,199.641,0.677604889
2024-06-18 17:59:19.069031,3090.9026770591736,1,155.21681374959738,-2.0943205799878024,-166.64340029757747,1.59862469035414,121.5125092398769,-1.4579226570777784,0.4996,0.5021,193.005,199.639,0.677578834
2024-06-18 17:59:20.054822,3091.8884677886963,1,154.93814334856486,-2.1149596098290644,-166.7941742217969,1.5267076716691055,121.46749943937074,-1.3938275952611197,0.4996,0.5021,193.005,199.639,0.677607542
2024-06-18 17:59:21.073337,3092.9069826602936,1,155.0899767235084,-1.9198750592671419,-166.68349020906066,1.580067124089829,121.54479310590597,-1.456029985539395,0.4991,0.5021,193.004,199.639,0.677495499
2024-06-18 17:59:22.059154,3093.89279961586,1,154.97390025601328,-2.049852169669274,-166.74823848061988,1.5975492903099622,121.54972439633113,-1.3508732290954713,0.5001,0.5021,193.006,199.64,0.677532507
2024-06-18 17:59:23.091010,3094.924655675888,1,155.06287681007421,-1.9564056986217295,-166.73126798086932,1.641129883539143,121.5927448238027,-1.3847689844226514,0.5001,0.5021,193.005,199.638,0.677605297
2024-06-18 17:59:24.065357,3095.899002313614,1,155.0273475109491,-2.0715373121568033,-166.7314455492117,1.506799532977654,121.50168693148807,-1.4853660290507449,0.4996,0.5021,193.006,199.64,0.677533867
2024-06-18 17:59:25.085215,3096.9188606739044,1,154.97704290038044,-2.058973806914401,-166.76252360719084,1.5848140556937602,121.53841522099651,-1.368417090093233,0.5001,0.5021,193.004,199.639,0.677693598
2024-06-18 17:59:26.093775,3097.92742061615,1,154.97812055407465,-1.9999265418900758,-166.69288346401552,1.7737853148226828,121.47652834419269,-1.4281839550772388,0.5007,0.5021,193.004,199.639,0.677665638
2024-06-18 17:59:27.082290,3098.9159350395203,1,155.1305875329409,-1.957165342706895,-166.64725667548095,1.5169339914200641,121.5207411179887,-1.454789284450634,0.5001,0.5021,193.005,199.639,0.677672235
2024-06-18 17:59:28.100540,3099.9341859817505,1,155.0123163215363,-2.015372297115485,-166.7362291571826,1.6154365075626644,121.56638156527828,-1.3773248219344219,0.4996,0.5021,193.006,199.638,0.677572233
2024-06-18 17:59:29.098604,3100.932249546051,1,155.0644969109719,-1.6051248239378257,-166.75062902970632,1.644104625068419,121.46904215330588,-1.5504850218032407,0.4991,0.5021,193.006,199.638,0.677600669
2024-06-18 17:59:30.108560,3101.9422056674957,1,154.99074526210677,-1.8031241079217961,-166.71856793026853,1.6234484799606226,121.50362201493758,-1.5219396443949202,0.4996,0.5021,193.006,199.639,0.677641418
2024-06-18 17:59:31.096098,3102.929743528366,1,155.0056845889111,-2.0157575063833435,-166.6921482450402,1.6066273489695961,121.58300974278708,-1.527002521946093,0.5007,0.5021,193.005,199.639,0.677619717
2024-06-18 17:59:32.097965,3103.931610584259,1,155.11304850602252,-1.932973234514604,-166.69788386544735,1.5825510718496374,121.57611690537121,-1.4731936151854836,0.5007,0.5021,193.006,199.639,0.67764203
2024-06-18 17:59:33.090699,3104.924344778061,1,155.02051680979838,-1.77514566344916,-166.7319340252102,1.6273125929187577,121.51305196166425,-1.5256773722325596,0.5007,0.5021,193.005,199.639,0.677632982
2024-06-18 17:59:34.094304,3105.9279494285583,1,155.22003977660282,-2.07941418253172,-166.623936020699,1.6310206786953243,121.52864303420301,-1.4685382627922,0.5001,0.5021,193.005,199.639,0.677590261
2024-06-18 17:59:35.119338,3106.952983856201,1,155.0584900998447,-1.7968100646296106,-166.71003981119162,1.6202830738260647,121.51843517620689,-1.5083100881436873,0.5007,0.5021,193.006,199.639,0.677626588
2024-06-18 17:59:36.130160,3107.963805437088,1,155.11927237537535,-2.098270025479583,-166.69517971652783,1.5997911143755006,121.50914502252486,-1.440046965800284,0.5001,0.5021,193.004,199.639,0.677562097
2024-06-18 17:59:37.124556,3108.9582014083862,1,155.2707315539674,-2.0050995479629474,-166.62691574955082,1.6224331817165376,121.52477447542174,-1.456545279054719,0.5001,0.5021,193.006,199.639,0.677577131
2024-06-18 17:59:38.107840,3109.9414858818054,1,155.11883841125388,-1.8372823132553202,-166.66122922321992,1.7052052380100684,121.52859279817153,-1.4239378573983046,0.5007,0.5021,193.005,199.639,0.677595771
2024-06-18 17:59:39.111181,3110.944826364517,1,155.07942273683537,-1.959516525438832,-166.7061124881844,1.7049583033727165,121.57179556910032,-1.5244736094686928,0.4996,0.5021,193.005,199.639,0.67755128
2024-06-18 17:59:40.128144,3111.9617891311646,1,154.86903840218395,-2.0763540004284584,-166.8250750509414,1.5556855086710064,121.44050302062682,-1.401475062433854,0.4996,0.5021,193.004,199.64,0.677540572
2024-06-18 17:59:41.116758,3112.9504039287567,1,154.9856211472888,-2.0738488562037953,-166.71822331687883,1.5999446880561898,121.54996434734362,-1.3692368964808213,0.4991,0.5021,193.004,199.639,0.67759332
2024-06-18 17:59:42.139185,3113.9728305339813,1,154.9305750759025,-2.0435297832824575,-166.72013513857056,1.7345930699835552,121.48090542377302,-1.444023441525902,0.4996,0.5021,193.005,199.639,0.677513931
2024-06-18 17:59:43.122155,3114.955800294876,1,155.14330205548634,-1.983182684707131,-166.59604125316412,1.518942848575136,121.5220314549035,-1.4640231234492687,0.4996,0.5021,193.005,199.64,0.677524747
2024-06-18 17:59:44.123818,3115.9574637413025,1,155.01566040461918,-2.061665134596963,-166.73893682597273,1.661282833936821,121.50833855731807,-1.5132077390389684,0.4996,0.5021,193.006,199.638,0.677546312
2024-06-18 17:59:45.150435,3116.9840803146362,1,154.863125533241,-2.081131342702029,-166.70220056352994,1.898145697361766,121.43649225083644,-1.4219026337537155,0.4991,0.5021,193.006,199.638,0.677591347
2024-06-18 17:59:46.126754,3117.9603996276855,1,154.92376138173194,-1.7607036667983764,-166.79922590857765,1.6984369069617202,121.41071883570577,-1.4752997181991736,0.5001,0.5021,193.005,199.639,0.677582503
2024-06-18 17:59:47.131875,3118.9655208587646,1,154.9407769803131,-1.8317272750743834,-166.78277463467248,1.6861516985975395,121.47749185643727,-1.3667957212087778,0.5001,0.5021,193.006,199.639,0.677546176
2024-06-18 17:59:48.133406,3119.9670519828796,1,155.12451593940227,-2.1307979627611826,-166.71151478835637,1.622462638133183,121.49383148921943,-1.4441812186406002,0.4996,0.5021,193.005,199.639,0.677589578
2024-06-18 17:59:49.133487,3120.9671325683594,1,155.05869214620262,-2.149068612249299,-166.69840700791207,1.6142637841541776,121.4934351813333,-1.457434008484015,0.5007,0.5021,193.005,199.639,0.67752216
2024-06-18 17:59:50.135997,3121.9696419239044,1,155.085728472146,-1.9807167212584467,-166.59992167503452,1.6732998947413225,121.54640279981632,-1.4628956142332115,0.5001,0.5021,193.006,199.639,0.677607944
2024-06-18 17:59:51.140910,3122.9745557308197,1,155.02603563187049,-2.03854713910942,-166.66994235333607,1.6266418949111534,121.5838450609099,-1.4239867542547782,0.4991,0.5021,193.007,199.637,0.677586243
2024-06-18 17:59:52.150500,3123.984145641327,1,155.06589130120017,-1.8916937383423402,-166.6154979804053,1.608550414236474,121.5720245178043,-1.4713292937081424,0.5001,0.5021,193.007,199.639,0.677546719
2024-06-18 17:59:53.162075,3124.9957208633423,1,154.97968146430952,-2.09586507876975,-166.73515478127803,1.5240828382387979,121.48605908321662,-1.503316858865511,0.5001,0.5021,193.006,199.637,0.677576787
2024-06-18 17:59:54.181513,3126.015158891678,1,155.15985442119225,-1.8404017847970808,-166.66660595859724,1.6206723531489555,121.54551543877655,-1.4642796766169437,0.5001,0.5021,193.006,199.638,0.677556447
2024-06-18 17:59:55.190869,3127.024514436722,1,155.0274803325912,-2.053114613031295,-166.71567821980508,1.5566859683646392,121.49326149148436,-1.4865449997444233,0.4996,0.5021,193.006,199.638,0.67761155
2024-06-18 17:59:56.158275,3127.991920232773,1,154.80583150474195,-1.9029496692877235,-166.86652606725914,1.6189522565693177,121.40527230244267,-1.5248872444726123,0.5001,0.5021,193.006,199.638,0.677565494
2024-06-18 17:59:57.163935,3128.9975810050964,1,155.03270857227722,-1.9687478056452377,-166.69567662908122,1.5324575011987798,121.54475959217443,-1.4179660893081052,0.5001,0.5021,193.006,199.638,0.677675768
2024-06-18 17:59:58.169875,3130.003520488739,1,154.95100405881303,-2.034963148302426,-166.75310298939752,1.626300148887128,121.57601532220717,-1.367667394661226,0.5001,0.5021,193.006,199.638,0.677648963
2024-06-18 17:59:59.172156,3131.0058012008667,1,154.81911826427722,-1.9424009594991138,-166.86091368104138,1.5818619234571938,121.41781455397913,-1.486605678521361,0.5001,0.5021,193.005,199.64,0.677668827
2024-06-18 18:00:00.186845,3132.0204906463623,1,155.03577511863045,-1.9701140476917618,-166.7334187207272,1.6394339048208142,121.61539823733989,-1.4454401720990484,0.4996,0.5021,193.005,199.639,0.677645086
2024-06-18 18:00:01.181805,3133.0154504776,1,155.20055029341088,-2.0892070553866717,-166.5724582057998,1.62165190374417,121.53233101441526,-1.4614825027947822,0.5001,0.5021,193.005,199.638,0.677617602
2024-06-18 18:00:02.211065,3134.044710636139,1,155.07421499459733,-2.043161970292268,-166.61753438209004,1.6096822413878684,121.56719796380777,-1.4907442357772958,0.4991,0.5021,193.005,199.639,0.677573792
2024-06-18 18:00:03.188411,3135.02205657959,1,154.90445448162492,-1.862941744684636,-166.79035167014635,1.6076250032484156,121.50401563825369,-1.5721336358602034,0.4996,0.5021,193.005,199.638,0.677612636
2024-06-18 18:00:04.210032,3136.0436778068542,1,155.0374187216695,-2.029588781239575,-166.6527635523784,1.6008398439899405,121.56258664813313,-1.4957218163051365,0.4996,0.5021,193.007,199.638,0.677621752
2024-06-18 18:00:05.223784,3137.057429790497,1,155.09455855040363,-1.8807435615813208,-166.6557272474735,1.6017093231061457,121.57121413373655,-1.4957697391729072,0.5001,0.5021,193.005,199.639,0.677686651
2024-06-18 18:00:06.214198,3138.0478439331055,1,155.088422318797,-1.918505161372808,-166.68457470283775,1.5332431497640582,121.52695546519017,-1.483157799151046,0.5001,0.5021,193.005,199.638,0.677578622
2024-06-18 18:00:07.201398,3139.035043478012,1,154.9926219313582,-1.91567623446135,-166.7427066706394,1.6945026494758013,121.5473546608559,-1.3562974676530053,0.5001,0.5021,193.004,199.639,0.67763114
2024-06-18 18:00:08.204538,3140.0381836891174,1,154.67714997747674,-2.2733239797243883,-166.98636919320302,1.558319336152022,121.32297358281758,-1.3692356404292847,0.4991,0.5021,193.004,199.639,0.677614405
2024-06-18 18:00:09.207065,3141.040710926056,1,155.02321956199597,-2.0152374209426993,-166.70715757428988,1.5983624857029761,121.52393370359376,-1.4430645858771631,0.5007,0.5021,193.006,199.638,0.677561479
2024-06-18 18:00:10.228696,3142.0623412132263,1,154.86529932166238,-2.0979486619935863,-166.83804078228815,1.563217092321717,121.41994145366114,-1.4111390714921008,0.5001,0.5021,193.006,199.639,0.677610935
2024-06-18 18:00:11.215563,3143.049208879471,1,155.03511253906169,-2.0104487210176547,-166.680307679605,1.5979301569685913,121.56814868992926,-1.4771406580533895,0.5007,0.5021,193.006,199.64,0.67758808
2024-06-18 18:00:12.220257,3144.0539026260376,1,155.02692528092,-1.997578805708698,-166.55886003468947,1.7249709202770116,121.50202607003861,-1.444025318277201,0.5001,0.5021,193.005,199.639,0.677603658
2024-06-18 18:00:13.223131,3145.0567767620087,1,155.17204344520107,-2.089246988144271,-166.6068719963748,1.5938942030927705,121.53471566469995,-1.471467644688397,0.4996,0.5021,193.006,199.64,0.677690666
2024-06-18 18:00:14.246888,3146.0805332660675,1,155.07362639372013,-1.9342187161514957,-166.6207433503699,1.5316079929034023,121.51807635487755,-1.4316388480390554,0.5001,0.5021,193.006,199.64,0.677631142
2024-06-18 18:00:15.235609,3147.0692541599274,1,154.86982127914462,-1.842343994232018,-166.82047872267373,1.673408002219568,121.43417863276328,-1.5112035961035304,0.4991,0.5021,193.005,199.639,0.677674612
2024-06-18 18:00:16.239847,3148.073492527008,1,154.97863236578704,-1.8741050795727432,-166.73072578204025,1.4832763347815794,121.48753251927444,-1.399589540135666,0.4996,0.5021,193.005,199.639,0.677633523
2024-06-18 18:00:17.250579,3149.0842242240906,1,155.06814631936885,-1.9326863614558791,-166.7118213363546,1.541718515139579,121.54794350324708,-1.4052807312112834,0.4991,0.5021,193.005,199.638,0.67758774
2024-06-18 18:00:18.244253,3150.0778987407684,1,154.98116003824032,-1.9363818135503992,-166.7067295618829,1.4591301085061807,121.48520689814667,-1.4050099173293351,0.5007,0.5021,193.006,199.638,0.677545356
2024-06-18 18:00:19.265743,3151.099389076233,1,154.98238993985,-2.2153637252934626,-166.74463059984234,1.511636646586138,121.48790834571196,-1.5415248295173005,0.5001,0.5021,193.006,199.639,0.67757454
2024-06-18 18:00:20.254272,3152.087917804718,1,155.0190745334957,-2.005706609128005,-166.68916103674252,1.5862548503188412,121.53048089105822,-1.4971194809066368,0.5001,0.5021,193.006,199.639,0.677501204
2024-06-18 18:00:21.257821,3153.0914669036865,1,155.07051881953356,-1.9432837804510268,-166.58080698446608,1.5352611552049373,121.52297664958864,-1.4522149132678088,0.4996,0.5021,193.005,199.639,0.677533245
2024-06-18 18:00:22.259308,3154.0929532051086,1,155.06626788681513,-1.8257259923372595,-166.69460033803713,1.6598581725385975,121.50213080210034,-1.4510666849523064,0.4996,0.5021,193.006,199.639,0.67759862
2024-06-18 18:00:23.262940,3155.0965855121613,1,154.97447773950807,-1.8726560956549754,-166.75206913430205,1.7120308270898523,121.46480793803045,-1.3998008389229868,0.5007,0.5021,193.005,199.639,0.677543926
2024-06-18 18:00:24.265418,3156.0990631580353,1,154.84712839097602,-2.00436861903965,-166.80929272462814,1.575922954238611,121.43497146972061,-1.5423517241869718,0.4996,0.5021,193.006,199.638,0.677616444
2024-06-18 18:00:25.270976,3157.1046216487885,1,155.04781359237165,-1.9164592696478824,-166.70160122111628,1.6226253835860618,121.52643958534037,-1.453919510149508,0.4991,0.5021,193.006,199.638,0.677527054
2024-06-18 18:00:26.288421,3158.12206697464,1,155.03564448231356,-1.946139633224119,-166.7200897877303,1.6738721881241467,121.52956678761296,-1.4100340060661007,0.4985,0.5021,193.006,199.639,0.677538755
2024-06-18 18:00:27.287753,3159.1213989257812,1,155.10023710907203,-2.012768310693352,-166.63301439633392,1.5919356505724593,121.56913417731167,-1.4752063918967881,0.4996,0.5021,193.007,199.639,0.677529435
2024-06-18 18:00:28.287169,3160.1208143234253,1,155.1020033535769,-1.9243979500947188,-166.59180217468875,1.5840937704917069,121.56595179384493,-1.4445361413643603,0.4985,0.5021,193.006,199.639,0.677587055
2024-06-18 18:00:29.279920,3161.1135652065277,1,154.97576701156734,-1.9177120493111226,-166.68973741561155,1.433711274642081,121.47458213696723,-1.4757437883550186,0.4996,0.5021,193.006,199.639,0.67754937
2024-06-18 18:00:30.286367,3162.1200120449066,1,155.04115407606116,-1.968523900450328,-166.70714151830717,1.633178815286265,121.57480324222064,-1.4992770941823217,0.5001,0.5021,193.007,199.639,0.677553179
2024-06-18 18:00:31.286040,3163.1196858882904,1,155.170493536976,-1.9657895472376823,-166.5468538737616,1.6143543094319404,121.5344484182927,-1.4509946564374676,0.4996,0.5021,193.006,199.639,0.677584268
2024-06-18 18:00:32.309106,3164.1427512168884,1,155.12434782052017,-1.9267086493304229,-166.58765658295732,1.721886021578837,121.51589957006098,-1.4708303080644658,0.4991,0.5021,193.006,199.639,0.67752107
2024-06-18 18:00:33.307678,3165.1413235664368,1,154.94437205436483,-1.856293079099749,-166.7563707429975,1.7123311939834838,121.45699484970048,-1.4100533138394564,0.4991,0.5021,193.007,199.638,0.677575221
2024-06-18 18:00:34.297148,3166.130793571472,1,154.99852934661988,-1.9683538333378896,-166.74066294345386,1.5344578343389221,121.57556324577611,-1.3775532266649668,0.4996,0.5021,193.006,199.638,0.677512771
2024-06-18 18:00:35.301812,3167.1354575157166,1,154.86169318024116,-1.7405116587694351,-166.83407157283432,1.4500981551168763,121.44876892956994,-1.3099151365055668,0.5001,0.5021,193.005,199.639,0.677541035
2024-06-18 18:00:36.302795,3168.136440515518,1,155.04668124080607,-1.9555483190839986,-166.60119493072568,1.462215498887498,121.49810122336409,-1.4635699256464543,0.5001,0.5021,193.006,199.638,0.677545626
2024-06-18 18:00:37.308195,3169.141840696335,1,155.05077485814934,-2.0678411113906576,-166.680936853274,1.6101489097829256,121.51022724958935,-1.483387807783908,0.5001,0.5021,193.006,199.639,0.677515082
2024-06-18 18:00:38.311326,3170.144971847534,1,155.08571879780806,-2.108202962617906,-166.6880594713892,1.6211068614619664,121.52447551763645,-1.4579546063393043,0.5007,0.5021,193.006,199.639,0.677503859
2024-06-18 18:00:39.312651,3171.1462960243225,1,155.03221538241263,-2.0181451840194122,-166.63076748380104,1.5918729838023937,121.55507777453103,-1.4619609016451365,0.5007,0.5021,193.007,199.639,0.677524131
2024-06-18 18:00:40.360259,3172.1939041614532,1,154.87316018531482,-1.9553912151130866,-166.81402281304537,1.6236354936302169,121.4675926486801,-1.5263575168541295,0.5007,0.5021,193.006,199.64,0.677581207
2024-06-18 18:00:41.317514,3173.1511595249176,1,155.03155974814155,-2.053896141042644,-166.71459014716504,1.6141904522378108,121.51632150455887,-1.4843600845824907,0.5001,0.5021,193.005,199.639,0.677512907
2024-06-18 18:00:42.320871,3174.154515981674,1,154.98268912766235,-2.1086663170879802,-166.71783081449018,1.7776241053346336,121.47274173115035,-1.4585266905556498,0.5001,0.5021,193.006,199.637,0.677549234
2024-06-18 18:00:43.349075,3175.1827204227448,1,155.03116782463454,-1.9047932135802605,-166.65859291005464,1.6167489493041922,121.59866442384708,-1.4468635328914337,0.4991,0.5021,193.005,199.639,0.67756039
2024-06-18 18:00:44.336309,3176.1699542999268,1,155.0261864796526,-1.898060236255536,-166.65364609611925,1.6100772812435973,121.59688483678897,-1.4635961837003921,0.4996,0.5021,193.006,199.64,0.677531614
2024-06-18 18:00:45.347387,3177.1810324192047,1,155.0133125837959,-1.9412089135518826,-166.69097021991482,1.5279887380912063,121.53485061204421,-1.4111394444355045,0.4991,0.5021,193.005,199.638,0.677532839
2024-06-18 18:00:46.333353,3178.166999101639,1,154.99033881437458,-1.9480761568140599,-166.72317293648393,1.6176531840413093,121.61428557312816,-1.4543327185346384,0.5001,0.5021,193.004,199.639,0.677571139
2024-06-18 18:00:47.337170,3179.170815229416,1,155.0237046474665,-1.877008973680717,-166.69446795455596,1.626917779484913,121.55345430116147,-1.5005223413402125,0.5001,0.5021,193.006,199.638,0.677514539
2024-06-18 18:00:48.364193,3180.197838306427,1,154.92824779672867,-1.9344090020574922,-166.73164272136907,1.4520576812987134,121.46939435522913,-1.4053095906499766,0.4985,0.5021,193.005,199.638,0.677522703
2024-06-18 18:00:49.345238,3181.17888379097,1,155.05991401808132,-1.8370725476923633,-166.6928147052103,1.6455846716507394,121.53047017604679,-1.4518909080117997,0.4991,0.5021,193.006,199.639,0.677552091
2024-06-18 18:00:50.381986,3182.2156319618225,1,154.9870455045552,-1.766878725324174,-166.72856658644022,1.6117126391924665,121.5075192034503,-1.4037796437292611,0.5007,0.5021,193.007,199.64,0.677513791
2024-06-18 18:00:51.349575,3183.1832206249237,1,155.05177855062004,-1.9902624183720319,-166.61411236274625,1.5736830693532902,121.54532269297326,-1.4615561706880844,0.4996,0.5021,193.006,199.64,0.677484265
2024-06-18 18:00:52.381947,3184.2155923843384,1,154.9975108514335,-1.9854007418930864,-166.72104614059964,1.5937682082021603,121.59979554479402,-1.5150720610796677,0.5007,0.5021,193.006,199.639,0.67747753
2024-06-18 18:00:53.371764,3185.205409526825,1,155.15970784704817,-2.095468477849028,-166.57782902290353,1.6293987710011524,121.54674811592749,-1.4377020902508164,0.5007,0.5021,193.006,199.639,0.677525286
2024-06-18 18:00:54.359547,3186.1931924819946,1,155.0027535904158,-2.0493960951072188,-166.67787611159892,1.709649703152407,121.51626672356655,-1.4573397869070228,0.5001,0.5021,193.005,199.639,0.677541885
2024-06-18 18:00:55.363222,3187.196867465973,1,155.0301561313901,-2.0095334962535802,-166.6373022528068,1.5868433359570404,121.57816209712877,-1.4477294425398946,0.5001,0.5021,193.005,199.64,0.677498621
2024-06-18 18:00:56.365954,3188.1995997428894,1,154.9402327230742,-2.0015984248038854,-166.75454130867925,1.5860760996974306,121.57284023534088,-1.5410253977048194,0.4996,0.5021,193.005,199.64,0.677502566
2024-06-18 18:00:57.400089,3189.233734846115,1,155.0522494011935,-1.898695807476352,-166.69023533784016,1.6435135901916744,121.53863991020248,-1.4592366188762491,0.4991,0.5021,193.005,199.639,0.677443335
2024-06-18 18:00:58.392812,3190.226457595825,1,155.22200368068405,-1.8963711878718614,-166.6259092318896,1.5604767801055761,121.52663850930782,-1.457164628156587,0.4991,0.5021,193.006,199.639,0.677606788
2024-06-18 18:00:59.398568,3191.2322137355804,1,154.91244586984936,-1.8929537305198951,-166.76544138603936,1.4802072492233047,121.4517034200074,-1.3964137976357185,0.4996,0.5021,193.006,199.64,0.677531616
2024-06-18 18:01:00.418179,3192.251824617386,1,154.94738030697968,-1.908180294912811,-166.70664060388125,1.4709635389439217,121.469443723331,-1.4819481455485546,0.4991,0.5021,193.005,199.639,0.677538419
2024-06-18 18:01:01.380752,3193.21439743042,1,154.9576144960626,-2.1351045638885666,-166.74746644090524,1.5649534864416887,121.50048774240513,-1.548554377180013,0.5001,0.5021,193.007,199.639,0.67747699
2024-06-18 18:01:02.411229,3194.244874715805,1,154.8399093671609,-1.9997703313883306,-166.82484049341198,1.6009135833384622,121.45788478371843,-1.5394527692626685,0.5001,0.5021,193.006,199.639,0.677505834
2024-06-18 18:01:03.389780,3195.2234256267548,1,155.07124369883866,-1.9550364615322722,-166.51782656690906,1.6724681650495326,121.51035746519848,-1.4505103654757294,0.4996,0.5021,193.005,199.64,0.677537807
2024-06-18 18:01:04.410836,3196.2444818019867,1,155.10411404954485,-1.9637943297345244,-166.61503474921915,1.7257287999530038,121.51473053318564,-1.4616731011609068,0.4996,0.5021,193.005,199.64,0.677503589
2024-06-18 18:01:05.405121,3197.2387664318085,1,154.92310253306727,-1.8618076284494398,-166.73244746797522,1.6376105962314014,121.55798585246495,-1.5269904525532374,0.5001,0.5021,193.005,199.64,0.677492772
2024-06-18 18:01:06.441517,3198.27516245842,1,155.2060523123031,-1.9077832852318863,-166.64330632865128,1.5869536927553196,121.51750106928222,-1.4482723704941294,0.5001,0.5021,193.005,199.64,0.67746862
2024-06-18 18:01:07.635425,3199.469070672989,1,154.87984555144618,-2.057819372344732,-166.80047607421164,1.6445003534560672,121.44350761869035,-1.4504522209747979,0.4996,0.5021,193.006,199.639,0.677609847
2024-06-18 18:01:08.647123,3200.4807691574097,1,155.05630451462824,-1.9967718941042585,-166.58975840703096,1.5024614605228623,121.51914941566748,-1.444465768870844,0.5007,0.5021,193.005,199.639,0.677536106
2024-06-18 18:01:09.615040,3201.44868516922,1,154.84831456219297,-2.041551611844652,-166.80432934882086,1.6448147030894509,121.49116478405264,-1.554494578318657,0.5001,0.5021,193.005,199.639,0.677503929
2024-06-18 18:01:10.622201,3202.455846309662,1,154.97482307517146,-1.950879708494696,-166.66603382194856,1.6854030391732813,121.52236684377237,-1.4571682241581358,0.4996,0.5021,193.006,199.639,0.677610297
2024-06-18 18:01:11.644680,3203.478325843811,1,155.02427493197814,-1.9378233104332732,-166.6154698770502,1.6850105219237779,121.54371368844411,-1.4551315452901559,0.5007,0.5021,193.005,199.639,0.677586921
2024-06-18 18:01:12.631172,3204.464817762375,1,155.06782952075667,-2.0121664567020128,-166.65533933385888,1.5416074446275922,121.53134254922648,-1.4282165090936532,0.5007,0.5021,193.006,199.639,0.677518825
2024-06-18 18:01:13.654620,3205.488265514374,1,155.17420065462557,-1.948710721767374,-166.64492498250468,1.6504182617550145,121.5350933487541,-1.4396577947669338,0.5001,0.5021,193.006,199.64,0.677559508
2024-06-18 18:01:14.668475,3206.5021204948425,1,155.0010635118812,-1.977553482868654,-166.72695332840124,1.614401163014715,121.62713680229413,-1.5125973025660961,0.5001,0.5021,193.006,199.64,0.677569984
2024-06-18 18:01:15.638923,3207.4725689888,1,155.12795275453095,-1.804107081103128,-166.6870700906837,1.5970277630604441,121.52093785325458,-1.4409990727076525,0.5001,0.5021,193.006,199.64,0.677579574
2024-06-18 18:01:16.642819,3208.4764647483826,1,155.08973427440554,-1.97806948576859,-166.39475718074058,1.721993069697332,121.51141536721661,-1.4619627080101256,0.4996,0.5021,193.006,199.639,0.677569234
2024-06-18 18:01:17.660097,3209.4937427043915,1,155.03542401469372,-1.9809593987520273,-166.66413479359065,1.6552424522301952,121.54881591505399,-1.446858497465026,0.5001,0.5021,193.006,199.639,0.677550866
2024-06-18 18:01:18.661791,3210.495436668396,1,154.920613009336,-2.0112661143242714,-166.7617576593435,1.541581147900121,121.49209864712688,-1.3480990028315734,0.4991,0.5021,193.006,199.64,0.677547397
2024-06-18 18:01:19.650987,3211.484632730484,1,154.87399096580654,-1.8753713264637089,-166.79995942098338,1.6353288747073056,121.70229580865582,-1.3270498802258273,0.5007,0.5021,193.005,199.64,0.677547329
2024-06-18 18:01:20.680542,3212.5141875743866,1,155.00810751017124,-1.8056677601967717,-166.6945306673368,1.6246642204618384,121.52858394487838,-1.4862814360046517,0.5007,0.5021,193.005,199.639,0.67752107
2024-06-18 18:01:21.667578,3213.5012238025665,1,154.98439466546233,-2.0860917063069313,-166.70056589692152,1.6187554961302772,121.52955883623748,-1.5219500950165654,0.5001,0.5021,193.005,199.64,0.67754005
2024-06-18 18:01:22.682404,3214.5160496234894,1,154.94464213283862,-2.0070644146520897,-166.74350402703476,1.5981113190147624,121.61257235785712,-1.3988130989329803,0.5001,0.5021,193.004,199.639,0.677547805
2024-06-18 18:01:23.668325,3215.5019702911377,1,155.23077988918078,-1.7420987178886165,-166.64017103560687,1.557212838452929,121.54187839927047,-1.4333427170764863,0.5001,0.5021,193.005,199.639,0.677565697
2024-06-18 18:01:24.673655,3216.5073001384735,1,155.0399164714696,-1.9635058064130657,-166.68666734867608,1.6357523653625132,121.52865046210522,-1.4415154475150105,0.4991,0.5021,193.004,199.639,0.677479981
2024-06-18 18:01:25.677483,3217.5111289024353,1,155.0107504708462,-1.9999369342037205,-166.68934100594922,1.6239886236649075,121.54834790496113,-1.4151867983742794,0.5001,0.5021,193.005,199.639,0.677451341
2024-06-18 18:01:26.682804,3218.5164489746094,1,155.0839662296222,-1.9058541183667619,-166.66534421174316,1.6452978776247686,121.55739730377014,-1.4569782164182545,0.5007,0.5021,193.006,199.64,0.677437735
2024-06-18 18:01:27.690648,3219.5232949256897,1,154.90847973161237,-1.994274558380632,-166.75126300114965,1.6632092287957405,121.53010670016926,-1.5646618722358203,0.4996,0.5021,193.005,199.639,0.677410592
2024-06-18 18:01:28.689304,3220.522949695587,1,154.93870184009583,-1.901571811481375,-166.69659775238156,1.7598608301636827,121.47348098239138,-1.474675215323978,0.5001,0.5021,193.005,199.639,0.677520118
2024-06-18 18:01:29.693504,3221.527149438858,1,155.13005554292846,-1.9712618871769125,-166.65649838424667,1.6811581582422255,121.53592729800123,-1.4378247129191564,0.4996,0.5021,193.005,199.639,0.677545288
2024-06-18 18:01:30.694084,3222.527729988098,1,155.12459178137547,-2.0884854557614574,-166.67613607150295,1.6043249359609155,121.49287671853072,-1.440409116144898,0.4996,0.5021,193.005,199.639,0.677443994
2024-06-18 18:01:31.695400,3223.529045343399,1,155.01362383084034,-1.948858860344901,-166.7018446288886,1.6315589709995517,121.52160083901572,-1.4213782158446746,0.5007,0.5021,193.004,199.638,0.677473042
2024-06-18 18:01:32.710712,3224.5443575382233,1,154.83367003256203,-1.8295235725141235,-166.82040729453155,1.5689419956585495,121.41924238067938,-1.4396475221419591,0.5001,0.5021,193.005,199.639,0.6774676
2024-06-18 18:01:33.698081,3225.531726837158,1,154.889632398788,-1.8347858719017622,-166.79420593009408,1.622222468906408,121.49781012274126,-1.3323033179275852,0.4991,0.5021,193.005,199.639,0.677486716
2024-06-18 18:01:34.702822,3226.5364677906036,1,154.95169603904003,-1.859934356406265,-166.67949072468815,1.5410265961934875,121.52078093740161,-1.439498039712872,0.5001,0.5021,193.005,199.64,0.677459436
2024-06-18 18:01:35.711617,3227.5452625751495,1,155.0634171017579,-1.9306176832610153,-166.5920148404413,1.7136866005634916,121.59667523660919,-1.4471118072888447,0.5007,0.5021,193.004,199.639,0.677553996
2024-06-18 18:01:36.717212,3228.550857067108,1,154.83815765900295,-1.8239544103934802,-166.81190231849828,1.579715295800022,121.42934201906085,-1.4393065062499049,0.5007,0.5021,193.005,199.638,0.677565833
2024-06-18 18:01:37.715676,3229.54932141304,1,154.79834229271165,-1.9934684867766712,-166.809943749702,1.5728354409112306,121.51021534243354,-1.3262666804378362,0.4996,0.5021,193.004,199.638,0.677613316
2024-06-18 18:01:38.721558,3230.5552036762238,1,155.16046014272894,-2.0041211477055674,-166.5913644176032,1.6530999691305595,121.53820407013193,-1.4469202041769014,0.5001,0.5021,193.004,199.638,0.67757454
2024-06-18 18:01:39.725088,3231.558734178543,1,154.95106881274762,-1.984730187519918,-166.71280277328788,1.484790025885446,121.50921419482577,-1.5172671246455707,0.4996,0.5021,193.005,199.639,0.677557531
2024-06-18 18:01:40.730528,3232.564173221588,1,155.01968522318958,-1.8963488977420062,-166.69941232805067,1.5629123558104405,121.5171899576543,-1.452107687704459,0.4996,0.5021,193.005,199.639,0.677563382
2024-06-18 18:01:41.761907,3233.5955522060394,1,155.02735167006009,-1.9080530128351259,-166.60107822987132,1.5000737698178939,121.50743462651818,-1.439452565116514,0.5001,0.5021,193.005,199.638,0.677559912
2024-06-18 18:01:42.742967,3234.5766127109528,1,155.08613094384634,-1.8682796413382778,-166.6833906187159,1.5960228336792783,121.52817404225927,-1.4424036510881808,0.5007,0.5021,193.005,199.639,0.677548551
2024-06-18 18:01:43.755079,3235.588724374771,1,155.074959786311,-1.7885921035641446,-166.6904966618287,1.6055747710079917,121.49812546245514,-1.4877720228984768,0.5001,0.5021,193.005,199.638,0.677531136
2024-06-18 18:01:44.749419,3236.5830647945404,1,155.10777699867077,-1.9274825875053117,-166.59054433696582,1.5310621995266989,121.51416145559257,-1.4404132833257555,0.5007,0.5021,193.005,199.641,0.677520456
2024-06-18 18:01:45.748853,3237.582498073578,1,155.0967465716432,-1.9815708522668591,-166.5074449281599,1.5652754052301954,121.5180146619636,-1.4464075368733416,0.4996,0.5021,193.006,199.64,0.677547191
2024-06-18 18:01:46.748230,3238.581875562668,1,154.9289899871487,-1.9534512003968174,-166.77193738692065,1.4768260020537043,121.48287904626207,-1.539018897734307,0.4996,0.5021,193.004,199.641,0.67758726
2024-06-18 18:01:47.751112,3239.5847573280334,1,154.9163754459477,-2.0460055437754625,-166.74619205449537,1.728172637129243,121.46587398794313,-1.405073954261186,0.5001,0.5021,193.004,199.639,0.677576715
2024-06-18 18:01:48.755485,3240.5891308784485,1,155.0165204311194,-1.8688076071674296,-166.6652831394003,1.487010730218289,121.53390650537871,-1.4849754367777859,0.5001,0.5021,193.004,199.639,0.677518145
2024-06-18 18:01:49.787471,3241.621116399765,1,154.84863909858032,-1.9016040414471285,-166.7613360522833,1.4874062023052503,121.51138326456598,-1.551032983456913,0.5001,0.5021,193.004,199.639,0.677499845
2024-06-18 18:01:50.760453,3242.5940985679626,1,155.02335140895605,-1.9371580164682234,-166.68025889554428,1.7383699209001917,121.53805358054348,-1.4009306701845774,0.5001,0.5021,193.006,199.64,0.677455423
2024-06-18 18:01:51.763936,3243.5975811481476,1,154.96897648632242,-1.8202127561839876,-166.74478420040862,1.6408651023289742,121.49918355520764,-1.3622878631154298,0.5007,0.5021,193.005,199.639,0.677433245
2024-06-18 18:01:52.767143,3244.6007885932922,1,154.8842320040222,-2.124263699059724,-166.7829822602215,1.6783986271919666,121.45430902828248,-1.4987919350153025,0.4996,0.5021,193.004,199.639,0.677383245
2024-06-18 18:01:53.776122,3245.6097676754,1,155.026310576347,-2.017648439287729,-166.69426978225488,1.639184516297711,121.53060527162894,-1.4308702878480732,0.5001,0.5021,193.004,199.639,0.677354333
2024-06-18 18:01:54.807711,3246.641356945038,1,155.05440992714972,-1.9609566333028892,-166.54918290877018,1.4955204898464678,121.50383485461123,-1.4432605446857105,0.4996,0.5021,193.005,199.639,0.677463178
2024-06-18 18:01:55.793238,3247.6268832683563,1,155.1308797838574,-1.8192929893838121,-166.67994988598534,1.584441994308197,121.50499254621792,-1.4481628761503684,0.4991,0.5021,193.004,199.639,0.677468892
2024-06-18 18:01:56.776301,3248.609946489334,1,154.95452213590175,-1.904518263801115,-166.75262485004862,1.6308427289950114,121.59678058993747,-1.3762711098968186,0.4991,0.5021,193.004,199.638,0.677504131
2024-06-18 18:01:57.780548,3249.614193916321,1,155.01174122819057,-1.9532492277880142,-166.72040498952728,1.6436700629761947,121.61574374086752,-1.4933303265787767,0.4991,0.5021,193.004,199.638,0.677506444
2024-06-18 18:01:58.798844,3250.6324899196625,1,154.9863680153323,-1.970764379042942,-166.72665077802634,1.647056767211876,121.63358821272227,-1.4672146142912197,0.5001,0.5021,193.004,199.639,0.677562023
2024-06-18 18:01:59.800517,3251.6341626644135,1,154.88697265134758,-2.0591516189291816,-166.7645304246602,1.4736774184025285,121.44791791887592,-1.4565125603554547,0.5001,0.5021,193.005,199.639,0.677531682
2024-06-18 18:02:00.793649,3252.6272945404053,1,154.91703083496287,-2.0823754009251974,-166.7145017830628,1.6421462124306319,121.51864317259079,-1.4067088491659645,0.5007,0.5021,193.004,199.64,0.677499301
2024-06-18 18:02:01.792131,3253.6257770061493,1,155.17469751412224,-1.977428544750492,-166.65283334877742,1.6494027139563012,121.52649519415806,-1.4518459899651452,0.5007,0.5021,193.004,199.639,0.677577465
2024-06-18 18:02:02.801512,3254.6351573467255,1,155.0329881812143,-1.9865140465881173,-166.60717641008142,1.5377572754361306,121.53305038793212,-1.4454218635722915,0.5001,0.5021,193.004,199.639,0.677608214
2024-06-18 18:02:03.798289,3255.631934404373,1,154.8707339684533,-1.8983776119965885,-166.7808223093946,1.5291233333581056,121.50085624449653,-1.550817970401213,0.4996,0.5021,193.004,199.639,0.677486103
2024-06-18 18:02:04.822636,3256.656281232834,1,155.23663729837241,-1.9566537809389346,-166.60446512927305,1.635280735378972,121.530633149204,-1.4459127022320342,0.4991,0.5021,193.003,199.639,0.67758386
2024-06-18 18:02:05.803156,3257.6368021965027,1,155.02152133005853,-1.9723445244755078,-166.7104562120173,1.564036104026406,121.58706049196604,-1.5076937918724735,0.4991,0.5021,193.003,199.639,0.677515764
2024-06-18 18:02:06.816277,3258.649922132492,1,154.99419519605004,-1.9416766304102038,-166.7102981557843,1.6362791427855308,121.61255340621669,-1.476116135561297,0.5007,0.5021,193.004,199.639,0.677558622
2024-06-18 18:02:07.809191,3259.642836332321,1,155.0194452035974,-1.9890743510096847,-166.69895211447687,1.6216888139702932,121.59241737040452,-1.475668227400628,0.5001,0.5021,193.003,199.64,0.67755073
2024-06-18 18:02:08.813740,3260.647385597229,1,154.8513042595293,-2.004598669875764,-166.7957577967646,1.4060792082562872,121.46730637861735,-1.6091249987475558,0.5007,0.5021,193.005,199.639,0.677518485
2024-06-18 18:02:09.821381,3261.6550261974335,1,154.8949573719656,-2.011032107640701,-166.7771171751894,1.5854558611746885,121.56984023985257,-1.3601636924010667,0.5007,0.5021,193.004,199.639,0.677600799
2024-06-18 18:02:10.820582,3262.654227256775,1,155.03386503729712,-1.9828400381529288,-166.68631399455398,1.6277705806247744,121.5931477250233,-1.4641873384288084,0.5007,0.5021,193.003,199.64,0.677574268
2024-06-18 18:02:11.842337,3263.675982952118,1,154.7923303965165,-1.991268921413702,-166.748994637809,1.483662937475118,121.50235453000337,-1.5354102936837384,0.5007,0.5021,193.004,199.641,0.677604337
2024-06-18 18:02:12.845913,3264.67955827713,1,154.9941070868798,-1.9472363590518307,-166.72998242928261,1.5547029700065922,121.56502494556659,-1.5276128747293798,0.4996,0.5021,193.002,199.64,0.677507874
2024-06-18 18:02:13.826587,3265.6602330207825,1,154.98642745739127,-1.9850154861631935,-166.70623007357935,1.6873547070140467,121.51497996551461,-1.4068915833281652,0.4996,0.5021,193.003,199.639,0.677616856
2024-06-18 18:02:14.831050,3266.664695739746,1,155.10938144121536,-1.9778085082242927,-166.608301217059,1.7036066664025002,121.52118338949553,-1.4288042871071827,0.5001,0.5021,193.003,199.639,0.67754148
2024-06-18 18:02:15.834203,3267.6678483486176,1,155.02076335181485,-2.076426219708635,-166.70972551035987,1.5453422247513744,121.48672183211937,-1.419689462455816,0.5001,0.5021,193.004,199.639,0.677559168
2024-06-18 18:02:16.860125,3268.693771123886,1,154.99726125029574,-1.967829547451685,-166.71129770855515,1.662786951362666,121.59037248781891,-1.5090600419781797,0.4996,0.5021,193.004,199.639,0.677521004
2024-06-18 18:02:17.851256,3269.6849014759064,1,154.89570087918213,-1.8476141767162189,-166.77147295690182,1.5918005024922963,121.51819798187127,-1.549129316283089,0.4991,0.5021,193.004,199.639,0.677502092
2024-06-18 18:02:18.861220,3270.6948657035828,1,154.9046934218682,-1.969517703536213,-166.75921832826344,1.6255492346659504,121.5758442628532,-1.3486727699349021,0.5001,0.5021,193.003,199.64,0.677519031
2024-06-18 18:02:19.848624,3271.682270050049,1,154.69388771097144,-1.978905934211559,-166.8292985561173,1.6032591689930935,121.44645199494524,-1.3492913784279772,0.5007,0.5021,193.003,199.641,0.677490935
2024-06-18 18:02:20.860715,3272.694360733032,1,154.94782423014237,-1.9089829887238274,-166.7154501360237,1.6444840707904127,121.55843922885641,-1.3961340660751784,0.4996,0.5021,193.004,199.64,0.677511888
2024-06-18 18:02:21.861092,3273.6947371959686,1,155.11002432911553,-1.9216058383062051,-166.66857479968075,1.5423314362007385,121.54274714549003,-1.4231600559185384,0.4996,0.5021,193.003,199.639,0.677546989
2024-06-18 18:02:22.868073,3274.701718568802,1,155.04202912684897,-1.8725444900755528,-166.61751614127624,1.5994582396575279,121.55915633240829,-1.4892111918985407,0.4991,0.5021,193.002,199.637,0.677592023
2024-06-18 18:02:23.866300,3275.699945449829,1,154.96562991627303,-1.9815761851092533,-166.67688311931997,1.5044606963725127,121.51983805075304,-1.4052243906096373,0.5001,0.5021,193.003,199.639,0.67751556
2024-06-18 18:02:24.866302,3276.6999475955963,1,155.07242471955863,-2.120220217771661,-166.62404302409146,1.6158286059372733,121.51152464447418,-1.4922000986793715,0.5001,0.5021,193.004,199.638,0.677504403
2024-06-18 18:02:25.870769,3277.704414367676,1,154.9443562964312,-2.119346976360977,-166.73900059257232,1.548516798253115,121.46774632370625,-1.4068837627477546,0.5007,0.5021,193.003,199.638,0.677505766
2024-06-18 18:02:26.900577,3278.7342224121094,1,154.9501722069176,-1.838792024965715,-166.74118895162047,1.670903886770562,121.49314100624272,-1.3819243216987263,0.5001,0.5021,193.005,199.64,0.677546515
2024-06-18 18:02:27.876155,3279.7098009586334,1,155.03202399485616,-1.8294514891558826,-166.70288251214328,1.6050714138874684,121.50484292151357,-1.4350674345613021,0.4996,0.5021,193.004,199.641,0.67758291
2024-06-18 18:02:28.876194,3280.7098393440247,1,155.0066190367145,-1.8197849421995966,-166.68628081137683,1.6464283230045507,121.54363177577615,-1.404612833416384,0.4996,0.5021,193.004,199.64,0.677598012
2024-06-18 18:02:29.915462,3281.74910736084,1,154.99906994562608,-2.038846593871582,-166.69806980563334,1.646552290619277,121.5157746368871,-1.4139309102936164,0.4985,0.5021,193.003,199.639,0.677552433
2024-06-18 18:02:30.883712,3282.7173578739166,1,154.97458731954003,-1.8752776656395376,-166.69244974929165,1.4901445132336006,121.4960634379319,-1.4295389371564924,0.4996,0.5021,193.003,199.639,0.677519575
2024-06-18 18:02:31.887698,3283.7213435173035,1,154.99745481619394,-1.9881046344863498,-166.61962608893472,1.6406504618171858,121.55455372878046,-1.4346553266228301,0.5001,0.5021,193.003,199.639,0.677429098
2024-06-18 18:02:32.905315,3284.7389607429504,1,155.06240611179376,-1.9681285958447676,-166.55808744357412,1.6820575290145297,121.54608911808054,-1.440557672371082,0.4991,0.5021,193.003,199.639,0.677489235
2024-06-18 18:02:33.905588,3285.739233493805,1,155.07803021325967,-1.805389174399601,-166.67923074127933,1.586541014805596,121.51649751163063,-1.4447131168193752,0.5001,0.5021,193.003,199.64,0.677503249
2024-06-18 18:02:34.896381,3286.730026960373,1,155.02889572443132,-2.033394361658661,-166.69680851455,1.5830119545479406,121.52637985588947,-1.4404751434155143,0.4996,0.5021,193.002,199.639,0.677569168
2024-06-18 18:02:35.893947,3287.7275927066803,1,154.916204062458,-2.0884134190302373,-166.70926372500918,1.6137826888443765,121.4973099886688,-1.4986092064322336,0.4991,0.5021,193.003,199.639,0.677535426
2024-06-18 18:02:36.898698,3288.732343673706,1,154.9718111910905,-2.0953525180440793,-166.71200353833052,1.6325587513493685,121.49601843466337,-1.4945434759044658,0.4991,0.5021,193.003,199.639,0.677506786
2024-06-18 18:02:37.900809,3289.734454393387,1,155.14944531097478,-2.0698366454765647,-166.64509352447732,1.5873725173718938,121.52444865052618,-1.437987807147477,0.4991,0.5021,193.003,199.64,0.677536378
2024-06-18 18:02:38.907219,3290.7408640384674,1,154.88865337216893,-2.0335478624416234,-166.76196779736026,1.6046080273296155,121.55002256968645,-1.3436002816962744,0.4996,0.5021,193.003,199.639,0.677578828
2024-06-18 18:02:39.909554,3291.7431995868683,1,154.86018625346338,-2.0029444498276137,-166.66544575492082,1.4906559924306337,121.52286603022097,-1.4557201062605887,0.5001,0.5021,193.003,199.639,0.677545358
2024-06-18 18:02:40.928252,3292.7618975639343,1,154.95768770902936,-1.9221887143324616,-166.64240186386482,1.4720975011367476,121.50323644809535,-1.458098434053812,0.5007,0.5021,193.003,199.639,0.677552433
2024-06-18 18:02:41.913380,3293.7470252513885,1,155.05964684408696,-1.9807342107993318,-166.65004935258125,1.6808371129792272,121.53912176210875,-1.4857161650673982,0.5007,0.5021,193.003,199.64,0.677548759
2024-06-18 18:02:42.919492,3294.7531378269196,1,154.94731277263904,-1.9299821839937734,-166.7282695363972,1.6582969500566607,121.56070036180867,-1.3742239161916092,0.5001,0.5021,193.004,199.64,0.677525358
2024-06-18 18:02:43.922810,3295.756455898285,1,154.97846473361352,-1.5730559596432026,-166.78470269314633,1.6970996955528441,121.40956360586117,-1.4600643200359311,0.5001,0.5021,193.004,199.64,0.677467602
2024-06-18 18:02:44.957201,3296.790846347809,1,154.83196308520937,-1.8679545766964776,-166.81279681596817,1.663464499176927,121.44320609519764,-1.377192927616681,0.4996,0.5021,193.004,199.64,0.677583454
2024-06-18 18:02:45.933132,3297.766777038574,1,154.87030691524947,-1.983367183551989,-166.7807312475766,1.5313251787487359,121.51596418862178,-1.5509230545160757,0.5001,0.5021,193.003,199.641,0.677513657
2024-06-18 18:02:46.935413,3298.769058942795,1,154.9854255685728,-2.089261280196466,-166.65254707605135,1.614621404118702,121.59726048523541,-1.4375354322035785,0.4996,0.5021,193.002,199.64,0.67757808
2024-06-18 18:02:47.938836,3299.7724816799164,1,155.07652710009248,-1.9076044137870882,-166.6745836174251,1.608104438990788,121.58278495775615,-1.4378510805928466,0.5001,0.5021,193.003,199.639,0.677518623
2024-06-18 18:02:48.960118,3300.7937636375427,1,154.98319177657194,-1.8776122039845105,-166.6665558457722,1.6244929579238656,121.58370071752164,-1.486752021424593,0.4991,0.5021,193.004,199.639,0.677624339
2024-06-18 18:02:49.957770,3301.7914159297943,1,154.99857704081245,-1.9490133883769707,-166.58383987550275,1.7547304239099315,121.49685743187163,-1.4340797123345974,0.4996,0.5021,193.004,199.639,0.677554066
2024-06-18 18:02:50.948830,3302.7824761867523,1,155.0745494447701,-1.9014693073215112,-166.5637945156138,1.510178148436831,121.5176237272689,-1.4620959692754114,0.4991,0.5021,193.003,199.639,0.677610121
2024-06-18 18:02:51.959902,3303.79354763031,1,155.04653811619738,-1.9665107263982844,-166.66711547523875,1.6502731441762313,121.54773005948904,-1.4875417383959058,0.4991,0.5021,193.003,199.639,0.677602298
2024-06-18 18:02:52.983089,3304.816734790802,1,155.03507901252547,-1.7992346658950185,-166.70280616868843,1.6405446967600472,121.49610816189157,-1.4516375367490328,0.4991,0.5021,193.003,199.639,0.677593862
2024-06-18 18:02:53.978943,3305.812588453293,1,154.88964294071795,-1.9634828667204978,-166.77169095296495,1.6579747537576253,121.55128643483704,-1.3396560130589217,0.4996,0.5021,193.003,199.641,0.677658557
2024-06-18 18:02:54.964660,3306.7983055114746,1,154.8940905853773,-1.7817123067901486,-166.77369237462318,1.681163566676862,121.47085600975791,-1.3821769409313105,0.5001,0.5021,193.003,199.641,0.677641754
2024-06-18 18:02:55.959084,3307.7927298545837,1,154.95905074776013,-2.1132216058873947,-166.71981506886007,1.6363446071530237,121.48403496204818,-1.494204660253118,0.4991,0.5021,193.003,199.641,0.677562977
2024-06-18 18:02:56.962556,3308.7962017059326,1,154.9735088189266,-1.8712955108949807,-166.6977738193661,1.5883478890510194,121.51305778138698,-1.4050024000127677,0.4991,0.5021,193.003,199.638,0.677658557
2024-06-18 18:02:57.962413,3309.7960584163666,1,154.9512101296177,-1.9266773186225474,-166.7167129352008,1.5828567403244067,121.57407823219204,-1.5072977752492687,0.4996,0.5021,193.004,199.64,0.677620529
2024-06-18 18:02:58.970016,3310.803661108017,1,154.8405919280558,-1.9258664266830716,-166.8350585365556,1.6543911637518833,121.4535137100293,-1.3540423028172635,0.4991,0.5021,193.003,199.64,0.677625019
2024-06-18 18:02:59.981555,3311.815200805664,1,155.03847741121922,-1.9585774522781079,-166.5998838140723,1.4811312004206896,121.49751350492315,-1.4175202119622747,0.4996,0.5021,193.003,199.64,0.677567535
2024-06-18 18:03:00.977024,3312.8106694221497,1,154.87321795775932,-1.9753781953846323,-166.7665695069965,1.655180394382062,121.52869480582793,-1.3291768805476607,0.5007,0.5021,193.003,199.641,0.677567875
2024-06-18 18:03:01.979802,3313.8134479522705,1,155.01626482855409,-1.9994036795820496,-166.68937981002463,1.628772028603331,121.54562550512502,-1.4242581837716533,0.5001,0.5021,193.002,199.64,0.677566787
2024-06-18 18:03:02.985668,3314.8193140029907,1,154.9675411059812,-1.934069668103733,-166.7055053778871,1.5660179992955279,121.58361241392087,-1.4601808781322994,0.4991,0.5021,193.002,199.64,0.6776757
2024-06-18 18:03:03.987210,3315.820855617523,1,155.05102787146603,-2.016093423022336,-166.66001349494303,1.6369578088558296,121.51520280758727,-1.4081544174690879,0.5001,0.5021,193.002,199.64,0.677725905
2024-06-18 18:03:04.988224,3316.8218700885773,1,155.01724787127932,-2.03208320323759,-166.6108231221114,1.6048356699870059,121.55298353672839,-1.4730464583199006,0.4996,0.5021,193.002,199.64,0.677695292
2024-06-18 18:03:06.001768,3317.8354136943817,1,154.92576053396132,-2.0204351333902664,-166.73569868858857,1.705273687587762,121.49063852954612,-1.5207212297862374,0.5001,0.5021,193.002,199.641,0.677647945
2024-06-18 18:03:07.029851,3318.8634963035583,1,154.98151496129188,-2.121085594265123,-166.7236791659629,1.6602618490551135,121.47829420648277,-1.457497242571147,0.4991,0.5021,193.002,199.64,0.677612774
2024-06-18 18:03:07.996510,3319.830155849457,1,154.98504033076574,-1.9708249179795219,-166.72038731281108,1.5431226228180928,121.5660962612654,-1.3876975764084996,0.5007,0.5021,193.002,199.64,0.677625495
2024-06-18 18:03:09.017002,3320.8506479263306,1,155.07577241146538,-1.691664184971908,-166.70822619332415,1.6463472568646806,121.49432285851648,-1.4546916681897852,0.4996,0.5021,193.002,199.639,0.677676108
2024-06-18 18:03:10.013442,3321.8470878601074,1,154.99056250676975,-1.9719414771054296,-166.71230594157373,1.558699963351335,121.54372764136406,-1.4974499170548208,0.4996,0.5021,193.001,199.641,0.677641212
2024-06-18 18:03:11.032786,3322.8664314746857,1,155.1930591928826,-1.9166194532137486,-166.60573351818317,1.5914493970681292,121.52478289326929,-1.4523277085034005,0.5007,0.5021,193.002,199.64,0.677615293
2024-06-18 18:03:12.020456,3323.8541016578674,1,155.06724968653552,-1.9459544688545305,-166.56884409677457,1.710295994859137,121.52128242715338,-1.4378691538109667,0.5001,0.5021,193.002,199.64,0.677646314
2024-06-18 18:03:13.024662,3324.858307361603,1,154.63551033564164,-2.224666051965967,-166.95646392429848,1.5358864770600538,121.32575384233108,-1.3723933914255753,0.5007,0.5021,193.001,199.64,0.677647811
2024-06-18 18:03:14.028544,3325.862189769745,1,154.9209673998215,-1.878791540761235,-166.67887087480517,1.5860879434187551,121.57377790203545,-1.4861288485293904,0.5001,0.5021,193.002,199.64,0.677608626
2024-06-18 18:03:15.021943,3326.855588197708,1,154.96324063976866,-2.0699242687661554,-166.70153258814247,1.7003596029154366,121.49485881447808,-1.4444120449590483,0.5001,0.5021,193.002,199.641,0.677618354
2024-06-18 18:03:16.036944,3327.8705892562866,1,155.09846738772683,-1.9676254212368502,-166.5710741384099,1.67600276088352,121.51619510693776,-1.4357032522896298,0.4996,0.5021,193.0,199.642,0.677640464
2024-06-18 18:03:17.024417,3328.858062982559,1,155.18850558896082,-1.983830833113984,-166.4630688826953,1.417446689364329,121.52315606562127,-1.5057875594008001,0.4996,0.5021,193.002,199.641,0.677715907
2024-06-18 18:03:18.046362,3329.8800072669983,1,154.87240251782242,-2.059324376125977,-166.7599887363382,1.6221815221388607,121.52009669143229,-1.3507107236958713,0.4991,0.5021,193.002,199.64,0.677659307
2024-06-18 18:03:19.029721,3330.863366127014,1,154.9597255176297,-1.9573363984997438,-166.61168570403703,1.4354775928863386,121.48683498689552,-1.4524390202602524,0.4996,0.5021,193.003,199.639,0.677589102
2024-06-18 18:03:20.055638,3331.889283657074,1,155.14696246926434,-2.023896143000023,-166.63131488733222,1.5800441119746615,121.51103441248941,-1.4585971587435815,0.5001,0.5021,193.001,199.641,0.677643321
2024-06-18 18:03:21.059028,3332.892673254013,1,154.97099256020962,-1.876592754576021,-166.7000523993473,1.666279020820251,121.50845344300227,-1.4383804349258829,0.4996,0.5021,193.002,199.641,0.677701211
2024-06-18 18:03:22.040100,3333.8737456798553,1,155.01165830673665,-1.8133334754347703,-166.71037539873447,1.6607651892485578,121.50410792823673,-1.4588569748875222,0.5001,0.5021,193.002,199.64,0.677609169
2024-06-18 18:03:23.043536,3334.877181529999,1,154.87760865986652,-1.94684021326528,-166.7741242593615,1.5760851556755733,121.55024742390076,-1.5515524799609317,0.4996,0.5021,193.002,199.641,0.677539944
2024-06-18 18:03:24.075858,3335.9095039367676,1,154.94188532187488,-1.802853337035104,-166.73325434246183,1.540905084947808,121.47639340060402,-1.4396827330691762,0.5001,0.5021,193.002,199.639,0.677596925
2024-06-18 18:03:25.047847,3336.8814928531647,1,154.98340774484436,-1.923455833607474,-166.6269030436982,1.7670310800369717,121.50329171752965,-1.4801307711577283,0.5007,0.5021,193.002,199.64,0.677612164
2024-06-18 18:03:26.060692,3337.8943371772766,1,154.97628909128318,-2.0696702828214604,-166.69980944389854,1.7072395354521928,121.48742098384179,-1.4589008208292604,0.5007,0.5021,193.003,199.639,0.677690532
2024-06-18 18:03:27.087598,3338.921243906021,1,154.88438468986755,-1.994723117321025,-166.76385166940125,1.5601577371211173,121.54282267267493,-1.5353857663194332,0.5001,0.5021,193.001,199.641,0.677720941
2024-06-18 18:03:28.091943,3339.9255890846252,1,155.1827226378792,-1.9070769348946268,-166.6438182586822,1.6107610840297844,121.50011501458923,-1.4474479263236164,0.4996,0.5021,193.001,199.64,0.677678083
2024-06-18 18:03:29.068511,3340.902156829834,1,155.01633956650306,-1.97945000740831,-166.65659220581202,1.5110383630717845,121.50752842839789,-1.4135156831443096,0.4996,0.5021,193.002,199.64,0.67773686
2024-06-18 18:03:30.078108,3341.9117538928986,1,155.02425773988372,-1.9619042120931462,-166.59235785256513,1.4957290841812882,121.52293438556602,-1.4444193994784753,0.4996,0.5021,193.001,199.641,0.677618763
2024-06-18 18:03:31.080672,3342.914317369461,1,154.77106372211543,-2.0383030835155616,-166.837335125164,1.6206243833818492,121.40773973564465,-1.4109078050617654,0.4991,0.5021,193.002,199.641,0.677697063
2024-06-18 18:03:32.084777,3343.9184222221375,1,154.84200350843008,-1.8166852483724274,-166.76845330479136,1.7092826009297049,121.44190856149038,-1.3934632712992727,0.4996,0.5021,193.002,199.64,0.677643185
2024-06-18 18:03:33.081232,3344.9148774147034,1,154.91748315965037,-1.976321979318083,-166.73928133494434,1.5681935174275663,121.54940929515281,-1.5301465044294766,0.4991,0.5021,193.002,199.64,0.677625769
2024-06-18 18:03:34.082429,3345.9160742759705,1,154.8160711638873,-2.063682759205998,-166.81292068446817,1.5531907829847729,121.46594163385913,-1.5495608304008441,0.4996,0.5021,193.002,199.641,0.677659239
2024-06-18 18:03:35.100515,3346.934160232544,1,154.97452194925674,-1.8569661782716365,-166.6999023934346,1.5969373997785823,121.51268509399135,-1.5022444018203667,0.4996,0.5021,193.002,199.642,0.677668083
2024-06-18 18:03:36.100400,3347.934045791626,1,154.98345471437466,-2.1547226201917136,-166.70065178538147,1.620975187154343,121.49411505991155,-1.468813559143944,0.4996,0.5021,193.0,199.641,0.677666518
2024-06-18 18:03:37.094142,3348.9277873039246,1,154.9981064972858,-2.137833715228127,-166.71161912527762,1.6321570787866888,121.4992792623178,-1.4722438683438925,0.5007,0.5021,193.0,199.64,0.677622028
2024-06-18 18:03:38.099437,3349.933082818985,1,154.7760378289456,-2.0396120196732883,-166.84511688519825,1.6071344843134572,121.4069352123046,-1.413656461996473,0.5007,0.5021,193.001,199.64,0.677567741
2024-06-18 18:03:39.102806,3350.9364519119263,1,155.10927882032755,-2.0294282004884265,-166.56055350500284,1.6102424376711673,121.5129726206709,-1.453213351872799,0.4996,0.5021,193.0,199.641,0.677561211
2024-06-18 18:03:40.106636,3351.940281867981,1,155.17314730831686,-1.9999946744803265,-166.62470173766494,1.5622986064736109,121.51793753428734,-1.4526653153550118,0.5007,0.5021,193.002,199.642,0.67756985
2024-06-18 18:03:41.110351,3352.943996191025,1,154.90956917826378,-2.04946419520973,-166.74768841711028,1.6102386318541424,121.52251546098515,-1.3601960706639975,0.4996,0.5021,193.002,199.64,0.677607266
2024-06-18 18:03:42.115456,3353.9491019248962,1,155.00338002316053,-2.1035720634928916,-166.7091914895887,1.6533142422172737,121.4934952801038,-1.4536782965928574,0.4996,0.5021,193.002,199.641,0.677621007
2024-06-18 18:03:43.128994,3354.962639093399,1,154.91044467554886,-1.9628145290545496,-166.61781825044352,1.2861145653661077,121.44212681181133,-1.38443608071549,0.5007,0.5021,193.002,199.64,0.677577946
2024-06-18 18:03:44.118404,3355.952049255371,1,154.99346282804368,-1.8991073469754554,-166.6009092578508,1.5509561277200714,121.54222711102152,-1.4438827168195298,0.5001,0.5021,193.001,199.64,0.67758917
2024-06-18 18:03:45.161825,3356.9954702854156,1,154.97603204512814,-1.804651767133016,-166.7243324054169,1.564478781809461,121.47900621855726,-1.4508765403282335,0.5001,0.5021,193.001,199.64,0.677581128
2024-06-18 18:03:46.341057,3358.1747028827667,1,155.1247108223692,-1.9190168201618159,-166.64956873888673,1.6021094107664948,121.50847460297726,-1.445822936257738,0.4991,0.5021,193.002,199.64,0.677614067
2024-06-18 18:03:47.360372,3359.1940171718597,1,155.00978823128494,-1.9446419258948948,-166.63293636096947,1.5458618784302038,121.59190157985647,-1.4632708687469296,0.5001,0.5021,193.001,199.64,0.677617644
2024-06-18 18:03:48.365871,3360.199516773224,1,154.92365750507412,-1.866861073098936,-166.7269961572091,1.6955028615592742,121.48716113737743,-1.5097327004003527,0.4996,0.5021,193.002,199.639,0.677566445
2024-06-18 18:03:49.337400,3361.1710455417633,1,154.99813850614578,-1.9135397045173705,-166.67980859406418,1.6503165805536586,121.52305681376008,-1.4476133646441725,0.4996,0.5021,193.002,199.642,0.677704134
2024-06-18 18:03:50.374107,3362.207752466202,1,154.96870645404402,-1.9630679867769028,-166.66739817765858,1.6438724747502034,121.53848775088798,-1.4640642709308314,0.5001,0.5021,193.003,199.64,0.677634269
2024-06-18 18:03:51.374669,3363.20831489563,1,154.98177463531954,-1.9909114704046849,-166.61879318835798,1.552699498985057,121.51881124158128,-1.4504515549334065,0.5001,0.5021,193.002,199.64,0.677645698
2024-06-18 18:03:52.378991,3364.212636947632,1,154.88647080736806,-2.132110115575588,-166.74928728946873,1.5821318701632674,121.48743090695636,-1.5448847898336522,0.5007,0.5021,193.001,199.639,0.677591753
2024-06-18 18:03:53.379846,3365.2134919166565,1,154.90176559502828,-2.0040197089182428,-166.7314562606626,1.5947896103844408,121.60914043725235,-1.5125353357608453,0.4996,0.5021,193.001,199.64,0.677643047
2024-06-18 18:03:54.355106,3366.1887514591217,1,154.99854615652424,-2.038337753774714,-166.6831018296684,1.6300641483985607,121.5276697932155,-1.4471135663039725,0.4996,0.5021,193.001,199.64,0.677668011
2024-06-18 18:03:55.361674,3367.195319414139,1,154.8773249412718,-1.9620787798280641,-166.7011035948154,1.4790658928740164,121.4540390749509,-1.4314540997420124,0.5007,0.5021,193.001,199.641,0.67762597
2024-06-18 18:03:56.363964,3368.1965839862823,1,154.96980043961574,-1.998032594081623,-166.66822380010592,1.683255436275906,121.50087086223714,-1.465260780552085,0.5007,0.5021,193.0,199.641,0.677575084
2024-06-18 18:03:57.368342,3369.2019879817963,1,154.99196160814355,-1.9450185611709645,-166.66337269288783,1.581572295840245,121.52204793110548,-1.4611029019954027,0.4996,0.5021,193.001,199.641,0.677673657
2024-06-18 18:03:58.385115,3370.2187604904175,1,154.95779920503253,-1.8248220181340276,-166.73504246791177,1.7081838879352942,121.47958216124611,-1.5242848716950876,0.4991,0.5021,193.001,199.641,0.677599643
2024-06-18 18:03:59.373228,3371.206873893738,1,154.95551048634357,-1.9785363330307946,-166.70751258823006,1.5693143055525498,121.60679966014446,-1.4218760241118855,0.4991,0.5021,193.0,199.64,0.677615561
2024-06-18 18:04:00.380400,3372.2140457630157,1,154.97673181396888,-1.98467259665775,-166.66999702729345,1.5377262761306727,121.5312548802252,-1.462522253427627,0.5007,0.5021,193.0,199.641,0.677566853
2024-06-18 18:04:01.385217,3373.2188630104065,1,155.05141505959006,-1.957713439393147,-166.51199209190108,1.6143060786643844,121.49916382496525,-1.4390689839727508,0.5001,0.5021,193.0,199.639,0.677639099
2024-06-18 18:04:02.392061,3374.2257068157196,1,154.9997845675021,-1.9651001937245531,-166.6671711532207,1.6240627795914753,121.51938144383837,-1.4340457567732172,0.4991,0.5021,193.001,199.639,0.677597942
2024-06-18 18:04:03.389203,3375.222848892212,1,154.92687934920494,-2.0196323183828304,-166.69425463780334,1.6377831872413708,121.55654394217432,-1.390734481358412,0.4996,0.5021,193.001,199.64,0.677601615
2024-06-18 18:04:04.411620,3376.245265722275,1,154.93217895143377,-1.9934046653128845,-166.71238508250477,1.5814343489425884,121.58851165107774,-1.3924640468956562,0.4996,0.5021,193.001,199.64,0.677625289
2024-06-18 18:04:05.395795,3377.2294402122498,1,155.0000218558803,-1.975871575597317,-166.65838008519236,1.7260771370412027,121.54892466328981,-1.4908643899649836,0.4985,0.5021,193.001,199.641,0.677619439
2024-06-18 18:04:06.400943,3378.234588623047,1,154.91298949947353,-1.9469124776912716,-166.73200662072816,1.6311303136174606,121.51488602531442,-1.4487596216261664,0.5001,0.5021,193.0,199.64,0.677642432
2024-06-18 18:04:07.415934,3379.2495799064636,1,154.9916748146803,-2.0053361632640145,-166.67183023047906,1.6485785980433811,121.5373576015863,-1.4652746073576417,0.5001,0.5021,193.0,199.639,0.67757454
2024-06-18 18:04:08.409171,3380.2428164482117,1,154.854373550481,-1.888791142161658,-166.7710900088087,1.4962959033327043,121.46616787969077,-1.5159436321289712,0.4996,0.5021,193.001,199.641,0.677553792
2024-06-18 18:04:09.439885,3381.2735307216644,1,155.0479876605338,-1.6901683221086976,-166.72850559979,1.5976674959535755,121.46754677823296,-1.4738334484831104,0.4991,0.5021,193.001,199.64,0.677569234
2024-06-18 18:04:10.430242,3382.263887166977,1,155.1110234106634,-1.9036073719499378,-166.52674974037257,1.5719813889478116,121.4960790936364,-1.451238266691452,0.4996,0.5021,193.001,199.64,0.677572771
2024-06-18 18:04:11.427795,3383.261440515518,1,154.86989988965203,-1.952965335408292,-166.76432303900947,1.6602703197521849,121.52010953211087,-1.5576176642676132,0.4996,0.5021,193.001,199.64,0.677622976
2024-06-18 18:04:12.449851,3384.2834963798523,1,154.98250207422464,-1.966219707229315,-166.68332018991174,1.6021942648599838,121.54800694426184,-1.478018242750305,0.4996,0.5021,193.001,199.64,0.677514197
2024-06-18 18:04:13.440885,3385.274530649185,1,154.91621292389908,-1.9067523683263297,-166.71252817273165,1.568535601452997,121.5446853741664,-1.5115207761663125,0.4985,0.5021,193.0,199.64,0.677534674
2024-06-18 18:04:14.439227,3386.2728724479675,1,155.0201650832058,-1.9399084176514718,-166.5481317607344,1.5210752912731098,121.51817442554334,-1.4491975161857709,0.4991,0.5021,193.0,199.64,0.677536374
2024-06-18 18:04:15.430381,3387.2640266418457,1,154.96537556970668,-1.9763562158976948,-166.6931365156407,1.5958963977303882,121.5780754392474,-1.4034343882620046,0.5001,0.5021,193.001,199.641,0.677563994
2024-06-18 18:04:16.464824,3388.298470020294,1,154.85050728789895,-2.0835399816045035,-166.77650290058497,1.695711113816595,121.46344905159077,-1.3865259629507378,0.5007,0.5021,192.999,199.641,0.677524263
2024-06-18 18:04:17.449705,3389.2833502292633,1,154.90840150982632,-2.040779618148026,-166.7366131258356,1.467289769458006,121.4689581381876,-1.5152698385473737,0.5007,0.5021,193.0,199.641,0.677612836
2024-06-18 18:04:18.451140,3390.284785747528,1,154.99889862914245,-1.9486081906309378,-166.64504026392024,1.6093878756085676,121.57103846321915,-1.4497544281447978,0.5001,0.5021,193.0,199.64,0.677618687
2024-06-18 18:04:19.466817,3391.3004627227783,1,154.80139023118036,-1.9674858497506433,-166.78054824346705,1.468632198447646,121.42424498151814,-1.449105735785844,0.4996,0.5021,192.999,199.64,0.677558414
2024-06-18 18:04:20.446622,3392.2802681922913,1,154.8996682339091,-1.9381168530739128,-166.74052277350918,1.638741123860499,121.60223477829881,-1.50804775284277,0.4996,0.5021,192.999,199.639,0.677633653
2024-06-18 18:04:21.448232,3393.281877756119,1,155.05303506292537,-1.787250452551717,-166.678734357587,1.6037802800012901,121.49871330334352,-1.4682434434953677,0.5001,0.5021,193.0,199.639,0.677671205
2024-06-18 18:04:22.465798,3394.29944396019,1,155.01617933130768,-1.8634540857716497,-166.6482485594734,1.6511534789527391,121.52937166799552,-1.4755871965669436,0.4996,0.5021,192.999,199.639,0.677702634
2024-06-18 18:04:23.458985,3395.292630672455,1,155.0161574285779,-1.9005035382228774,-166.64523899050866,1.5569230457908734,121.52290498652943,-1.4426601939181583,0.4996,0.5021,192.999,199.639,0.677622292
2024-06-18 18:04:24.458795,3396.2924406528473,1,154.91929786956916,-2.0277300453641334,-166.68270767586205,1.4671705996966058,121.46697472161037,-1.446363682376852,0.4996,0.5021,193.0,199.641,0.677687259
2024-06-18 18:04:25.480089,3397.3137345314026,1,155.0802414482944,-1.9629866369448181,-166.65040016638304,1.553464701396791,121.53597950324045,-1.441316729685951,0.4996,0.5021,193.0,199.641,0.677651476
2024-06-18 18:04:26.482505,3398.316150903702,1,154.86135597204063,-1.9316499370419353,-166.74384688885164,1.699190522338017,121.49588223189964,-1.534329312285488,0.5001,0.5021,193.0,199.641,0.677649231
2024-06-18 18:04:27.499018,3399.332663297653,1,154.93335841856154,-1.8592204653321958,-166.70197903586325,1.6144713371115178,121.54089039902493,-1.3944359744396118,0.5007,0.5021,193.0,199.64,0.677662837
2024-06-18 18:04:28.469762,3400.303407430649,1,155.0509539904372,-1.9447722840508146,-166.51273698872376,1.635585860061638,121.5155162400034,-1.4574235636077535,0.5001,0.5021,193.0,199.64,0.677637939
2024-06-18 18:04:29.512854,3401.346499681473,1,154.96680831165526,-1.9003883855841244,-166.68310190767465,1.5432512376389556,121.53702173326087,-1.4830359715332164,0.5001,0.5021,192.998,199.641,0.677641952
2024-06-18 18:04:30.499893,3402.333538532257,1,155.05559803446948,-1.8938174930331533,-166.66281036458415,1.5588103619259646,121.50647302093213,-1.4724355845494965,0.5001,0.5021,192.998,199.64,0.677667463
2024-06-18 18:04:31.484347,3403.3179924488068,1,155.03581735435262,-2.0626261009747275,-166.60991774645476,1.5886541826195903,121.51670269550465,-1.4232249110873716,0.4991,0.5021,193.0,199.641,0.677608212
2024-06-18 18:04:32.486907,3404.3205518722534,1,154.80126928834008,-1.9133073241803065,-166.7969416396795,1.8132421845338558,121.48848752665302,-1.608026903377271,0.5001,0.5021,193.001,199.64,0.677632296
2024-06-18 18:04:33.488398,3405.322043657303,1,155.00890446581403,-1.8543324481518542,-166.66168604388855,1.5945655812370982,121.51452824576471,-1.4690092212482435,0.4996,0.5021,193.001,199.641,0.677688011
2024-06-18 18:04:34.490702,3406.324347257614,1,154.92695290813586,-1.8225038949747816,-166.71447912818982,1.6112432781623833,121.52451063639997,-1.3830857704063948,0.4991,0.5021,193.001,199.64,0.677583452
2024-06-18 18:04:35.492850,3407.3264951705933,1,154.891799217979,-2.1044956569547404,-166.7642320180978,1.6704088090442408,121.46294463340163,-1.3949782714105845,0.5001,0.5021,192.999,199.64,0.677690052
2024-06-18 18:04:36.497000,3408.3306453227997,1,155.05280266844414,-2.1086161769651106,-166.61223325963977,1.590356085801298,121.5164032558205,-1.409919740151488,0.4996,0.5021,193.0,199.641,0.677696787
2024-06-18 18:04:37.519645,3409.353290081024,1,154.83630746918558,-2.2156297903914703,-166.77701424095957,1.6083357421488411,121.49601159458109,-1.6007995378305728,0.4991,0.5021,192.999,199.639,0.677636854
2024-06-18 18:04:38.509735,3410.343380689621,1,154.8614158001446,-2.0052201279361674,-166.76081573237914,1.594124127299866,121.58707615537621,-1.3680999857442637,0.4991,0.5021,193.0,199.64,0.67764488
2024-06-18 18:04:39.510273,3411.3439185619354,1,155.03779439561015,-1.9757434024275096,-166.6048167222404,1.662797108709962,121.53033092087317,-1.4441906032606915,0.4996,0.5021,193.0,199.64,0.677617532
2024-06-18 18:04:40.512675,3412.34632062912,1,154.99971378251377,-1.9509576274345004,-166.64723023263073,1.5757337061249261,121.52992695723597,-1.4398290461076821,0.4996,0.5021,192.999,199.64,0.67763032
2024-06-18 18:04:41.522431,3413.356077194214,1,154.97392041266525,-1.7385324866999485,-166.73570018621626,1.621035976180724,121.45464520654104,-1.4309262285063653,0.5001,0.5021,192.999,199.638,0.677623517
2024-06-18 18:04:42.536417,3414.3700625896454,1,154.83959557209,-1.8333429633119538,-166.77888335002643,1.6144220045508522,121.4975249470194,-1.3431213845274637,0.4996,0.5021,192.998,199.64,0.677697463
2024-06-18 18:04:43.526006,3415.3596518039703,1,155.05243151068223,-2.0908510301758434,-166.6314408161687,1.6481339581514622,121.51878515988506,-1.4432502016448527,0.4996,0.5021,192.999,199.64,0.677663381
2024-06-18 18:04:44.531897,3416.3655421733856,1,155.00858997949894,-1.9253016820861975,-166.67956405805361,1.5794436464409716,121.52758447589636,-1.4580891226201373,0.4996,0.5021,193.0,199.64,0.677612088
2024-06-18 18:04:45.525413,3417.3590581417084,1,155.25068670582579,-1.8030603622636212,-166.53566842853004,1.7480604936216027,121.5368580508865,-1.448521388525577,0.4996,0.5021,192.999,199.639,0.677664402
2024-06-18 18:04:46.533728,3418.3673737049103,1,155.01139821595984,-1.9308509408478434,-166.56542513597424,1.511945889450379,121.50419864532496,-1.437769657373689,0.4991,0.5021,193.0,199.64,0.677635694
2024-06-18 18:04:47.530779,3419.3644247055054,1,154.96282861240604,-1.9877371114742164,-166.66002138344587,1.5148551139307869,121.50910256303276,-1.4470936579740343,0.4996,0.5021,192.999,199.64,0.677667939
2024-06-18 18:04:48.541134,3420.3747794628143,1,154.96943147241467,-1.9728064831781937,-166.6268818201927,1.523199654732663,121.53340484310559,-1.4413614556388497,0.4985,0.5021,192.999,199.641,0.677668143
2024-06-18 18:04:49.540777,3421.3744225502014,1,154.99659964023013,-2.0004923946608515,-166.617950926949,1.6671518113209376,121.53107660353507,-1.4540863094583323,0.5001,0.5021,192.999,199.641,0.67772767
2024-06-18 18:04:50.543840,3422.377485513687,1,154.90608389252876,-1.9387133622803794,-166.6576626138873,1.5395882728209707,121.52899686838501,-1.4436449491725358,0.4996,0.5021,192.999,199.64,0.677736242
2024-06-18 18:04:51.545988,3423.3796334266663,1,155.08831348135783,-1.8555272673213807,-166.67068770282864,1.6657846837729842,121.55927308822585,-1.4475118601175294,0.4996,0.5021,192.998,199.64,0.677665696
